category,room_count,bathroom_count,size,price,city,region,price_per_m2,log_price,budget_tier,size_tier
0,0.1,0.125,0.0303030303030303,0.08470290771175726,0,5,0.05855123232828725,0.4733938331442715,1,1
3,0.0,0.125,0.03535353535353536,0.006321112515802781,0,5,0.008882772425872638,0.09719500876559761,0,1
3,0.0,0.125,0.025252525252525252,0.008849557522123892,0,5,0.013386713374202424,0.1266886665979169,0,1
0,0.1,0.125,0.0404040404040404,0.15802781289506954,0,11,0.08294757913174026,0.6001340620810562,1,1
4,0.1,0.125,0.0,0.1529709228824273,0,11,0.40573001376204176,0.5933793956893887,1,0
4,0.0,0.125,0.0101010101010101,0.10240202275600505,0,4,0.13987238833979732,0.511189027534289,1,0
5,0.4,0.375,0.10101010101010101,0.49431099873577744,0,21,0.11284874264981858,0.8447973600082501,3,3
0,0.20000000000000004,0.125,0.08080808080808081,0.06447534766118837,0,11,0.02001751532591017,0.4206455604826236,0,2
0,0.20000000000000004,0.125,0.11616161616161617,0.1150442477876106,0,4,0.024146127861879144,0.5347014540579562,1,3
0,0.1,0.125,0.0303030303030303,0.08975979772439949,0,54,0.061678969097960716,0.48484067237289885,1,1
5,0.20000000000000004,0.125,0.055555555555555566,0.30467762326169406,0,41,0.11947954460152632,0.7396617510570282,2,2
4,0.0,0.125,0.02272727272727273,0.9999999999999999,0,66,0.7690479169273113,1.0000000000000002,3,1
0,0.0,0.125,0.03535353535353536,0.03286978508217446,0,54,0.02339547103715751,0.30045374858203555,0,1
4,0.1,0.25,0.20707070707070707,0.8735777496839443,0,84,0.10096334292505943,0.9700938434567394,3,3
0,0.1,0.125,0.02777777777777778,0.10872313527180782,0,117,0.07831852871262354,0.5232546148293287,1,1
5,0.4,0.25,0.24242424242424243,0.24146649810366622,0,5,0.024146127861879144,0.6896978446942355,2,3
0,0.1,0.125,0.0303030303030303,0.011378002528445006,0,41,0.01313649443262855,0.1527276477261008,0,1
5,0.4,0.25,0.21717171717171715,0.6207332490518331,0,5,0.06868509946202926,0.8947612663710427,3,3
4,0.30000000000000004,0.125,0.05050505050505051,0.018963337547408345,0,5,0.011635180783185286,0.2165618232443025,0,2
0,0.1,0.125,0.0404040404040404,0.24146649810366622,0,41,0.12423370449143,0.6896978446942355,2,1
0,0.1,0.125,0.0303030303030303,0.09481668773704172,0,54,0.06480670586763417,0.49577188821284945,1,1
4,0.0,0.25,0.10101010101010101,0.24146649810366622,0,84,0.056049042912548475,0.6896978446942355,2,3
0,0.0,0.25,0.045454545454545456,0.2920353982300885,0,5,0.13561866633304143,0.7304836547385791,2,2
0,0.20000000000000004,0.125,0.0707070707070707,0.2920353982300885,0,41,0.09295633679469535,0.7304836547385791,2,2
5,0.1,0.125,0.05050505050505051,0.0720606826801517,0,117,0.033529338170899536,0.4418892440961124,1,2
0,0.1,0.125,0.02777777777777778,0.011378002528445006,0,5,0.014137370198924056,0.1527276477261008,0,1
0,0.20000000000000004,0.25,0.0707070707070707,0.3324905183312263,0,84,0.1054672838733892,0.758533567082603,2,2
0,0.1,0.125,0.04444444444444444,0.011378002528445006,0,5,0.00950831977980733,0.1527276477261008,0,2
4,0.0,0.125,0.0404040404040404,0.4437420986093552,0,4,0.22432128112098085,0.8212333711457154,3,1
5,0.20000000000000004,0.125,0.055555555555555566,0.2920353982300885,0,66,0.11460027524083573,0.7304836547385791,2,2
0,0.1,0.125,0.024242424242424242,0.16561314791403287,0,4,0.1278618791442512,0.6099309064659173,1,1
0,0.30000000000000004,0.25,0.10606060606060606,0.4437420986093552,0,84,0.09708494933066432,0.8212333711457154,3,3
0,0.1,0.125,0.0404040404040404,0.1125158027812895,0,54,0.060427874390091334,0.5302155305764671,1,1
0,0.20000000000000004,0.25,0.045454545454545456,0.24146649810366622,0,3,0.11284874264981858,0.6896978446942355,2,2
2,0.1,0.125,0.02777777777777778,0.021491782553729452,0,3,0.020768172150631804,0.23435083015365588,0,1
3,0.0,0.125,0.015151515151515152,0.01011378002528445,0,41,0.020392843738270987,0.14009487470351667,0,0
3,0.1,0.125,0.025252525252525252,0.011378002528445006,0,41,0.015263355436006506,0.1527276477261008,0,1
0,0.0,0.125,0.02272727272727273,0.19089759797724398,0,41,0.1531339922432128,0.6397855006703106,2,1
0,0.0,0.125,0.031818181818181815,0.22882427307206066,0,84,0.14237457775553608,0.6782510054656081,2,1
0,0.1,0.25,0.05050505050505051,0.2920353982300885,0,66,0.12423370449143,0.7304836547385791,2,2
0,0.0,0.125,0.015151515151515152,0.06447534766118837,0,11,0.07418991617665456,0.4206455604826236,0,0
0,0.1,0.125,0.045454545454545456,0.2161820480404551,0,4,0.10146378080820717,0.6661338558317005,2,2
1,0.30000000000000004,0.25,0.1919191919191919,0.7471554993678887,0,5,0.09295633679469535,0.9355986387542541,3,3
4,0.0,0.0,0.0404040404040404,0.1529709228824273,0,66,0.08044538971600149,0.5933793956893887,1,1
0,0.20000000000000004,0.125,0.24242424242424243,0.3324905183312263,0,84,0.03315400975853872,0.758533567082603,2,3
5,0.1,0.125,0.09090909090909091,0.021491782553729452,0,5,0.007256349305642438,0.23435083015365588,0,2
0,0.0,0.125,0.0035353535353535356,0.006321112515802781,0,5,0.03152758663830852,0.09719500876559761,0,0
0,0.0,0.125,0.025252525252525252,0.1984829329962073,0,66,0.14750406605780056,0.648035474889141,2,1
0,0.1,0.25,0.05050505050505051,0.013906447534766117,0,41,0.00950831977980733,0.17608538723316491,0,2
0,0.1,0.125,0.0393939393939394,0.12768647281921616,0,117,0.06931064681596397,0.5560482623491803,1,1
0,0.1,0.125,0.020202020202020204,0.08470290771175726,0,11,0.07831852871262354,0.4733938331442715,1,1
0,0.20000000000000004,0.125,0.03282828282828283,0.02654867256637168,0,54,0.02114350056299262,0.26616479323502107,0,1
0,0.1,0.125,0.055555555555555566,0.17825537294563842,0,84,0.07131239834855498,0.625348045787357,2,2
0,0.1,0.125,0.05050505050505051,0.16561314791403287,0,84,0.07206305517327662,0.6099309064659173,1,2
0,0.30000000000000004,0.25,0.045454545454545456,0.1984829329962073,0,5,0.09358188414863004,0.648035474889141,2,2
0,0.20000000000000004,0.25,0.06060606060606061,0.34260429835651074,0,5,0.12423370449143,0.7649788594410643,2,2
5,0.1,0.125,0.055555555555555566,0.1529709228824273,0,54,0.061678969097960716,0.5933793956893887,1,2
5,0.30000000000000004,0.125,0.045454545454545456,0.3173198482932996,0,41,0.14700362817465282,0.7484273486645356,2,2
0,0.1,0.125,0.03535353535353536,0.011378002528445006,0,5,0.011635180783185286,0.1527276477261008,0,1
0,0.1,0.25,0.0404040404040404,0.20353982300884954,0,84,0.1054672838733892,0.6533463957925132,2,1
0,0.0,0.125,0.0303030303030303,0.018963337547408345,0,84,0.017890654322532215,0.2165618232443025,0,1
0,0.20000000000000004,0.125,0.055555555555555566,0.34260429835651074,0,66,0.13386713374202427,0.7649788594410643,2,2
5,0.20000000000000004,0.125,0.03535353535353536,0.10745891276864727,0,84,0.06443137745527336,0.520882747241415,1,1
0,0.0,0.125,0.03282828282828283,0.22882427307206066,0,84,0.13899662204428875,0.6782510054656081,2,1
0,0.20000000000000004,0.125,0.055555555555555566,0.018963337547408345,0,5,0.010634305016889778,0.2165618232443025,0,2
0,0.20000000000000004,0.125,0.0303030303030303,0.10240202275600505,0,11,0.0694357562867509,0.511189027534289,1,1
5,0.30000000000000004,0.25,0.16666666666666666,0.4184576485461441,0,5,0.05992743650694358,0.8084459111065281,3,3
5,0.30000000000000004,0.25,0.1414141414141414,0.19089759797724398,0,5,0.032528462404604025,0.6397855006703106,2,3
0,0.0,0.125,0.0101010101010101,0.06447534766118837,0,54,0.09295633679469535,0.4206455604826236,0,0
5,0.1,0.125,0.0404040404040404,0.061946902654867256,0,21,0.03540598023270362,0.413065896669073,0,1
5,0.1,0.125,0.0303030303030303,0.08470290771175726,0,3,0.05855123232828725,0.4733938331442715,1,1
5,0.1,0.125,0.03535353535353536,0.0518331226295828,0,117,0.03390466658326035,0.37996287511601534,0,1
0,0.20000000000000004,0.125,0.045454545454545456,0.18836915297092288,0,84,0.0889528337295133,0.6370011343714552,2,2
0,0.1,0.125,0.0404040404040404,0.08975979772439949,0,117,0.04916802201926686,0.48484067237289885,1,1
1,0.1,0.125,0.03535353535353536,0.2161820480404551,0,41,0.12423370449143,0.6661338558317005,2,1
5,0.20000000000000004,0.125,0.055555555555555566,0.08217446270543616,0,84,0.034780432878768926,0.467464164174487,1,2
0,0.30000000000000004,0.25,0.08080808080808081,0.2920353982300885,0,3,0.08257225071937944,0.7304836547385791,2,2
5,0.5000000000000001,0.375,0.16666666666666666,0.709228824273072,0,3,0.10096334292505943,0.924100237186759,3,3
1,0.20000000000000004,0.125,0.05606060606060606,0.6207332490518331,0,54,0.2378331039659702,0.8947612663710427,3,2
1,0.1,0.125,0.0404040404040404,0.393173198482933,0,54,0.19929938696359314,0.7948850159843253,3,1
0,0.1,0.125,0.02272727272727273,0.14032869785082175,0,3,0.11460027524083573,0.5754872641022999,1,1
0,0.20000000000000004,0.25,0.06565656565656566,0.12768647281921616,0,11,0.04503940948329788,0.5560482623491803,1,2
0,0.20000000000000004,0.125,0.0303030303030303,0.19089759797724398,0,41,0.12423370449143,0.6397855006703106,2,1
0,0.1,0.125,0.020202020202020204,0.1529709228824273,0,41,0.13461779056674592,0.5933793956893887,1,1
3,0.0,0.125,0.020202020202020204,0.006321112515802781,0,41,0.01376204178656324,0.09719500876559761,0,1
5,0.20000000000000004,0.125,0.06818181818181819,0.10619469026548672,0,100,0.036657074940573,0.5185108796535012,1,2
0,0.1,0.125,0.03787878787878787,0.011378002528445006,0,5,0.011009633429250593,0.1527276477261008,0,1
0,0.1,0.125,0.03787878787878787,0.011378002528445006,0,5,0.011009633429250593,0.1527276477261008,0,1
0,0.0,0.125,0.015151515151515152,0.1529709228824273,0,41,0.16176654572751156,0.5933793956893887,1,0
0,0.0,0.125,0.0303030303030303,0.011378002528445006,0,84,0.01313649443262855,0.1527276477261008,0,1
0,0.20000000000000004,0.125,0.055555555555555566,0.1529709228824273,0,100,0.061678969097960716,0.5933793956893887,1,2
0,0.20000000000000004,0.125,0.04292929292929293,0.17825537294563842,0,54,0.08845239584636555,0.625348045787357,2,2
0,0.20000000000000004,0.125,0.06565656565656566,0.1529709228824273,0,84,0.05329663455523583,0.5933793956893887,1,2
0,0.0,0.125,0.025252525252525252,0.05941845764854614,0,5,0.04916802201926686,0.40522842116118407,0,1
0,0.1,0.125,0.03535353535353536,0.17825537294563842,0,3,0.10334042287001124,0.625348045787357,2,1
5,0.30000000000000004,0.125,0.0404040404040404,0.12262958280657396,0,54,0.06543225322156886,0.5477467257914819,1,1
0,0.30000000000000004,0.125,0.045454545454545456,0.14032869785082175,0,3,0.06730889528337294,0.5754872641022999,1,2
0,0.20000000000000004,0.25,0.09090909090909091,0.5701643489254108,0,41,0.1430001251094708,0.8760956997009386,3,2
4,0.1,0.125,0.0707070707070707,0.19089759797724398,0,84,0.061678969097960716,0.6397855006703106,2,2
0,0.1,0.25,0.06060606060606061,0.30467762326169406,0,41,0.11084699111722757,0.7396617510570282,2,2
0,0.1,0.125,0.045454545454545456,0.26675094816687733,0,41,0.12423370449143,0.7110446529854595,2,2
0,0.1,0.25,0.06565656565656566,0.36788874841972186,0,41,0.12423370449143,0.7804475611013717,2,2
0,0.20000000000000004,0.125,0.03282828282828283,0.0720606826801517,0,117,0.04766670836982359,0.4418892440961124,1,1
4,0.0,0.125,0.09090909090909091,0.34260429835651074,0,84,0.08670086325534843,0.7649788594410643,2,2
0,0.20000000000000004,0.25,0.05808080808080808,0.2161820480404551,0,84,0.08257225071937944,0.6661338558317005,2,2
0,0.20000000000000004,0.25,0.055555555555555566,0.34260429835651074,0,84,0.13386713374202427,0.7649788594410643,2,2
0,0.0,0.125,0.023232323232323233,0.1529709228824273,0,66,0.1223570624296259,0.5933793956893887,1,1
0,0.0,0.125,0.00808080808080808,0.08975979772439949,0,4,0.1381208557487802,0.48484067237289885,1,0
0,0.0,0.125,0.025252525252525252,0.1984829329962073,0,66,0.14750406605780056,0.648035474889141,2,1
0,0.0,0.125,0.03535353535353536,0.011378002528445006,0,5,0.011635180783185286,0.1527276477261008,0,1
3,0.0,0.125,0.03535353535353536,0.011378002528445006,0,5,0.011635180783185286,0.1527276477261008,0,1
3,0.0,0.125,0.03535353535353536,0.011378002528445006,0,5,0.011635180783185286,0.1527276477261008,0,1
3,0.0,0.125,0.03535353535353536,0.011378002528445006,0,5,0.011635180783185286,0.1527276477261008,0,1
0,0.1,0.125,0.0303030303030303,0.13527180783817952,0,3,0.08982860002502188,0.5679076002887493,1,1
0,0.20000000000000004,0.125,0.055555555555555566,0.34260429835651074,0,66,0.13386713374202427,0.7649788594410643,2,2
0,0.1,0.125,0.0404040404040404,0.046776232616940576,0,11,0.0278994119854873,0.36134887078477873,0,1
0,0.0,0.125,0.020202020202020204,0.1529709228824273,0,66,0.13461779056674592,0.5933793956893887,1,1
0,0.1,0.125,0.0404040404040404,0.19089759797724398,0,84,0.09921181033404228,0.6397855006703106,2,1
3,0.1,0.125,0.025252525252525252,0.008849557522123892,0,41,0.013386713374202424,0.1266886665979169,0,1
0,0.20000000000000004,0.125,0.0404040404040404,0.16561314791403287,0,11,0.08670086325534843,0.6099309064659173,1,1
0,0.20000000000000004,0.375,0.08585858585858586,0.6207332490518331,0,41,0.16376829726010259,0.8947612663710427,3,2
1,0.6000000000000001,0.5,0.1919191919191919,0.7471554993678887,0,4,0.09295633679469535,0.9355986387542541,3,3
0,0.0,0.125,0.03535353535353536,0.011378002528445006,0,5,0.011635180783185286,0.1527276477261008,0,1
0,0.0,0.125,0.025252525252525252,0.3299620733249052,0,84,0.24046040285249592,0.756883572238837,2,1
0,0.1,0.125,0.0404040404040404,0.20353982300884954,0,84,0.1054672838733892,0.6533463957925132,2,1
0,0.20000000000000004,0.25,0.06060606060606061,0.24146649810366622,0,21,0.08845239584636555,0.6896978446942355,2,2
0,0.0,0.125,0.0303030303030303,0.2161820480404551,0,84,0.13987238833979732,0.6661338558317005,2,1
0,0.0,0.125,0.03535353535353536,0.011378002528445006,0,5,0.011635180783185286,0.1527276477261008,0,1
0,0.0,0.125,0.03535353535353536,0.011378002528445006,0,5,0.011635180783185286,0.1527276477261008,0,1
1,0.1,0.125,0.031818181818181815,0.2161820480404551,0,5,0.13474290003753284,0.6661338558317005,2,1
0,0.0,0.125,0.03787878787878787,0.17825537294563842,0,66,0.09783560615538595,0.625348045787357,2,1
0,0.1,0.125,0.05050505050505051,0.16561314791403287,0,54,0.07206305517327662,0.6099309064659173,1,2
0,0.1,0.125,0.06565656565656566,0.34260429835651074,0,41,0.11585136994870511,0.7649788594410643,2,2
0,0.0,0.125,0.015151515151515152,0.1150442477876106,0,41,0.12423370449143,0.5347014540579562,1,0
2,0.20000000000000004,0.375,0.1919191919191919,0.08975979772439949,0,84,0.011635180783185286,0.48484067237289885,1,3
0,0.1,0.125,0.025252525252525252,0.10998735777496839,0,11,0.08494933066433129,0.525574920078375,1,1
0,0.20000000000000004,0.25,0.055555555555555566,0.22882427307206066,0,66,0.09057925684974351,0.6782510054656081,2,2
0,0.20000000000000004,0.125,0.03282828282828283,0.2161820480404551,0,5,0.13161516326785938,0.6661338558317005,2,1
0,0.0,0.125,0.012626262626262628,0.1150442477876106,0,66,0.1381208557487802,0.5347014540579562,1,0
0,0.0,0.125,0.0303030303030303,0.17825537294563842,0,84,0.11647691730263982,0.625348045787357,2,1
1,0.1,0.25,0.03535353535353536,0.19089759797724398,0,66,0.11034655323407981,0.6397855006703106,2,1
0,0.30000000000000004,0.125,0.048989898989898986,0.12768647281921616,0,117,0.05792568497435256,0.5560482623491803,1,2
0,0.0,0.125,0.025252525252525252,0.1984829329962073,0,66,0.14750406605780056,0.648035474889141,2,1
5,0.4,0.375,0.1919191919191919,0.9241466498103665,0,84,0.1148504941824096,0.9825203671238529,3,3
5,0.30000000000000004,0.375,0.16666666666666666,0.8735777496839443,0,84,0.12423370449143,0.9700938434567394,3,3
2,0.30000000000000004,0.25,0.06565656565656566,0.038432364096080904,0,5,0.01551357437758038,0.3268536660822936,0,2
0,0.0,0.125,0.03282828282828283,0.24146649810366622,0,41,0.14625297134993118,0.6896978446942355,2,1
3,0.1,0.125,0.025252525252525252,0.07964601769911504,0,5,0.06343050168897785,0.4613282458492318,1,1
5,0.20000000000000004,0.25,0.09090909090909091,0.1529709228824273,0,3,0.03978481171024646,0.5933793956893887,1,2
0,0.1,0.125,0.03535353535353536,0.19089759797724398,0,3,0.11034655323407981,0.6397855006703106,2,1
0,0.20000000000000004,0.25,0.055555555555555566,0.2920353982300885,0,84,0.11460027524083573,0.7304836547385791,2,2
5,0.1,0.125,0.05050505050505051,0.07711757269279393,0,21,0.035656199174277495,0.4550376405073735,1,2
5,0.20000000000000004,0.25,0.0707070707070707,0.06700379266750947,0,117,0.02339547103715751,0.4279674126018356,1,2
5,0.20000000000000004,0.125,0.045454545454545456,0.17825537294563842,0,84,0.08444889278118353,0.625348045787357,2,2
0,0.30000000000000004,0.25,0.06565656565656566,0.393173198482933,0,4,0.1326160390341549,0.7948850159843253,3,2
0,0.1,0.125,0.03535353535353536,0.1150442477876106,0,4,0.06868509946202926,0.5347014540579562,1,1
0,0.20000000000000004,0.125,0.0404040404040404,0.08470290771175726,0,4,0.046665832603528086,0.4733938331442715,1,1
0,0.0,0.125,0.021212121212121213,0.008849557522123892,0,5,0.015263355436006506,0.1266886665979169,0,1
4,0.1,0.25,0.20202020202020202,0.6207332490518331,0,84,0.07356436882271987,0.8947612663710427,3,3
0,0.1,0.125,0.0404040404040404,0.16561314791403287,0,54,0.08670086325534843,0.6099309064659173,1,1
0,0.1,0.125,0.03787878787878787,0.20353982300884954,0,41,0.11109721005880144,0.6533463957925132,2,1
4,0.0,0.125,0.11616161616161617,0.2920353982300885,0,84,0.05917677968222194,0.7304836547385791,2,3
0,0.1,0.25,0.05050505050505051,0.16561314791403287,0,84,0.07206305517327662,0.6099309064659173,1,2
0,0.20000000000000004,0.125,0.0404040404040404,0.10240202275600505,0,5,0.05542349555861378,0.511189027534289,1,1
1,0.0,0.125,0.0,0.1529709228824273,0,5,0.40573001376204176,0.5933793956893887,1,0
0,0.30000000000000004,0.125,0.031818181818181815,0.1150442477876106,0,11,0.07444013511822843,0.5347014540579562,1,1
0,0.20000000000000004,0.125,0.025252525252525252,0.09860935524652338,0,11,0.07681721506318027,0.5036093637207384,1,1
0,0.20000000000000004,0.125,0.055555555555555566,0.18836915297092288,0,11,0.07519079194295007,0.6370011343714552,2,2
4,0.0,0.125,0.02272727272727273,0.49431099873577744,0,84,0.3840860753159014,0.8447973600082501,3,1
0,0.20000000000000004,0.125,0.06565656565656566,0.2920353982300885,0,41,0.09921181033404228,0.7304836547385791,2,2
5,0.20000000000000004,0.25,0.06060606060606061,0.393173198482933,0,66,0.1421243588139622,0.7948850159843253,3,2
0,0.1,0.125,0.002525252525252526,0.06447534766118837,0,11,0.1492555986488177,0.4206455604826236,0,0
0,0.1,0.25,0.03535353535353536,0.22882427307206066,0,41,0.13123983485549856,0.6782510054656081,2,1
0,0.30000000000000004,0.125,0.07575757575757576,0.30467762326169406,0,84,0.09107969473289126,0.7396617510570282,2,2
0,0.20000000000000004,0.25,0.07272727272727274,0.4437420986093552,0,84,0.13649443262855,0.8212333711457154,3,2
0,0.20000000000000004,0.125,0.05050505050505051,0.10240202275600505,0,84,0.046040285249593395,0.511189027534289,1,2
0,0.1,0.125,0.03282828282828283,0.06447534766118837,0,117,0.043287876892280745,0.4206455604826236,0,1
0,0.20000000000000004,0.25,0.055555555555555566,0.19089759797724398,0,5,0.07606655823845865,0.6397855006703106,2,2
0,0.20000000000000004,0.125,0.055555555555555566,0.021491782553729452,0,84,0.011635180783185286,0.23435083015365588,0,2
0,0.20000000000000004,0.375,0.06313131313131314,0.14285714285714285,0,66,0.051795320905792565,0.5791481901619058,1,2
0,0.30000000000000004,0.125,0.055555555555555566,0.34260429835651074,0,41,0.13386713374202427,0.7649788594410643,2,2
2,0.1,0.125,0.025252525252525252,0.020227560050568895,0,54,0.021518828975353434,0.22563679488501598,0,1
0,0.1,0.125,0.025252525252525252,0.19089759797724398,0,41,0.1421243588139622,0.6397855006703106,2,1
0,0.1,0.125,0.05050505050505051,0.2920353982300885,0,4,0.12423370449143,0.7304836547385791,2,2
0,0.20000000000000004,0.25,0.07828282828282829,0.2920353982300885,0,41,0.08494933066433129,0.7304836547385791,2,2
0,0.20000000000000004,0.125,0.05050505050505051,0.16561314791403287,0,66,0.07206305517327662,0.6099309064659173,1,2
1,0.20000000000000004,0.125,0.07575757575757576,0.4437420986093552,0,84,0.13161516326785938,0.8212333711457154,3,2
5,0.20000000000000004,0.375,0.11111111111111112,0.40581542351453853,0,3,0.08519954960590516,0.801742807053728,3,3
5,0.1,0.125,0.03535353535353536,0.06447534766118837,0,117,0.040785687476541974,0.4206455604826236,0,1
0,0.20000000000000004,0.375,0.05050505050505051,0.4437420986093552,0,84,0.1867884398848993,0.8212333711457154,3,2
0,0.1,0.125,0.0404040404040404,0.011378002528445006,0,5,0.0103840860753159,0.1527276477261008,0,1
0,0.0,0.125,0.020202020202020204,0.16561314791403287,0,66,0.14512698611284874,0.6099309064659173,1,1
0,0.20000000000000004,0.125,0.0404040404040404,0.18584070796460175,0,84,0.0967096209183035,0.6341652057337321,2,1
0,0.1,0.125,0.0404040404040404,0.08975979772439949,0,3,0.04916802201926686,0.48484067237289885,1,1
2,0.1,0.125,0.025252525252525252,0.03919089759797724,0,4,0.03490554234955586,0.3302052181086934,0,1
4,0.1,0.25,0.09090909090909091,0.26675094816687733,0,100,0.06793444263730763,0.7110446529854595,2,2
5,0.20000000000000004,0.125,0.05050505050505051,0.10240202275600505,0,84,0.046040285249593395,0.511189027534289,1,2
0,0.1,0.25,0.05050505050505051,0.16561314791403287,0,84,0.07206305517327662,0.6099309064659173,1,2
0,0.1,0.125,0.0303030303030303,0.08975979772439949,0,54,0.061678969097960716,0.48484067237289885,1,1
1,0.1,0.125,0.0303030303030303,0.16561314791403287,0,54,0.10859502064306267,0.6099309064659173,1,1
0,0.20000000000000004,0.125,0.06060606060606061,0.2161820480404551,0,4,0.07956962342049292,0.6661338558317005,2,2
0,0.30000000000000004,0.25,0.045454545454545456,0.18836915297092288,0,11,0.0889528337295133,0.6370011343714552,2,2
0,0.30000000000000004,0.125,0.06565656565656566,0.0518331226295828,0,4,0.02001751532591017,0.37996287511601534,0,2
0,0.1,0.125,0.05050505050505051,0.19089759797724398,0,54,0.08257225071937944,0.6397855006703106,2,2
0,0.20000000000000004,0.125,0.05050505050505051,0.1150442477876106,0,11,0.05129488302264481,0.5347014540579562,1,2
0,0.30000000000000004,0.25,0.055555555555555566,0.1959544879898862,0,84,0.07806830977104966,0.6453026709291534,2,2
4,0.0,0.25,0.7474747474747475,0.6207332490518331,0,21,0.02001751532591017,0.8947612663710427,3,3
0,0.20000000000000004,0.25,0.06414141414141415,0.3173198482932996,0,54,0.10972100588014512,0.7484273486645356,2,2
0,0.0,0.125,0.025252525252525252,0.006321112515802781,0,5,0.011635180783185286,0.09719500876559761,0,1
0,0.0,0.125,0.055555555555555566,0.24146649810366622,0,84,0.09533341673964718,0.6896978446942355,2,2
0,0.1,0.125,0.05,0.3299620733249052,0,84,0.14099837357687978,0.756883572238837,2,2
0,0.1,0.125,0.025252525252525252,0.16561314791403287,0,4,0.12423370449143,0.6099309064659173,1,1
5,0.1,0.125,0.025252525252525252,0.06953223767383059,0,21,0.05629926185412236,0.4350314530267094,1,1
2,0.0,0.125,0.0101010101010101,0.0316055625790139,0,54,0.05229575878894032,0.2940084562235743,0,0
0,0.1,0.125,0.023232323232323233,0.1529709228824273,0,100,0.1223570624296259,0.5933793956893887,1,1
5,0.4,0.25,0.09090909090909091,0.49431099873577744,0,5,0.12423370449143,0.8447973600082501,3,2
0,0.1,0.125,0.0303030303030303,0.08975979772439949,0,5,0.061678969097960716,0.48484067237289885,1,1
0,0.30000000000000004,0.25,0.06060606060606061,0.4437420986093552,0,84,0.16001501313649444,0.8212333711457154,3,2
0,0.20000000000000004,0.25,0.07575757575757576,0.4437420986093552,0,84,0.13161516326785938,0.8212333711457154,3,2
0,0.1,0.125,0.0404040404040404,0.19089759797724398,0,54,0.09921181033404228,0.6397855006703106,2,1
4,0.0,0.25,0.1414141414141414,0.393173198482933,0,21,0.06580758163392968,0.7948850159843253,3,3
5,0.20000000000000004,0.125,0.06565656565656566,0.16561314791403287,0,117,0.05755035656199174,0.6099309064659173,1,2
0,0.0,0.125,0.025252525252525252,0.05436156763590391,0,117,0.04553984736644564,0.388676910384655,0,1
0,0.20000000000000004,0.125,0.045454545454545456,0.14032869785082175,0,5,0.06730889528337294,0.5754872641022999,1,2
0,0.20000000000000004,0.125,0.045454545454545456,0.1529709228824273,0,4,0.07306393093957211,0.5933793956893887,1,2
3,0.1,0.125,0.0303030303030303,0.14032869785082175,0,5,0.09295633679469535,0.5754872641022999,1,1
0,0.1,0.125,0.02777777777777778,0.08217446270543616,0,54,0.06080320280245214,0.467464164174487,1,1
0,0.1,0.125,0.03636363636363636,0.10998735777496839,0,11,0.06443137745527336,0.525574920078375,1,1
0,0.0,0.125,0.012626262626262628,0.1150442477876106,0,54,0.1381208557487802,0.5347014540579562,1,0
3,0.20000000000000004,0.375,0.06565656565656566,0.013906447534766117,0,5,0.007506568247216314,0.17608538723316491,0,2
1,0.9,0.625,0.1919191919191919,0.008849557522123892,0,54,0.0016264231202302018,0.1266886665979169,0,3
0,0.30000000000000004,0.25,0.06414141414141415,0.3173198482932996,0,54,0.10972100588014512,0.7484273486645356,2,2
0,0.0,0.125,0.025252525252525252,0.12768647281921616,0,54,0.09746027774302514,0.5560482623491803,1,1
0,0.30000000000000004,0.25,0.059595959595959605,0.20353982300884954,0,84,0.07619166770924558,0.6533463957925132,2,2
5,0.1,0.25,0.0707070707070707,0.08975979772439949,0,5,0.030401601401226074,0.48484067237289885,1,2
5,0.30000000000000004,0.125,0.10606060606060606,0.42351453855878635,0,5,0.09270611785312148,0.8110755903887801,3,3
4,0.0,0.125,0.08585858585858586,0.3173198482932996,0,5,0.0846991117227574,0.7484273486645356,2,2
0,0.1,0.125,0.0404040404040404,0.20353982300884954,0,66,0.1054672838733892,0.6533463957925132,2,1
4,0.0,0.125,0.06060606060606061,0.2920353982300885,0,11,0.10634305016889778,0.7304836547385791,2,2
2,0.0,0.125,0.0,0.02654867256637168,0,11,0.09295633679469535,0.26616479323502107,0,0
5,0.20000000000000004,0.25,0.05050505050505051,0.1150442477876106,0,54,0.05129488302264481,0.5347014540579562,1,2
0,0.1,0.125,0.03282828282828283,0.09481668773704172,0,66,0.06092831227323909,0.49577188821284945,1,1
0,0.0,0.125,0.005050505050505052,0.024020227560050567,0,117,0.05755035656199174,0.2507992162524493,0,0
0,0.30000000000000004,0.125,0.0404040404040404,0.16561314791403287,0,11,0.08670086325534843,0.6099309064659173,1,1
3,0.1,0.125,0.02272727272727273,0.0037926675094816682,0,4,0.010634305016889778,0.0631638651129216,0,1
5,0.1,0.25,0.08080808080808081,0.2920353982300885,0,66,0.08257225071937944,0.7304836547385791,2,2
5,0.20000000000000004,0.25,0.11464646464646465,0.36788874841972186,0,66,0.07506568247216314,0.7804475611013717,2,3
0,0.20000000000000004,0.125,0.04292929292929293,0.10745891276864727,0,11,0.05517327661703991,0.520882747241415,1,2
0,0.20000000000000004,0.125,0.05050505050505051,0.19089759797724398,0,54,0.08257225071937944,0.6397855006703106,2,2
0,0.20000000000000004,0.25,0.055555555555555566,0.34260429835651074,0,84,0.13386713374202427,0.7649788594410643,2,2
0,0.0,0.125,0.0404040404040404,0.013906447534766117,0,41,0.011635180783185286,0.17608538723316491,0,1
0,0.1,0.125,0.09090909090909091,0.19089759797724398,0,3,0.04916802201926686,0.6397855006703106,2,2
0,0.30000000000000004,0.25,0.05050505050505051,0.1529709228824273,0,84,0.06693356687101212,0.5933793956893887,1,2
5,0.6000000000000001,0.5,0.1414141414141414,0.4437420986093552,0,41,0.07418991617665456,0.8212333711457154,3,3
0,0.1,0.125,0.0404040404040404,0.16055625790139064,0,84,0.08419867383960965,0.6034340517685883,1,1
0,0.1,0.125,0.02272727272727273,0.19089759797724398,0,41,0.1531339922432128,0.6397855006703106,2,1
2,0.1,0.125,0.1414141414141414,0.0518331226295828,0,54,0.00950831977980733,0.37996287511601534,0,3
0,0.0,0.125,0.03535353535353536,0.10240202275600505,0,3,0.061678969097960716,0.511189027534289,1,1
5,0.5000000000000001,0.5,0.15656565656565655,0.49431099873577744,0,66,0.07494057300137619,0.8447973600082501,3,3
0,0.1,0.125,0.0303030303030303,0.12768647281921616,0,54,0.08519954960590516,0.5560482623491803,1,1
0,0.1,0.125,0.025252525252525252,0.1125158027812895,0,5,0.08670086325534843,0.5302155305764671,1,1
0,0.20000000000000004,0.125,0.05050505050505051,0.34260429835651074,0,84,0.14512698611284874,0.7649788594410643,2,2
0,0.20000000000000004,0.125,0.0404040404040404,0.16561314791403287,0,5,0.08670086325534843,0.6099309064659173,1,1
0,0.20000000000000004,0.25,0.10606060606060606,0.19089759797724398,0,84,0.042662329538346054,0.6397855006703106,2,3
0,0.1,0.125,0.02272727272727273,0.19089759797724398,0,5,0.1531339922432128,0.6397855006703106,2,1
0,0.1,0.25,0.0303030303030303,0.011378002528445006,0,41,0.01313649443262855,0.1527276477261008,0,1
3,0.0,0.125,0.025252525252525252,0.008849557522123892,0,5,0.013386713374202424,0.1266886665979169,0,1
5,0.1,0.125,0.055555555555555566,0.1529709228824273,0,54,0.061678969097960716,0.5933793956893887,1,2
5,0.20000000000000004,0.125,0.03535353535353536,0.14032869785082175,0,11,0.08257225071937944,0.5754872641022999,1,1
5,0.1,0.125,0.09090909090909091,0.021491782553729452,0,140,0.007256349305642438,0.23435083015365588,0,2
0,0.20000000000000004,0.125,0.045454545454545456,0.14032869785082175,0,3,0.06730889528337294,0.5754872641022999,1,2
0,0.20000000000000004,0.125,0.039898989898989906,0.1529709228824273,0,11,0.08132115601151006,0.5933793956893887,1,1
0,0.20000000000000004,0.125,0.0707070707070707,0.20353982300884954,0,4,0.06555736269235579,0.6533463957925132,2,2
5,0.30000000000000004,0.25,0.06666666666666667,0.2920353982300885,0,66,0.09783560615538595,0.7304836547385791,2,2
5,0.30000000000000004,0.25,0.05050505050505051,0.10872313527180782,0,5,0.0486675841361191,0.5232546148293287,1,2
0,0.0,0.25,0.005050505050505052,0.0518331226295828,0,41,0.10334042287001124,0.37996287511601534,0,0
1,0.0,0.25,0.005050505050505052,0.0518331226295828,0,41,0.10334042287001124,0.37996287511601534,0,0
3,0.0,0.125,0.07575757575757576,0.011378002528445006,0,84,0.005755035656199174,0.1527276477261008,0,2
0,0.20000000000000004,0.25,0.06060606060606061,0.36788874841972186,0,41,0.13311647691730266,0.7804475611013717,2,2
0,0.0,0.125,0.017676767676767676,0.06447534766118837,0,117,0.06730889528337294,0.4206455604826236,0,1
0,0.20000000000000004,0.125,0.07575757575757576,0.3173198482932996,0,84,0.09483297885649943,0.7484273486645356,2,2
0,0.0,0.125,0.017676767676767676,0.19089759797724398,0,41,0.18115851369948707,0.6397855006703106,2,1
0,0.1,0.125,0.05050505050505051,0.0720606826801517,0,117,0.033529338170899536,0.4418892440961124,1,2
0,0.0,0.125,0.020202020202020204,0.006321112515802781,0,41,0.01376204178656324,0.09719500876559761,0,1
0,0.0,0.125,0.02929292929292929,0.2541087231352718,0,41,0.16752158138371076,0.7006290605341858,2,1
3,0.0,0.125,0.020202020202020204,0.006321112515802781,0,41,0.01376204178656324,0.09719500876559761,0,1
0,0.0,0.125,0.02272727272727273,0.08975979772439949,0,84,0.07606655823845865,0.48484067237289885,1,1
0,0.1,0.25,0.0404040404040404,0.16561314791403287,0,5,0.08670086325534843,0.6099309064659173,1,1
5,0.30000000000000004,0.125,0.055555555555555566,0.2920353982300885,0,66,0.11460027524083573,0.7304836547385791,2,2
5,0.30000000000000004,0.25,0.19292929292929292,0.9494310998735777,0,84,0.11735268359814836,0.988501598432505,3,3
0,0.0,0.125,0.020202020202020204,0.2161820480404551,0,84,0.1867884398848993,0.6661338558317005,2,1
0,0.0,0.125,0.0101010101010101,0.19089759797724398,0,41,0.24934317527836858,0.6397855006703106,2,0
5,0.20000000000000004,0.25,0.1414141414141414,0.24146649810366622,0,54,0.040785687476541974,0.6896978446942355,2,3
0,0.1,0.125,0.03888888888888889,0.2920353982300885,0,84,0.15388464906793445,0.7304836547385791,2,1
0,0.20000000000000004,0.125,0.0303030303030303,0.10998735777496839,0,11,0.07418991617665456,0.525574920078375,1,1
4,0.0,0.125,0.02474747474747475,0.36788874841972186,0,66,0.2711122231952959,0.7804475611013717,2,1
0,0.0,0.125,0.05050505050505051,0.12768647281921616,0,5,0.056424371324909295,0.5560482623491803,1,2
0,0.20000000000000004,0.25,0.05050505050505051,0.3173198482932996,0,5,0.13461779056674592,0.7484273486645356,2,2
0,0.20000000000000004,0.25,0.055555555555555566,0.34260429835651074,0,66,0.13386713374202427,0.7649788594410643,2,2
0,0.1,0.125,0.020202020202020204,0.16561314791403287,0,54,0.14512698611284874,0.6099309064659173,1,1
0,0.20000000000000004,0.125,0.04292929292929293,0.19089759797724398,0,41,0.09445765044413862,0.6397855006703106,2,2
0,0.1,0.125,0.0404040404040404,0.19089759797724398,0,84,0.09921181033404228,0.6397855006703106,2,1
5,0.30000000000000004,0.125,0.05050505050505051,0.22882427307206066,0,117,0.09821093456774677,0.6782510054656081,2,2
0,0.0,0.125,0.02272727272727273,0.14032869785082175,0,5,0.11460027524083573,0.5754872641022999,1,1
1,0.1,0.125,0.0404040404040404,0.14032869785082175,0,54,0.07418991617665456,0.5754872641022999,1,1
5,0.20000000000000004,0.125,0.05050505050505051,0.10240202275600505,0,5,0.046040285249593395,0.511189027534289,1,2
0,0.20000000000000004,0.125,0.0404040404040404,0.12768647281921616,0,5,0.06793444263730763,0.5560482623491803,1,1
0,0.1,0.125,0.03535353535353536,0.011378002528445006,0,41,0.011635180783185286,0.1527276477261008,0,1
0,0.20000000000000004,0.375,0.05606060606060606,0.43109987357774965,0,41,0.16627048667584135,0.814942765803857,3,2
1,0.5000000000000001,0.25,0.09090909090909091,0.6207332490518331,0,5,0.15551107218816465,0.8947612663710427,3,2
0,0.20000000000000004,0.125,0.04797979797979798,0.17446270543615675,0,66,0.07906918553734517,0.6208621223058679,2,2
0,0.20000000000000004,0.125,0.031818181818181815,0.16561314791403287,0,41,0.10459151757788063,0.6099309064659173,1,1
0,0.1,0.125,0.05050505050505051,0.1150442477876106,0,5,0.05129488302264481,0.5347014540579562,1,2
5,0.4,0.375,0.3686868686868687,0.7471554993678887,0,84,0.04916802201926686,0.9355986387542541,3,3
0,0.20000000000000004,0.125,0.0404040404040404,0.10240202275600505,0,54,0.05542349555861378,0.511189027534289,1,1
0,0.20000000000000004,0.125,0.0404040404040404,0.10493046776232616,0,54,0.056674590266483166,0.5160874497267196,1,1
0,0.1,0.125,0.0404040404040404,0.5701643489254108,0,84,0.28687601651445016,0.8760956997009386,3,1
0,0.1,0.125,0.025252525252525252,0.10240202275600505,0,11,0.07956962342049292,0.511189027534289,1,1
0,0.20000000000000004,0.25,0.07323232323232323,0.03413400758533502,0,5,0.012761166020267735,0.3067443539238939,0,2
0,0.20000000000000004,0.125,0.055555555555555566,0.34260429835651074,0,66,0.13386713374202427,0.7649788594410643,2,2
0,0.20000000000000004,0.125,0.045454545454545456,0.16561314791403287,0,66,0.07869385712498436,0.6099309064659173,1,2
4,0.0,0.125,0.06060606060606061,0.7471554993678887,0,3,0.2672338296009008,0.9355986387542541,3,2
4,0.0,0.0,0.10606060606060606,0.19089759797724398,0,5,0.042662329538346054,0.6397855006703106,2,3
5,0.1,0.125,0.0707070707070707,0.17825537294563842,0,5,0.05780057550356563,0.625348045787357,2,2
0,0.0,0.125,0.020202020202020204,0.16561314791403287,0,5,0.14512698611284874,0.6099309064659173,1,1
0,0.20000000000000004,0.25,0.06565656565656566,0.2161820480404551,0,5,0.07418991617665456,0.6661338558317005,2,2
0,0.1,0.125,0.020202020202020204,0.08975979772439949,0,5,0.08257225071937944,0.48484067237289885,1,1
0,0.1,0.125,0.05050505050505051,0.12768647281921616,0,54,0.056424371324909295,0.5560482623491803,1,2
0,0.1,0.125,0.015151515151515152,0.19089759797724398,0,41,0.19929938696359314,0.6397855006703106,2,0
5,0.30000000000000004,0.25,0.21717171717171715,0.16561314791403287,0,140,0.01864131114725385,0.6099309064659173,1,3
2,0.30000000000000004,0.25,0.06565656565656566,0.02907711757269279,0,5,0.012510947078693857,0.2804991234402392,0,2
0,0.1,0.125,0.0303030303030303,0.12768647281921616,0,4,0.08519954960590516,0.5560482623491803,1,1
0,0.20000000000000004,0.125,0.04292929292929293,0.011378002528445006,0,5,0.009883648192168146,0.1527276477261008,0,2
0,0.30000000000000004,0.125,0.06565656565656566,0.2541087231352718,0,66,0.08670086325534843,0.7006290605341858,2,2
4,0.0,0.125,0.09090909090909091,0.8735777496839443,0,100,0.21806580758163394,0.9700938434567394,3,2
0,0.20000000000000004,0.125,0.05050505050505051,0.16561314791403287,0,41,0.07206305517327662,0.6099309064659173,1,2
0,0.1,0.125,0.055555555555555566,0.20353982300884954,0,3,0.08094582759914924,0.6533463957925132,2,2
0,0.1,0.125,0.03535353535353536,0.17825537294563842,0,54,0.10334042287001124,0.625348045787357,2,1
0,0.20000000000000004,0.125,0.06565656565656566,0.2161820480404551,0,4,0.07418991617665456,0.6661338558317005,2,2
0,0.1,0.25,0.0404040404040404,0.1150442477876106,0,84,0.061678969097960716,0.5347014540579562,1,1
5,0.20000000000000004,0.125,0.09090909090909091,0.20859671302149177,0,11,0.0535468534968097,0.6585541920181501,2,2
4,0.0,0.125,0.06060606060606061,0.16561314791403287,0,41,0.061678969097960716,0.6099309064659173,1,2
0,0.1,0.125,0.0404040404040404,0.20353982300884954,0,84,0.1054672838733892,0.6533463957925132,2,1
0,0.0,0.125,0.02878787878787879,0.26675094816687733,0,84,0.17790566745902664,0.7110446529854595,2,1
0,0.0,0.125,0.03535353535353536,0.19089759797724398,0,84,0.11034655323407981,0.6397855006703106,2,1
3,0.0,0.125,0.020202020202020204,0.006321112515802781,0,5,0.01376204178656324,0.09719500876559761,0,1
0,0.1,0.25,0.045454545454545456,0.3299620733249052,0,84,0.15263355436006507,0.756883572238837,2,2
0,0.0,0.125,0.025252525252525252,0.006321112515802781,0,5,0.011635180783185286,0.09719500876559761,0,1
0,0.1,0.25,0.04696969696969697,0.34260429835651074,0,84,0.15413486800950832,0.7649788594410643,2,2
0,0.1,0.125,0.031818181818181815,0.2161820480404551,0,84,0.13474290003753284,0.6661338558317005,2,1
0,0.1,0.25,0.05050505050505051,0.34260429835651074,0,84,0.14512698611284874,0.7649788594410643,2,2
0,0.1,0.25,0.055555555555555566,0.3552465233881163,0,84,0.13862129363192793,0.7728678972878211,2,2
5,0.30000000000000004,0.125,0.06565656565656566,0.2793931731984829,0,3,0.09508319779807331,0.7209961843869239,2,2
5,0.4,0.25,0.10101010101010101,0.3552465233881163,0,3,0.08157137495308393,0.7728678972878211,2,3
5,0.1,0.25,0.045454545454545456,0.20353982300884954,0,84,0.09583385462279494,0.6533463957925132,2,2
0,0.1,0.125,0.055555555555555566,0.4437420986093552,0,41,0.17240085074440134,0.8212333711457154,3,2
0,0.1,0.25,0.05050505050505051,0.16561314791403287,0,3,0.07206305517327662,0.6099309064659173,1,2
4,0.0,0.125,0.0060606060606060615,0.16561314791403287,0,3,0.272863755786313,0.6099309064659173,1,0
0,0.0,0.125,0.025252525252525252,0.19089759797724398,0,41,0.1421243588139622,0.6397855006703106,2,1
0,0.30000000000000004,0.125,0.09090909090909091,0.20859671302149177,0,11,0.0535468534968097,0.6585541920181501,2,2
0,0.20000000000000004,0.25,0.09090909090909091,0.6207332490518331,0,41,0.15551107218816465,0.8947612663710427,3,2
0,0.0,0.125,0.0303030303030303,0.013906447534766117,0,41,0.01476291755285875,0.17608538723316491,0,1
0,0.1,0.125,0.03535353535353536,0.008849557522123892,0,41,0.010258976604528961,0.1266886665979169,0,1
0,0.1,0.125,0.02777777777777778,0.20353982300884954,0,66,0.14087326410609283,0.6533463957925132,2,1
5,0.30000000000000004,0.25,0.09090909090909091,0.393173198482933,0,84,0.09921181033404228,0.7948850159843253,3,2
0,0.1,0.125,0.0404040404040404,0.20353982300884954,0,84,0.1054672838733892,0.6533463957925132,2,1
0,0.1,0.125,0.025252525252525252,0.008849557522123892,0,41,0.013386713374202424,0.1266886665979169,0,1
0,0.30000000000000004,0.25,0.05050505050505051,0.30467762326169406,0,41,0.12948830226448144,0.7396617510570282,2,2
1,0.20000000000000004,0.125,0.0303030303030303,0.3375474083438685,0,41,0.21493807081196045,0.7617819944312676,2,1
1,0.1,0.125,0.0404040404040404,0.24146649810366622,0,84,0.12423370449143,0.6896978446942355,2,1
1,0.1,0.125,0.05050505050505051,0.7471554993678887,0,84,0.31189791067183786,0.9355986387542541,3,2
0,0.0,0.125,0.024242424242424242,0.1529709228824273,0,5,0.1187288877768047,0.5933793956893887,1,1
0,0.1,0.125,0.03282828282828283,0.14032869785082175,0,84,0.08745152008007005,0.5754872641022999,1,1
0,0.20000000000000004,0.125,0.04797979797979798,0.20353982300884954,0,54,0.09158013261603902,0.6533463957925132,2,2
0,0.1,0.125,0.025252525252525252,0.14032869785082175,0,54,0.10634305016889778,0.5754872641022999,1,1
0,0.1,0.125,0.0404040404040404,0.20353982300884954,0,21,0.1054672838733892,0.6533463957925132,2,1
5,0.0,0.125,0.039898989898989906,0.02654867256637168,0,54,0.018140873264106093,0.26616479323502107,0,1
2,0.20000000000000004,0.125,0.020202020202020204,0.08975979772439949,0,54,0.08257225071937944,0.48484067237289885,1,1
0,0.0,0.125,0.019191919191919194,0.20606826801517067,0,41,0.18466157888152132,0.6559760750747656,2,1
5,0.20000000000000004,0.25,0.11616161616161617,0.2161820480404551,0,54,0.044163643187789314,0.6661338558317005,2,3
0,0.20000000000000004,0.375,0.08585858585858586,0.6207332490518331,0,41,0.16376829726010259,0.8947612663710427,3,2
0,0.0,0.125,0.033838383838383834,0.19089759797724398,0,41,0.1142249468284749,0.6397855006703106,2,1
0,0.20000000000000004,0.125,0.03535353535353536,0.013906447534766117,0,5,0.01301138496184161,0.17608538723316491,0,1
0,0.1,0.125,0.0303030303030303,0.08975979772439949,0,11,0.061678969097960716,0.48484067237289885,1,1
5,0.0,0.125,0.0303030303030303,0.07711757269279393,0,117,0.05392218190917052,0.4550376405073735,1,1
0,0.20000000000000004,0.125,0.0303030303030303,0.08975979772439949,0,11,0.061678969097960716,0.48484067237289885,1,1
4,0.0,0.0,0.11616161616161617,0.36788874841972186,0,84,0.07418991617665456,0.7804475611013717,2,3
0,0.1,0.125,0.05050505050505051,0.16561314791403287,0,4,0.07206305517327662,0.6099309064659173,1,2
0,0.30000000000000004,0.125,0.0404040404040404,0.10872313527180782,0,117,0.05855123232828725,0.5232546148293287,1,1
0,0.0,0.25,0.06060606060606061,0.30467762326169406,0,41,0.11084699111722757,0.7396617510570282,2,2
0,0.20000000000000004,0.125,0.06565656565656566,0.2161820480404551,0,41,0.07418991617665456,0.6661338558317005,2,2
0,0.1,0.125,0.025252525252525252,0.2161820480404551,0,54,0.16001501313649444,0.6661338558317005,2,1
4,0.1,0.25,0.1414141414141414,0.49431099873577744,0,84,0.08257225071937944,0.8447973600082501,3,3
0,0.20000000000000004,0.125,0.05050505050505051,0.1529709228824273,0,4,0.06693356687101212,0.5933793956893887,1,2
5,0.4,0.125,0.09090909090909091,0.20859671302149177,0,11,0.0535468534968097,0.6585541920181501,2,2
0,0.0,0.125,0.0010101010101010114,0.006321112515802781,0,41,0.0389090454147379,0.09719500876559761,0,0
0,0.0,0.125,0.02777777777777778,0.2161820480404551,0,3,0.1492555986488177,0.6661338558317005,2,1
0,0.0,0.125,0.0,0.05689001264222503,0,5,0.1680220192668585,0.39713313395895633,0,0
5,0.30000000000000004,0.25,0.09090909090909091,0.6207332490518331,0,84,0.15551107218816465,0.8947612663710427,3,2
1,0.0,0.125,0.020202020202020204,0.17825537294563842,0,3,0.15551107218816465,0.625348045787357,2,1
5,0.20000000000000004,0.125,0.03535353535353536,0.1150442477876106,0,11,0.06868509946202926,0.5347014540579562,1,1
0,0.1,0.125,0.03535353535353536,0.011378002528445006,0,41,0.011635180783185286,0.1527276477261008,0,1
4,0.0,0.125,0.09090909090909091,0.17825537294563842,0,84,0.046040285249593395,0.625348045787357,2,2
0,0.1,0.125,0.02272727272727273,0.16561314791403287,0,3,0.13386713374202427,0.6099309064659173,1,1
0,0.0,0.125,0.015151515151515152,0.19089759797724398,0,5,0.19929938696359314,0.6397855006703106,2,0
3,0.1,0.125,0.0404040404040404,0.0037926675094816682,0,5,0.006630801951707743,0.0631638651129216,0,1
0,0.20000000000000004,0.125,0.0404040404040404,0.14032869785082175,0,54,0.07418991617665456,0.5754872641022999,1,1
0,0.20000000000000004,0.125,0.0404040404040404,0.14032869785082175,0,3,0.07418991617665456,0.5754872641022999,1,1
0,0.20000000000000004,0.125,0.03535353535353536,0.19089759797724398,0,3,0.11034655323407981,0.6397855006703106,2,1
0,0.1,0.125,0.015151515151515152,0.19089759797724398,0,41,0.19929938696359314,0.6397855006703106,2,0
0,0.1,0.125,0.0404040404040404,0.1150442477876106,0,11,0.061678969097960716,0.5347014540579562,1,1
0,0.1,0.125,0.05303030303030304,0.011378002528445006,0,5,0.008132115601151006,0.1527276477261008,0,2
0,0.20000000000000004,0.125,0.06565656565656566,0.08470290771175726,0,5,0.030776929813586887,0.4733938331442715,1,2
5,0.0,0.125,0.0303030303030303,0.14032869785082175,0,66,0.09295633679469535,0.5754872641022999,1,1
0,0.30000000000000004,0.125,0.04292929292929293,0.16561314791403287,0,11,0.08257225071937944,0.6099309064659173,1,2
0,0.1,0.125,0.045454545454545456,0.20353982300884954,0,84,0.09583385462279494,0.6533463957925132,2,2
5,0.0,0.125,0.0303030303030303,0.08975979772439949,0,66,0.061678969097960716,0.48484067237289885,1,1
2,0.1,0.125,0.0303030303030303,0.0518331226295828,0,11,0.038158388590016266,0.37996287511601534,0,1
0,0.1,0.125,0.06565656565656566,0.04930467762326169,0,11,0.019141749030401604,0.37083634113643416,0,2
0,0.20000000000000004,0.25,0.04444444444444444,0.12010113780025283,0,11,0.05930188915300888,0.5434670516654636,1,2
0,0.0,0.125,0.015151515151515152,0.2161820480404551,0,54,0.22432128112098085,0.6661338558317005,2,0
0,0.20000000000000004,0.125,0.0404040404040404,0.08470290771175726,0,5,0.046665832603528086,0.4733938331442715,1,1
4,0.0,0.125,0.05050505050505051,0.36788874841972186,0,5,0.15551107218816465,0.7804475611013717,2,2
5,0.30000000000000004,0.25,0.09090909090909091,0.2541087231352718,0,66,0.06480670586763417,0.7006290605341858,2,2
5,0.1,0.25,0.06060606060606061,0.20353982300884954,0,84,0.07506568247216314,0.6533463957925132,2,2
1,0.1,0.125,0.02272727272727273,0.16055625790139064,0,4,0.12998874014762918,0.6034340517685883,1,1
0,0.1,0.125,0.0303030303030303,0.12768647281921616,0,54,0.08519954960590516,0.5560482623491803,1,1
1,0.1,0.125,0.03686868686868687,0.16561314791403287,0,11,0.09333166520705617,0.6099309064659173,1,1
0,0.30000000000000004,0.25,0.06060606060606061,0.2161820480404551,0,3,0.07956962342049292,0.6661338558317005,2,2
0,0.30000000000000004,0.125,0.05050505050505051,0.17825537294563842,0,41,0.07731765294632803,0.625348045787357,2,2
0,0.1,0.125,0.05050505050505051,0.1150442477876106,0,5,0.05129488302264481,0.5347014540579562,1,2
0,0.20000000000000004,0.25,0.04444444444444444,0.12010113780025283,0,11,0.05930188915300888,0.5434670516654636,1,2
0,0.20000000000000004,0.125,0.0404040404040404,0.2920353982300885,0,84,0.1492555986488177,0.7304836547385791,2,1
0,0.20000000000000004,0.125,0.0303030303030303,0.12768647281921616,0,5,0.08519954960590516,0.5560482623491803,1,1
0,0.20000000000000004,0.25,0.04797979797979798,0.1984829329962073,0,66,0.08945327161266106,0.648035474889141,2,2
0,0.20000000000000004,0.25,0.04797979797979798,0.1984829329962073,0,66,0.08945327161266106,0.648035474889141,2,2
5,0.30000000000000004,0.125,0.09090909090909091,0.1529709228824273,0,5,0.03978481171024646,0.5933793956893887,1,2
0,0.1,0.125,0.045454545454545456,0.49431099873577744,0,41,0.22657325159514574,0.8447973600082501,3,2
5,0.20000000000000004,0.125,0.045454545454545456,0.018963337547408345,0,5,0.012761166020267735,0.2165618232443025,0,2
1,0.1,0.125,0.03535353535353536,0.2161820480404551,0,41,0.12423370449143,0.6661338558317005,2,1
0,0.1,0.125,0.03535353535353536,0.011378002528445006,0,66,0.011635180783185286,0.1527276477261008,0,1
0,0.20000000000000004,0.125,0.04797979797979798,0.1984829329962073,0,66,0.08945327161266106,0.648035474889141,2,2
0,0.0,0.125,0.020202020202020204,0.13527180783817952,0,54,0.12010509195546101,0.5679076002887493,1,1
0,0.1,0.125,0.03535353535353536,0.12768647281921616,0,84,0.07556612035531089,0.5560482623491803,1,1
4,0.0,0.125,0.06060606060606061,0.7471554993678887,0,3,0.2672338296009008,0.9355986387542541,3,2
0,0.1,0.125,0.05303030303030304,0.36788874841972186,0,84,0.1492555986488177,0.7804475611013717,2,2
5,0.20000000000000004,0.125,0.09595959595959597,0.5448798988621997,0,66,0.13023895908920305,0.8661441682994742,3,3
0,0.20000000000000004,0.125,0.025252525252525252,0.10240202275600505,0,5,0.07956962342049292,0.511189027534289,1,1
0,0.1,0.125,0.03787878787878787,0.17825537294563842,0,5,0.09783560615538595,0.625348045787357,2,1
0,0.0,0.125,0.03787878787878787,0.3299620733249052,0,84,0.17690479169273116,0.756883572238837,2,1
0,0.0,0.125,0.04292929292929293,0.26675094816687733,0,84,0.13023895908920305,0.7110446529854595,2,2
0,0.20000000000000004,0.125,0.0404040404040404,0.12768647281921616,0,11,0.06793444263730763,0.5560482623491803,1,1
0,0.0,0.125,0.03787878787878787,0.24146649810366622,0,84,0.13086450644313774,0.6896978446942355,2,1
0,0.20000000000000004,0.125,0.0404040404040404,0.14032869785082175,0,11,0.07418991617665456,0.5754872641022999,1,1
1,0.0,0.125,0.007575757575757576,0.19089759797724398,0,5,0.285124483923433,0.6397855006703106,2,0
0,0.0,0.125,0.025252525252525252,0.14032869785082175,0,54,0.10634305016889778,0.5754872641022999,1,1
1,0.30000000000000004,0.25,0.07575757575757576,0.49431099873577744,0,5,0.14625297134993118,0.8447973600082501,3,2
1,0.0,0.125,0.06565656565656566,0.24146649810366622,0,5,0.08257225071937944,0.6896978446942355,2,2
1,0.0,0.125,0.1919191919191919,0.49431099873577744,0,5,0.061678969097960716,0.8447973600082501,3,3
5,0.30000000000000004,0.25,0.0707070707070707,0.40581542351453853,0,3,0.1281120980858251,0.801742807053728,3,2
1,0.30000000000000004,0.125,0.0707070707070707,0.24146649810366622,0,5,0.07731765294632803,0.6896978446942355,2,2
0,0.1,0.125,0.05050505050505051,0.2920353982300885,0,41,0.12423370449143,0.7304836547385791,2,2
0,0.0,0.125,0.025252525252525252,0.16561314791403287,0,66,0.12423370449143,0.6099309064659173,1,1
0,0.1,0.125,0.06565656565656566,0.07711757269279393,0,11,0.02827474039784812,0.4550376405073735,1,2
5,0.20000000000000004,0.25,0.06565656565656566,0.19089759797724398,0,66,0.06580758163392968,0.6397855006703106,2,2
0,0.1,0.125,0.02777777777777778,0.16561314791403287,0,41,0.11585136994870511,0.6099309064659173,1,1
3,0.1,0.125,0.02272727272727273,0.013906447534766117,0,5,0.01839109220567997,0.17608538723316491,0,1
0,0.1,0.125,0.025252525252525252,0.3375474083438685,0,41,0.24571500062554735,0.7617819944312676,2,1
0,0.20000000000000004,0.125,0.0404040404040404,0.17825537294563842,0,84,0.09295633679469535,0.625348045787357,2,1
0,0.0,0.125,0.025252525252525252,0.2161820480404551,0,84,0.16001501313649444,0.6661338558317005,2,1
0,0.30000000000000004,0.125,0.0404040404040404,0.14032869785082175,0,66,0.07418991617665456,0.5754872641022999,1,1
0,0.1,0.125,0.03535353535353536,0.18584070796460175,0,84,0.10759414487676716,0.6341652057337321,2,1
4,0.4,0.25,0.35858585858585856,0.19089759797724398,0,43,0.012886275491054673,0.6397855006703106,2,3
1,0.1,0.125,0.020202020202020204,0.17825537294563842,0,4,0.15551107218816465,0.625348045787357,2,1
0,0.1,0.125,0.04141414141414142,0.18584070796460175,0,84,0.09483297885649943,0.6341652057337321,2,2
3,0.0,0.125,0.0404040404040404,0.006321112515802781,0,66,0.007881896659577128,0.09719500876559761,0,1
2,0.1,0.125,0.0404040404040404,0.07711757269279393,0,5,0.04291254847991993,0.4550376405073735,1,1
1,0.20000000000000004,0.125,0.020202020202020204,0.16561314791403287,0,4,0.14512698611284874,0.6099309064659173,1,1
0,0.1,0.125,0.0303030303030303,0.1150442477876106,0,11,0.07731765294632803,0.5347014540579562,1,1
0,0.20000000000000004,0.25,0.0404040404040404,0.018963337547408345,0,41,0.014137370198924056,0.2165618232443025,0,1
5,0.20000000000000004,0.25,0.06060606060606061,0.2161820480404551,0,84,0.07956962342049292,0.6661338558317005,2,2
0,0.1,0.125,0.06565656565656566,0.16055625790139064,0,5,0.055798823970974604,0.6034340517685883,1,2
5,0.1,0.125,0.05050505050505051,0.02654867256637168,0,84,0.01476291755285875,0.26616479323502107,0,2
0,0.30000000000000004,0.125,0.05050505050505051,0.20353982300884954,0,5,0.08770173902164392,0.6533463957925132,2,2
0,0.1,0.125,0.025252525252525252,0.10240202275600505,0,11,0.07956962342049292,0.511189027534289,1,1
0,0.1,0.125,0.045454545454545456,0.20101137800252844,0,54,0.09470786938571249,0.650716716510261,2,2
3,0.0,0.125,0.020202020202020204,0.16561314791403287,0,84,0.14512698611284874,0.6099309064659173,1,1
1,0.1,0.125,0.045454545454545456,0.22882427307206066,0,41,0.10721881646440636,0.6782510054656081,2,2
5,0.20000000000000004,0.125,0.0404040404040404,0.06447534766118837,0,5,0.036657074940573,0.4206455604826236,0,1
0,0.20000000000000004,0.25,0.05303030303030304,0.20353982300884954,0,5,0.08419867383960965,0.6533463957925132,2,2
0,0.20000000000000004,0.125,0.0404040404040404,0.0316055625790139,0,11,0.020392843738270987,0.2940084562235743,0,1
0,0.20000000000000004,0.125,0.05050505050505051,0.1529709228824273,0,5,0.06693356687101212,0.5933793956893887,1,2
0,0.20000000000000004,0.25,0.06565656565656566,0.22882427307206066,0,84,0.07831852871262354,0.6782510054656081,2,2
5,0.30000000000000004,0.25,0.06565656565656566,0.16561314791403287,0,5,0.05755035656199174,0.6099309064659173,1,2
5,0.4,0.25,0.1919191919191919,0.7471554993678887,0,84,0.09295633679469535,0.9355986387542541,3,3
5,0.30000000000000004,0.375,0.09090909090909091,0.7471554993678887,0,84,0.1867884398848993,0.9355986387542541,3,2
4,0.0,0.125,0.06565656565656566,0.2541087231352718,0,84,0.08670086325534843,0.7006290605341858,2,2
4,0.0,0.125,0.01616161616161616,0.6207332490518331,0,3,0.600650569248092,0.8947612663710427,3,1
4,0.0,0.125,0.0101010101010101,0.49431099873577744,0,84,0.6246715876391843,0.8447973600082501,3,0
5,0.20000000000000004,0.125,0.1919191919191919,0.03109987357774968,0,11,0.00437883147754285,0.2913787769413221,0,3
4,0.0,0.125,0.10101010101010101,0.02654867256637168,0,41,0.007631677718003253,0.26616479323502107,0,3
1,0.4,0.125,0.06464646464646465,0.3552465233881163,0,4,0.12173151507569123,0.7728678972878211,2,2
0,0.20000000000000004,0.125,0.05050505050505051,0.14032869785082175,0,66,0.061678969097960716,0.5754872641022999,1,2
0,0.1,0.125,0.0404040404040404,0.10240202275600505,0,11,0.05542349555861378,0.511189027534289,1,1
0,0.20000000000000004,0.125,0.05050505050505051,0.17825537294563842,0,66,0.07731765294632803,0.625348045787357,2,2
0,0.1,0.125,0.0404040404040404,0.26675094816687733,0,41,0.13674465157012386,0.7110446529854595,2,1
0,0.20000000000000004,0.25,0.06565656565656566,0.3805309734513274,0,41,0.12836231702739898,0.7877694132205837,3,2
0,0.1,0.125,0.0404040404040404,0.2920353982300885,0,84,0.1492555986488177,0.7304836547385791,2,1
1,0.6000000000000001,0.375,0.13636363636363635,0.6207332490518331,0,41,0.10696859752283246,0.8947612663710427,3,3
4,0.1,0.125,0.05050505050505051,0.36788874841972186,0,84,0.15551107218816465,0.7804475611013717,2,2
0,0.1,0.125,0.0303030303030303,0.14032869785082175,0,11,0.09295633679469535,0.5754872641022999,1,1
1,0.30000000000000004,0.125,0.06818181818181819,0.36788874841972186,0,4,0.12023020142624795,0.7804475611013717,2,2
5,0.20000000000000004,0.125,0.06313131313131314,0.19089759797724398,0,11,0.0681846615788815,0.6397855006703106,2,2
0,0.1,0.125,0.020202020202020204,0.26675094816687733,0,41,0.22844989365694982,0.7110446529854595,2,1
0,0.0,0.125,0.020202020202020204,0.1529709228824273,0,3,0.13461779056674592,0.5933793956893887,1,1
4,0.4,0.125,0.16666666666666666,0.08975979772439949,0,5,0.013386713374202424,0.48484067237289885,1,3
0,0.1,0.125,0.0707070707070707,0.0720606826801517,0,5,0.024896784686600778,0.4418892440961124,1,2
5,0.1,0.25,0.0404040404040404,0.24146649810366622,0,41,0.12423370449143,0.6896978446942355,2,1
1,0.1,0.125,0.06313131313131314,0.30467762326169406,0,84,0.10696859752283246,0.7396617510570282,2,2
0,0.20000000000000004,0.125,0.055555555555555566,0.24146649810366622,0,84,0.09533341673964718,0.6896978446942355,2,2
4,0.0,0.125,0.09090909090909091,0.2920353982300885,0,41,0.07418991617665456,0.7304836547385791,2,2
0,0.0,0.125,0.0101010101010101,0.10240202275600505,0,54,0.13987238833979732,0.511189027534289,1,0
0,0.1,0.125,0.0303030303030303,0.10240202275600505,0,11,0.0694357562867509,0.511189027534289,1,1
0,0.0,0.125,0.015151515151515152,0.08975979772439949,0,54,0.09921181033404228,0.48484067237289885,1,0
2,0.1,0.125,0.1414141414141414,0.02654867256637168,0,84,0.005379707243838358,0.26616479323502107,0,3
0,0.1,0.125,0.0404040404040404,0.24146649810366622,0,66,0.12423370449143,0.6896978446942355,2,1
4,0.20000000000000004,0.125,0.07575757575757576,0.7471554993678887,0,5,0.21994244964343798,0.9355986387542541,3,2
3,0.0,0.125,0.020202020202020204,0.006321112515802781,0,5,0.01376204178656324,0.09719500876559761,0,1
0,0.0,0.125,0.025252525252525252,0.006321112515802781,0,5,0.011635180783185286,0.09719500876559761,0,1
5,0.1,0.125,0.0404040404040404,0.08470290771175726,0,5,0.046665832603528086,0.4733938331442715,1,1
0,0.1,0.125,0.03535353535353536,0.09481668773704172,0,117,0.05755035656199174,0.49577188821284945,1,1
0,0.20000000000000004,0.25,0.05050505050505051,0.2920353982300885,0,5,0.12423370449143,0.7304836547385791,2,2
5,0.6000000000000001,0.5,0.13636363636363635,0.6207332490518331,0,41,0.10696859752283246,0.8947612663710427,3,3
0,0.20000000000000004,0.25,0.0707070707070707,0.36283185840707965,0,41,0.1148504941824096,0.7774569454470455,2,2
0,0.1,0.125,0.055555555555555566,0.1150442477876106,0,84,0.04729137995746278,0.5347014540579562,1,2
1,0.30000000000000004,0.25,0.0404040404040404,0.36788874841972186,0,5,0.1867884398848993,0.7804475611013717,2,1
0,0.1,0.125,0.0404040404040404,0.07711757269279393,0,11,0.04291254847991993,0.4550376405073735,1,1
5,0.6000000000000001,0.375,0.1414141414141414,0.5701643489254108,0,41,0.09508319779807331,0.8760956997009386,3,3
5,0.6000000000000001,0.375,0.1919191919191919,0.5701643489254108,0,41,0.0710621794069811,0.8760956997009386,3,3
0,0.0,0.125,0.015151515151515152,0.006321112515802781,0,41,0.01663955961466283,0.09719500876559761,0,0
3,0.0,0.125,0.020202020202020204,0.006321112515802781,0,41,0.01376204178656324,0.09719500876559761,0,1
0,0.1,0.125,0.025252525252525252,0.07964601769911504,0,11,0.06343050168897785,0.4613282458492318,1,1
3,0.1,0.125,0.03282828282828283,0.01011378002528445,0,84,0.011635180783185286,0.14009487470351667,0,1
0,0.20000000000000004,0.125,0.03282828282828283,0.1529709228824273,0,84,0.09483297885649943,0.5933793956893887,1,1
1,0.1,0.125,0.0404040404040404,0.20353982300884954,0,3,0.1054672838733892,0.6533463957925132,2,1
5,0.1,0.125,0.0404040404040404,0.20353982300884954,0,84,0.1054672838733892,0.6533463957925132,2,1
0,0.1,0.125,0.045454545454545456,0.22882427307206066,0,4,0.10721881646440636,0.6782510054656081,2,2
0,0.20000000000000004,0.125,0.05050505050505051,0.14032869785082175,0,11,0.061678969097960716,0.5754872641022999,1,2
3,0.0,0.125,0.025252525252525252,0.011378002528445006,0,41,0.015263355436006506,0.1527276477261008,0,1
0,0.20000000000000004,0.125,0.0404040404040404,0.12768647281921616,0,54,0.06793444263730763,0.5560482623491803,1,1
0,0.20000000000000004,0.25,0.04848484848484849,0.34260429835651074,0,84,0.1501313649443263,0.7649788594410643,2,2
0,0.20000000000000004,0.125,0.03282828282828283,0.09734513274336283,0,100,0.06242962592268234,0.5010312467773539,1,1
5,0.1,0.125,0.055555555555555566,0.12768647281921616,0,11,0.05204553984736645,0.5560482623491803,1,2
5,0.20000000000000004,0.25,0.12121212121212123,0.36788874841972186,0,66,0.07131239834855498,0.7804475611013717,2,3
4,0.1,0.25,0.09090909090909091,0.3173198482932996,0,66,0.08044538971600149,0.7484273486645356,2,2
2,0.20000000000000004,0.125,0.1919191919191919,0.022250316055625788,0,4,0.0032528462404604027,0.23940393936268944,0,3
0,0.20000000000000004,0.125,0.05050505050505051,0.14032869785082175,0,11,0.061678969097960716,0.5754872641022999,1,2
0,0.20000000000000004,0.375,0.04848484848484849,0.34260429835651074,0,84,0.1501313649443263,0.7649788594410643,2,2
5,0.1,0.125,0.0303030303030303,0.10240202275600505,0,66,0.0694357562867509,0.511189027534289,1,1
0,0.20000000000000004,0.125,0.0404040404040404,0.16055625790139064,0,54,0.08419867383960965,0.6034340517685883,1,1
4,0.0,0.125,0.00909090909090909,0.12768647281921616,0,11,0.18015763793319156,0.5560482623491803,1,0
5,0.1,0.125,0.0303030303030303,0.08975979772439949,0,4,0.061678969097960716,0.48484067237289885,1,1
5,0.20000000000000004,0.125,0.0303030303030303,0.05941845764854614,0,5,0.04291254847991993,0.40522842116118407,0,1
3,0.1,0.125,0.017676767676767676,0.006321112515802781,0,4,0.015013136494432628,0.09719500876559761,0,1
0,0.20000000000000004,0.125,0.03535353535353536,0.19089759797724398,0,3,0.11034655323407981,0.6397855006703106,2,1
0,0.1,0.125,0.02272727272727273,0.1150442477876106,0,66,0.09533341673964718,0.5347014540579562,1,1
0,0.20000000000000004,0.25,0.0404040404040404,0.2161820480404551,0,41,0.11172275741273613,0.6661338558317005,2,1
0,0.1,0.125,0.0404040404040404,0.17825537294563842,0,54,0.09295633679469535,0.625348045787357,2,1
5,0.20000000000000004,0.125,0.08080808080808081,0.2920353982300885,0,4,0.08257225071937944,0.7304836547385791,2,2
0,0.20000000000000004,0.25,0.055555555555555566,0.14032869785082175,0,100,0.05692480920805705,0.5754872641022999,1,2
4,0.0,0.125,0.025252525252525252,0.3173198482932996,0,100,0.23145252095583635,0.7484273486645356,2,1
0,0.0,0.125,0.012626262626262628,0.15802781289506954,0,84,0.18541223570624296,0.6001340620810562,1,0
1,0.1,0.125,0.03535353535353536,0.17825537294563842,0,11,0.10334042287001124,0.625348045787357,2,1
1,0.1,0.125,0.09090909090909091,0.07711757269279393,0,41,0.02101839109220568,0.4550376405073735,1,2
4,0.0,0.125,0.06565656565656566,0.2541087231352718,0,84,0.08670086325534843,0.7006290605341858,2,2
0,0.1,0.125,0.020202020202020204,0.14032869785082175,0,4,0.12423370449143,0.5754872641022999,1,1
5,0.30000000000000004,0.375,0.09090909090909091,0.7471554993678887,0,84,0.1867884398848993,0.9355986387542541,3,2
0,0.1,0.125,0.0404040404040404,0.20353982300884954,0,84,0.1054672838733892,0.6533463957925132,2,1
0,0.20000000000000004,0.375,0.08080808080808081,0.49431099873577744,0,84,0.1381208557487802,0.8447973600082501,3,2
0,0.0,0.125,0.0101010101010101,0.06953223767383059,0,11,0.09921181033404228,0.4350314530267094,1,0
4,0.0,0.125,0.0101010101010101,0.0518331226295828,0,11,0.07731765294632803,0.37996287511601534,0,0
0,0.1,0.125,0.0404040404040404,0.22882427307206066,0,41,0.11797823095208307,0.6782510054656081,2,1
0,0.30000000000000004,0.25,0.05454545454545455,0.19089759797724398,0,5,0.07731765294632803,0.6397855006703106,2,2
5,0.1,0.125,0.06060606060606061,0.10240202275600505,0,117,0.03928437382709871,0.511189027534289,1,2
0,0.20000000000000004,0.25,0.06565656565656566,0.3299620733249052,0,84,0.11172275741273613,0.756883572238837,2,2
0,0.0,0.125,0.025252525252525252,0.008849557522123892,0,41,0.013386713374202424,0.1266886665979169,0,1
0,0.0,0.125,0.02272727272727273,0.008849557522123892,0,41,0.014512698611284873,0.1266886665979169,0,1
1,0.20000000000000004,0.125,0.06060606060606061,0.24146649810366622,0,5,0.08845239584636555,0.6896978446942355,2,2
0,0.1,0.125,0.05050505050505051,0.20353982300884954,0,4,0.08770173902164392,0.6533463957925132,2,2
1,0.1,0.125,0.03686868686868687,0.16561314791403287,0,11,0.09333166520705617,0.6099309064659173,1,1
0,0.0,0.125,0.007575757575757576,0.26675094816687733,0,84,0.3923433003878393,0.7110446529854595,2,0
5,0.30000000000000004,0.125,0.08080808080808081,0.12768647281921616,0,66,0.03740773176529463,0.5560482623491803,1,2
0,0.0,0.125,0.025252525252525252,0.03413400758533502,0,54,0.03127736769673464,0.3067443539238939,0,1
0,0.0,0.125,0.025252525252525252,0.26675094816687733,0,66,0.19567121231077195,0.7110446529854595,2,1
5,0.30000000000000004,0.125,0.07575757575757576,0.14032869785082175,0,84,0.043287876892280745,0.5754872641022999,1,2
5,0.20000000000000004,0.125,0.09090909090909091,0.0518331226295828,0,3,0.01476291755285875,0.37996287511601534,0,2
5,0.30000000000000004,0.25,0.07575757575757576,0.36788874841972186,0,84,0.10947078693857125,0.7804475611013717,2,2
4,0.0,0.125,0.0101010101010101,0.49431099873577744,0,84,0.6246715876391843,0.8447973600082501,3,0
5,0.4,0.375,0.1919191919191919,0.9241466498103665,0,84,0.1148504941824096,0.9825203671238529,3,3
5,0.30000000000000004,0.375,0.16666666666666666,0.8735777496839443,0,84,0.12423370449143,0.9700938434567394,3,3
0,0.1,0.125,0.06565656565656566,0.05689001264222503,0,100,0.021643938446140373,0.39713313395895633,0,2
5,0.4,0.25,0.1919191919191919,0.7471554993678887,0,84,0.09295633679469535,0.9355986387542541,3,3
5,0.30000000000000004,0.25,0.11111111111111112,0.4184576485461441,0,84,0.08770173902164392,0.8084459111065281,3,3
0,0.20000000000000004,0.25,0.06565656565656566,0.3173198482932996,0,84,0.10759414487676716,0.7484273486645356,2,2
0,0.30000000000000004,0.375,0.09242424242424242,0.36788874841972186,0,84,0.09158013261603902,0.7804475611013717,2,3
0,0.1,0.125,0.0303030303030303,0.10745891276864727,0,54,0.0726886025272113,0.520882747241415,1,1
0,0.1,0.125,0.0303030303030303,0.24146649810366622,0,84,0.15551107218816465,0.6896978446942355,2,1
0,0.30000000000000004,0.375,0.0404040404040404,0.36788874841972186,0,41,0.1867884398848993,0.7804475611013717,2,1
3,0.20000000000000004,0.125,0.03282828282828283,0.0012642225031605555,0,3,0.006505692480920805,0.02309992781272563,0,1
1,0.1,0.125,0.03686868686868687,0.16561314791403287,0,84,0.09333166520705617,0.6099309064659173,1,1
3,0.1,0.125,0.025252525252525252,0.0012642225031605555,0,3,0.008007006130364067,0.02309992781272563,0,1
0,0.0,0.125,0.0303030303030303,0.011378002528445006,0,41,0.01313649443262855,0.1527276477261008,0,1
5,0.30000000000000004,0.125,0.05050505050505051,0.24146649810366622,0,54,0.10334042287001124,0.6896978446942355,2,2
0,0.1,0.125,0.0404040404040404,0.4437420986093552,0,84,0.22432128112098085,0.8212333711457154,3,1
0,0.1,0.25,0.055555555555555566,0.2793931731984829,0,66,0.10984611535093206,0.7209961843869239,2,2
0,0.20000000000000004,0.25,0.06060606060606061,0.30088495575221236,0,66,0.10947078693857125,0.7369289470970406,2,2
0,0.1,0.125,0.045454545454545456,0.34260429835651074,0,84,0.15838859001626424,0.7649788594410643,2,2
4,0.0,0.125,0.11616161616161617,0.36788874841972186,0,84,0.07418991617665456,0.7804475611013717,2,3
1,0.4,0.25,0.08080808080808081,0.49431099873577744,0,4,0.1381208557487802,0.8447973600082501,3,2
0,0.0,0.125,0.025252525252525252,0.12768647281921616,0,41,0.09746027774302514,0.5560482623491803,1,1
5,0.30000000000000004,0.25,0.1732323232323232,0.1529709228824273,0,117,0.021518828975353434,0.5933793956893887,1,3
5,0.1,0.125,0.06565656565656566,0.20353982300884954,0,66,0.0700613036406856,0.6533463957925132,2,2
4,0.1,0.125,0.10101010101010101,0.34260429835651074,0,21,0.07869385712498436,0.7649788594410643,2,3
0,0.1,0.125,0.0303030303030303,0.1529709228824273,0,84,0.10071312398348553,0.5933793956893887,1,1
0,0.20000000000000004,0.125,0.09090909090909091,0.13527180783817952,0,3,0.03540598023270362,0.5679076002887493,1,2
1,0.20000000000000004,0.125,0.08080808080808081,0.36788874841972186,0,4,0.10334042287001124,0.7804475611013717,2,2
0,0.1,0.125,0.045454545454545456,0.17825537294563842,0,4,0.08444889278118353,0.625348045787357,2,2
0,0.1,0.125,0.015151515151515152,0.12768647281921616,0,84,0.13674465157012386,0.5560482623491803,1,0
5,0.20000000000000004,0.25,0.09090909090909091,0.36788874841972186,0,117,0.09295633679469535,0.7804475611013717,2,2
5,0.20000000000000004,0.25,0.11111111111111112,0.24146649810366622,0,5,0.05129488302264481,0.6896978446942355,2,3
4,0.0,0.125,0.012626262626262628,0.22882427307206066,0,3,0.26323032653571876,0.6782510054656081,2,0
0,0.0,0.125,0.02272727272727273,0.007585335018963338,0,41,0.013511822844989363,0.11240589873156648,0,1
5,0.1,0.125,0.1414141414141414,0.1150442477876106,0,11,0.02001751532591017,0.5347014540579562,1,3
4,0.0,0.125,0.04292929292929293,0.26675094816687733,0,66,0.13023895908920305,0.7110446529854595,2,2
0,0.1,0.125,0.0303030303030303,0.10745891276864727,0,54,0.0726886025272113,0.520882747241415,1,1
5,0.1,0.125,0.0404040404040404,0.07711757269279393,0,100,0.04291254847991993,0.4550376405073735,1,1
0,0.20000000000000004,0.375,0.06060606060606061,0.36788874841972186,0,84,0.13311647691730266,0.7804475611013717,2,2
0,0.20000000000000004,0.25,0.045454545454545456,0.25663716814159293,0,84,0.1197297635431002,0.7027431164277613,2,2
5,0.20000000000000004,0.125,0.05050505050505051,0.07711757269279393,0,11,0.035656199174277495,0.4550376405073735,1,2
0,0.0,0.125,0.020202020202020204,0.2920353982300885,0,66,0.24934317527836858,0.7304836547385791,2,1
0,0.1,0.125,0.045454545454545456,0.22882427307206066,0,4,0.10721881646440636,0.6782510054656081,2,2
0,0.0,0.125,0.018181818181818184,0.2161820480404551,0,54,0.2001751532591017,0.6661338558317005,2,1
1,0.0,0.25,0.2035353535353535,0.8798988621997471,0,5,0.10334042287001124,0.9716922759616378,3,3
0,0.20000000000000004,0.125,0.07575757575757576,0.26675094816687733,0,41,0.08007006130364068,0.7110446529854595,2,2
1,0.8,0.625,0.16666666666666666,0.9367888748419722,0,5,0.13311647691730266,0.985510982778179,3,3
0,0.0,0.125,0.01616161616161616,0.14032869785082175,0,66,0.14350056299261854,0.5754872641022999,1,1
0,0.1,0.125,0.04292929292929293,0.20101137800252844,0,3,0.09921181033404228,0.650716716510261,2,2
0,0.20000000000000004,0.25,0.0707070707070707,0.36283185840707965,0,41,0.1148504941824096,0.7774569454470455,2,2
5,0.20000000000000004,0.125,0.0404040404040404,0.07711757269279393,0,11,0.04291254847991993,0.4550376405073735,1,1
0,0.1,0.125,0.0404040404040404,0.12010113780025283,0,5,0.06418115851369949,0.5434670516654636,1,1
0,0.0,0.125,0.03535353535353536,0.07711757269279393,0,84,0.04779181784061053,0.4550376405073735,1,1
5,0.4,0.25,0.24242424242424243,0.19089759797724398,0,54,0.019141749030401604,0.6397855006703106,2,3
0,0.20000000000000004,0.125,0.045454545454545456,0.17825537294563842,0,5,0.08444889278118353,0.625348045787357,2,2
0,0.1,0.125,0.0303030303030303,0.10240202275600505,0,11,0.0694357562867509,0.511189027534289,1,1
5,0.20000000000000004,0.125,0.2626262626262626,0.1150442477876106,0,117,0.010759414487676717,0.5347014540579562,1,3
0,0.1,0.125,0.03535353535353536,0.14032869785082175,0,11,0.08257225071937944,0.5754872641022999,1,1
0,0.1,0.125,0.03535353535353536,0.1327433628318584,0,5,0.07831852871262354,0.5639888625348048,1,1
0,0.30000000000000004,0.125,0.0404040404040404,0.17825537294563842,0,5,0.09295633679469535,0.625348045787357,2,1
0,0.1,0.125,0.0101010101010101,0.14032869785082175,0,5,0.1867884398848993,0.5754872641022999,1,0
0,0.20000000000000004,0.125,0.04292929292929293,0.20101137800252844,0,3,0.09921181033404228,0.650716716510261,2,2
0,0.1,0.125,0.0303030303030303,0.10745891276864727,0,5,0.0726886025272113,0.520882747241415,1,1
0,0.1,0.125,0.025252525252525252,0.06447534766118837,0,5,0.052796196672088076,0.4206455604826236,0,1
0,0.20000000000000004,0.125,0.0404040404040404,0.0518331226295828,0,11,0.030401601401226074,0.37996287511601534,0,1
0,0.20000000000000004,0.375,0.04848484848484849,0.36788874841972186,0,84,0.160890779432003,0.7804475611013717,2,2
5,0.20000000000000004,0.125,0.06565656565656566,0.10998735777496839,0,5,0.03915926435631178,0.525574920078375,1,2
0,0.1,0.125,0.02272727272727273,0.011378002528445006,0,5,0.01638934067308895,0.1527276477261008,0,1
0,0.30000000000000004,0.375,0.059595959595959605,0.26675094816687733,0,5,0.09883648192168146,0.7110446529854595,2,2
0,0.1,0.125,0.023232323232323233,0.1529709228824273,0,100,0.1223570624296259,0.5933793956893887,1,1
5,0.20000000000000004,0.25,0.0404040404040404,0.12768647281921616,0,11,0.06793444263730763,0.5560482623491803,1,1
3,0.1,0.125,0.025252525252525252,0.0037926675094816682,0,5,0.009883648192168146,0.0631638651129216,0,1
5,0.1,0.125,0.05050505050505051,0.40581542351453853,0,41,0.17114975603653196,0.801742807053728,3,2
1,0.7000000000000001,0.5,0.3939393939393939,0.6207332490518331,0,4,0.038158388590016266,0.8947612663710427,3,3
0,0.20000000000000004,0.125,0.026262626262626262,0.08470290771175726,0,11,0.06518203427999499,0.4733938331442715,1,1
0,0.1,0.125,0.0303030303030303,0.10240202275600505,0,11,0.0694357562867509,0.511189027534289,1,1
0,0.0,0.125,0.025252525252525252,0.26675094816687733,0,41,0.19567121231077195,0.7110446529854595,2,1
1,0.1,0.125,0.06565656565656566,0.30467762326169406,0,41,0.10334042287001124,0.7396617510570282,2,2
3,0.1,0.125,0.0303030303030303,0.01011378002528445,0,84,0.012385837607906918,0.14009487470351667,0,1
0,0.1,0.25,0.04797979797979798,0.393173198482933,0,41,0.17315150756912298,0.7948850159843253,3,2
4,0.0,0.125,0.015151515151515152,0.10240202275600505,0,54,0.11172275741273613,0.511189027534289,1,0
4,0.1,0.25,0.09090909090909091,0.2920353982300885,0,41,0.07418991617665456,0.7304836547385791,2,2
0,0.20000000000000004,0.125,0.03787878787878787,0.1302149178255373,0,21,0.07281371199799824,0.5600701247808602,1,1
1,0.20000000000000004,0.125,0.0404040404040404,0.16055625790139064,0,84,0.08419867383960965,0.6034340517685883,1,1
0,0.20000000000000004,0.125,0.03787878787878787,0.05815423514538558,0,5,0.03528087076191668,0.40120655872950417,0,1
0,0.1,0.125,0.03282828282828283,0.14032869785082175,0,21,0.08745152008007005,0.5754872641022999,1,1
5,0.1,0.125,0.06060606060606061,0.16561314791403287,0,54,0.061678969097960716,0.6099309064659173,1,2
0,0.20000000000000004,0.125,0.055555555555555566,0.2161820480404551,0,4,0.08569998748905291,0.6661338558317005,2,2
1,0.1,0.125,0.005050505050505052,0.08975979772439949,0,84,0.16589515826348056,0.48484067237289885,1,0
3,0.1,0.125,0.025252525252525252,0.006321112515802781,0,5,0.011635180783185286,0.09719500876559761,0,1
0,0.20000000000000004,0.25,0.0707070707070707,0.26675094816687733,0,41,0.08519954960590516,0.7110446529854595,2,2
0,0.20000000000000004,0.25,0.045454545454545456,0.2161820480404551,0,54,0.10146378080820717,0.6661338558317005,2,2
0,0.1,0.125,0.045454545454545456,0.20101137800252844,0,54,0.09470786938571249,0.650716716510261,2,2
0,0.30000000000000004,0.125,0.06060606060606061,0.30467762326169406,0,84,0.11084699111722757,0.7396617510570282,2,2
0,0.1,0.125,0.045959595959595964,0.03413400758533502,0,11,0.01939196797197548,0.3067443539238939,0,2
0,0.20000000000000004,0.125,0.0303030303030303,0.26675094816687733,0,41,0.17114975603653196,0.7110446529854595,2,1
0,0.20000000000000004,0.25,0.03535353535353536,0.17825537294563842,0,84,0.10334042287001124,0.625348045787357,2,1
0,0.1,0.125,0.019191919191919194,0.1706700379266751,0,5,0.1543850869510822,0.6162215118077756,2,1
3,0.1,0.125,0.025252525252525252,0.0012642225031605555,0,5,0.008007006130364067,0.02309992781272563,0,1
0,0.1,0.125,0.02777777777777778,0.07458912768647281,0,11,0.055798823970974604,0.448592348148912,1,1
4,0.30000000000000004,0.125,0.1919191919191919,0.49431099873577744,0,3,0.061678969097960716,0.8447973600082501,3,3
5,0.1,0.125,0.0303030303030303,0.008849557522123892,0,5,0.011635180783185286,0.1266886665979169,0,1
0,0.1,0.125,0.020202020202020204,0.26675094816687733,0,41,0.22844989365694982,0.7110446529854595,2,1
0,0.20000000000000004,0.125,0.0404040404040404,0.011378002528445006,0,5,0.0103840860753159,0.1527276477261008,0,1
0,0.1,0.25,0.05050505050505051,0.40581542351453853,0,41,0.17114975603653196,0.801742807053728,3,2
1,0.1,0.125,0.05050505050505051,0.2920353982300885,0,41,0.12423370449143,0.7304836547385791,2,2
0,0.20000000000000004,0.25,0.1414141414141414,0.30467762326169406,0,84,0.05129488302264481,0.7396617510570282,2,3
0,0.1,0.125,0.017676767676767676,0.17825537294563842,0,84,0.16977355185787565,0.625348045787357,2,1
0,0.0,0.125,0.005050505050505052,0.07711757269279393,0,5,0.14512698611284874,0.4550376405073735,1,0
0,0.1,0.125,0.025252525252525252,0.011378002528445006,0,41,0.015263355436006506,0.1527276477261008,0,1
0,0.1,0.125,0.0404040404040404,0.01643489254108723,0,41,0.012886275491054673,0.1972259461689183,0,1
0,0.20000000000000004,0.125,0.02777777777777778,0.2161820480404551,0,3,0.1492555986488177,0.6661338558317005,2,1
5,0.4,0.125,0.06060606060606061,0.16561314791403287,0,117,0.061678969097960716,0.6099309064659173,1,2
3,0.1,0.125,0.05050505050505051,0.008849557522123892,0,84,0.007506568247216314,0.1266886665979169,0,2
0,0.1,0.125,0.025252525252525252,0.0037926675094816682,0,84,0.009883648192168146,0.0631638651129216,0,1
0,0.1,0.125,0.03535353535353536,0.011378002528445006,0,5,0.011635180783185286,0.1527276477261008,0,1
0,0.0,0.125,0.03535353535353536,0.09734513274336283,0,84,0.05892656074064807,0.5010312467773539,1,1
5,0.1,0.125,0.03535353535353536,0.06953223767383059,0,5,0.04366320530464156,0.4350314530267094,1,1
0,0.1,0.125,0.045454545454545456,0.1731984829329962,0,54,0.08219692230701862,0.6193152521398373,2,2
0,0.0,0.125,0.020202020202020204,0.16561314791403287,0,66,0.14512698611284874,0.6099309064659173,1,1
5,0.20000000000000004,0.125,0.0404040404040404,0.19089759797724398,0,3,0.09921181033404228,0.6397855006703106,2,1
0,0.20000000000000004,0.125,0.06565656565656566,0.10998735777496839,0,11,0.03915926435631178,0.525574920078375,1,2
4,0.0,0.125,0.015151515151515152,0.36788874841972186,0,54,0.37445264606530715,0.7804475611013717,2,0
5,0.4,0.25,0.1616161616161616,0.4437420986093552,0,41,0.06530714375078192,0.8212333711457154,3,3
0,0.1,0.125,0.04292929292929293,0.36788874841972186,0,41,0.17790566745902664,0.7804475611013717,2,2
0,0.1,0.125,0.02272727272727273,0.26675094816687733,0,5,0.2108094582759915,0.7110446529854595,2,1
0,0.0,0.125,0.020202020202020204,0.1150442477876106,0,4,0.10334042287001124,0.5347014540579562,1,1
0,0.20000000000000004,0.125,0.0404040404040404,0.12768647281921616,0,11,0.06793444263730763,0.5560482623491803,1,1
0,0.0,0.125,0.017676767676767676,0.2161820480404551,0,41,0.20380332791192293,0.6661338558317005,2,1
0,0.0,0.25,0.025252525252525252,0.2920353982300885,0,5,0.21356186663330415,0.7304836547385791,2,1
0,0.1,0.125,0.02777777777777778,0.20353982300884954,0,66,0.14087326410609283,0.6533463957925132,2,1
4,0.0,0.125,0.0404040404040404,0.1529709228824273,0,66,0.08044538971600149,0.5933793956893887,1,1
4,0.0,0.125,0.002525252525252526,0.36788874841972186,0,84,0.7497810584261229,0.7804475611013717,2,0
0,0.1,0.25,0.05050505050505051,0.40581542351453853,0,41,0.17114975603653196,0.801742807053728,3,2
1,0.0,0.125,0.13535353535353534,0.2920353982300885,0,5,0.05129488302264481,0.7304836547385791,2,3
0,0.1,0.125,0.05050505050505051,0.2920353982300885,0,41,0.12423370449143,0.7304836547385791,2,2
0,0.20000000000000004,0.125,0.0404040404040404,0.12010113780025283,0,117,0.06418115851369949,0.5434670516654636,1,1
0,0.20000000000000004,0.125,0.0404040404040404,0.12010113780025283,0,117,0.06418115851369949,0.5434670516654636,1,1
0,0.1,0.125,0.03888888888888889,0.14032869785082175,0,3,0.0765669961216064,0.5754872641022999,1,1
0,0.1,0.125,0.0404040404040404,0.018963337547408345,0,41,0.014137370198924056,0.2165618232443025,0,1
0,0.0,0.125,0.025252525252525252,0.011378002528445006,0,41,0.015263355436006506,0.1527276477261008,0,1
0,0.1,0.125,0.05050505050505051,0.19089759797724398,0,84,0.08257225071937944,0.6397855006703106,2,2
0,0.0,0.125,0.0404040404040404,0.013906447534766117,0,41,0.011635180783185286,0.17608538723316491,0,1
5,0.30000000000000004,0.375,0.11111111111111112,0.36788874841972186,0,54,0.07731765294632803,0.7804475611013717,2,3
3,0.1,0.125,0.02272727272727273,0.006321112515802781,0,4,0.012636056549480796,0.09719500876559761,0,1
5,0.30000000000000004,0.25,0.10101010101010101,0.16308470290771174,0,21,0.038408607531590144,0.6067340414561206,1,3
5,0.30000000000000004,0.25,0.10101010101010101,0.16561314791403287,0,21,0.0389090454147379,0.6099309064659173,1,3
4,0.20000000000000004,0.25,0.15656565656565655,0.36788874841972186,0,5,0.056049042912548475,0.7804475611013717,2,3
0,0.20000000000000004,0.125,0.03888888888888889,0.14032869785082175,0,4,0.0765669961216064,0.5754872641022999,1,1
0,0.0,0.25,0.005050505050505052,0.08975979772439949,0,41,0.16589515826348056,0.48484067237289885,1,0
3,0.20000000000000004,0.125,0.0404040404040404,0.03919089759797724,0,84,0.024146127861879144,0.3302052181086934,0,1
0,0.1,0.125,0.04292929292929293,0.20101137800252844,0,3,0.09921181033404228,0.650716716510261,2,2
5,0.20000000000000004,0.125,0.05050505050505051,0.0518331226295828,0,117,0.025147003628174652,0.37996287511601534,0,2
4,0.0,0.125,0.015151515151515152,0.14032869785082175,0,117,0.1492555986488177,0.5754872641022999,1,0
0,0.1,0.125,0.045454545454545456,0.12768647281921616,0,3,0.061678969097960716,0.5560482623491803,1,2
0,0.1,0.125,0.03535353535353536,0.011378002528445006,0,5,0.011635180783185286,0.1527276477261008,0,1
0,0.1,0.125,0.015151515151515152,0.013906447534766117,0,5,0.024146127861879144,0.17608538723316491,0,0
0,0.20000000000000004,0.25,0.08585858585858586,0.36788874841972186,0,84,0.09783560615538595,0.7804475611013717,2,2
0,0.0,0.125,0.03535353535353536,0.2541087231352718,0,84,0.14512698611284874,0.7006290605341858,2,1
5,0.20000000000000004,0.25,0.0404040404040404,0.24146649810366622,0,41,0.12423370449143,0.6896978446942355,2,1
0,0.1,0.25,0.00909090909090909,0.018963337547408345,0,5,0.03865882647316402,0.2165618232443025,0,0
0,0.20000000000000004,0.125,0.055555555555555566,0.20353982300884954,0,41,0.08094582759914924,0.6533463957925132,2,2
5,0.1,0.25,0.0404040404040404,0.12768647281921616,0,5,0.06793444263730763,0.5560482623491803,1,1
0,0.20000000000000004,0.125,0.06060606060606061,0.26675094816687733,0,84,0.09746027774302514,0.7110446529854595,2,2
0,0.1,0.125,0.0303030303030303,0.1150442477876106,0,54,0.07731765294632803,0.5347014540579562,1,1
0,0.20000000000000004,0.125,0.0404040404040404,0.07964601769911504,0,54,0.044163643187789314,0.4613282458492318,1,1
5,0.20000000000000004,0.125,0.06060606060606061,0.16561314791403287,0,84,0.061678969097960716,0.6099309064659173,1,2
0,0.1,0.125,0.03535353535353536,0.20353982300884954,0,41,0.11722757412736143,0.6533463957925132,2,1
0,0.30000000000000004,0.25,0.09090909090909091,0.36788874841972186,0,3,0.09295633679469535,0.7804475611013717,2,2
0,0.20000000000000004,0.125,0.045454545454545456,0.19089759797724398,0,11,0.09007881896659575,0.6397855006703106,2,2
0,0.1,0.125,0.0303030303030303,0.12010113780025283,0,3,0.08044538971600149,0.5434670516654636,1,1
0,0.0,0.125,0.020202020202020204,0.006321112515802781,0,5,0.01376204178656324,0.09719500876559761,0,1
0,0.20000000000000004,0.25,0.045454545454545456,0.013906447534766117,0,5,0.010509195546102839,0.17608538723316491,0,2
5,0.4,0.5,0.21717171717171715,0.9999999999999999,0,5,0.11034655323407981,1.0000000000000002,3,3
0,0.20000000000000004,0.125,0.0303030303030303,0.16055625790139064,0,84,0.1054672838733892,0.6034340517685883,1,1
0,0.20000000000000004,0.125,0.0303030303030303,0.16561314791403287,0,84,0.10859502064306267,0.6099309064659173,1,1
4,0.0,0.0,0.0,0.08975979772439949,0,54,0.24934317527836858,0.48484067237289885,1,0
4,0.0,0.125,0.005050505050505052,0.07711757269279393,0,11,0.14512698611284874,0.4550376405073735,1,0
0,0.20000000000000004,0.125,0.09090909090909091,0.4437420986093552,0,41,0.11172275741273613,0.8212333711457154,3,2
0,0.20000000000000004,0.25,0.10606060606060606,0.19089759797724398,0,84,0.042662329538346054,0.6397855006703106,2,3
0,0.1,0.125,0.02929292929292929,0.2541087231352718,0,41,0.16752158138371076,0.7006290605341858,2,1
5,0.20000000000000004,0.125,0.045454545454545456,0.17825537294563842,0,84,0.08444889278118353,0.625348045787357,2,2
0,0.30000000000000004,0.125,0.055555555555555566,0.36788874841972186,0,41,0.14350056299261854,0.7804475611013717,2,2
0,0.0,0.125,0.02929292929292929,0.2541087231352718,0,41,0.16752158138371076,0.7006290605341858,2,1
5,0.20000000000000004,0.125,0.0303030303030303,0.1150442477876106,0,3,0.07731765294632803,0.5347014540579562,1,1
0,0.0,0.125,0.012626262626262628,0.013906447534766117,0,5,0.026898536219191794,0.17608538723316491,0,0
0,0.1,0.125,0.0404040404040404,0.02654867256637168,0,5,0.017890654322532215,0.26616479323502107,0,1
5,0.1,0.125,0.06565656565656566,0.011378002528445006,0,5,0.006630801951707743,0.1527276477261008,0,2
0,0.20000000000000004,0.125,0.045454545454545456,0.12389380530973451,0,54,0.05992743650694358,0.5498607816850574,1,2
0,0.20000000000000004,0.125,0.05050505050505051,0.07711757269279393,0,21,0.035656199174277495,0.4550376405073735,1,2
5,0.20000000000000004,0.25,0.08484848484848485,0.16561314791403287,0,66,0.04566495683723258,0.6099309064659173,1,2
1,0.30000000000000004,0.25,0.08080808080808081,0.49431099873577744,0,4,0.1381208557487802,0.8447973600082501,3,2
4,0.0,0.125,0.03535353535353536,0.2920353982300885,0,4,0.16589515826348056,0.7304836547385791,2,1
0,0.20000000000000004,0.25,0.06565656565656566,0.24146649810366622,0,21,0.08257225071937944,0.6896978446942355,2,2
0,0.20000000000000004,0.125,0.03636363636363636,0.12262958280657396,0,117,0.07118728887776804,0.5477467257914819,1,1
0,0.30000000000000004,0.25,0.06363636363636364,0.17825537294563842,0,3,0.06343050168897785,0.625348045787357,2,2
0,0.0,0.125,0.025252525252525252,0.2541087231352718,0,41,0.1867884398848993,0.7006290605341858,2,1
1,0.1,0.125,0.013636363636363637,0.17825537294563842,0,11,0.1987989490804454,0.625348045787357,2,0
1,0.20000000000000004,0.25,0.01717171717171717,0.24146649810366622,0,11,0.23082697360190166,0.6896978446942355,2,1
0,0.30000000000000004,0.375,0.07323232323232323,0.6207332490518331,0,41,0.18866508194670337,0.8947612663710427,3,2
0,0.0,0.125,0.0303030303030303,0.2920353982300885,0,84,0.1867884398848993,0.7304836547385791,2,1
0,0.20000000000000004,0.25,0.08080808080808081,0.2793931731984829,0,11,0.07906918553734517,0.7209961843869239,2,2
0,0.20000000000000004,0.125,0.03282828282828283,0.17825537294563842,0,84,0.10947078693857125,0.625348045787357,2,1
0,0.20000000000000004,0.375,0.08080808080808081,0.5448798988621997,0,84,0.15200800700613037,0.8661441682994742,3,2
0,0.20000000000000004,0.125,0.03282828282828283,0.14032869785082175,0,5,0.08745152008007005,0.5754872641022999,1,1
0,0.20000000000000004,0.25,0.07575757575757576,0.3173198482932996,0,3,0.09483297885649943,0.7484273486645356,2,2
0,0.1,0.125,0.025252525252525252,0.07711757269279393,0,54,0.061678969097960716,0.4550376405073735,1,1
0,0.30000000000000004,0.25,0.08080808080808081,0.393173198482933,0,41,0.11034655323407981,0.7948850159843253,3,2
0,0.20000000000000004,0.125,0.06565656565656566,0.2161820480404551,0,41,0.07418991617665456,0.6661338558317005,2,2
0,0.0,0.125,0.019191919191919194,0.17825537294563842,0,41,0.160890779432003,0.625348045787357,2,1
0,0.20000000000000004,0.25,0.06464646464646465,0.36283185840707965,0,41,0.12423370449143,0.7774569454470455,2,2
5,0.0,0.125,0.025252525252525252,0.07079646017699115,0,5,0.05717502814963092,0.43848612973084466,1,1
0,0.1,0.125,0.0303030303030303,0.2541087231352718,0,41,0.16326785937695482,0.7006290605341858,2,1
0,0.20000000000000004,0.125,0.03535353535353536,0.2161820480404551,0,41,0.12423370449143,0.6661338558317005,2,1
0,0.20000000000000004,0.125,0.04646464646464647,0.2161820480404551,0,41,0.09971224821719002,0.6661338558317005,2,2
0,0.1,0.125,0.02272727272727273,0.17825537294563842,0,41,0.14350056299261854,0.625348045787357,2,1
5,0.20000000000000004,0.125,0.29292929292929293,0.03109987357774968,0,11,0.00262729888652571,0.2913787769413221,0,3
0,0.1,0.125,0.020202020202020204,0.17825537294563842,0,41,0.15551107218816465,0.625348045787357,2,1
1,0.1,0.125,0.015151515151515152,0.16561314791403287,0,4,0.17427749280620544,0.6099309064659173,1,0
0,0.20000000000000004,0.25,0.05050505050505051,0.20353982300884954,0,11,0.08770173902164392,0.6533463957925132,2,2
0,0.0,0.125,0.0101010101010101,0.013906447534766117,0,5,0.030401601401226074,0.17608538723316491,0,0
5,0.1,0.25,0.055555555555555566,0.16561314791403287,0,66,0.06643312898786437,0.6099309064659173,1,2
0,0.1,0.25,0.06565656565656566,0.4437420986093552,0,41,0.1492555986488177,0.8212333711457154,3,2
2,0.1,0.125,0.015151515151515152,0.03919089759797724,0,4,0.04916802201926686,0.3302052181086934,0,0
1,0.1,0.125,0.0404040404040404,0.12768647281921616,0,5,0.06793444263730763,0.5560482623491803,1,1
1,0.0,0.125,0.0303030303030303,0.10240202275600505,0,5,0.0694357562867509,0.511189027534289,1,1
0,0.1,0.125,0.02777777777777778,0.12768647281921616,0,5,0.0908294757913174,0.5560482623491803,1,1
5,0.7000000000000001,0.5,0.1414141414141414,0.9999999999999999,0,84,0.16589515826348056,1.0000000000000002,3,3
3,0.1,0.125,0.02272727272727273,0.0037926675094816682,0,5,0.010634305016889778,0.0631638651129216,0,1
0,0.20000000000000004,0.125,0.0707070707070707,0.20353982300884954,0,3,0.06555736269235579,0.6533463957925132,2,2
0,0.20000000000000004,0.125,0.055555555555555566,0.24146649810366622,0,84,0.09533341673964718,0.6896978446942355,2,2
0,0.0,0.125,0.015151515151515152,0.07711757269279393,0,54,0.08670086325534843,0.4550376405073735,1,0
0,0.1,0.125,0.05050505050505051,0.2920353982300885,0,41,0.12423370449143,0.7304836547385791,2,2
0,0.0,0.125,0.005050505050505052,0.006321112515802781,0,4,0.02827474039784812,0.09719500876559761,0,0
0,0.20000000000000004,0.125,0.045454545454545456,0.2920353982300885,0,84,0.13561866633304143,0.7304836547385791,2,2
5,0.1,0.25,0.04797979797979798,0.393173198482933,0,41,0.17315150756912298,0.7948850159843253,3,2
5,0.1,0.125,0.0404040404040404,0.07711757269279393,0,100,0.04291254847991993,0.4550376405073735,1,1
0,0.1,0.125,0.045454545454545456,0.2920353982300885,0,41,0.13561866633304143,0.7304836547385791,2,2
0,0.1,0.25,0.05050505050505051,0.2920353982300885,0,41,0.12423370449143,0.7304836547385791,2,2
0,0.1,0.125,0.03535353535353536,0.14032869785082175,0,84,0.08257225071937944,0.5754872641022999,1,1
5,0.30000000000000004,0.125,0.06060606060606061,0.16561314791403287,0,54,0.061678969097960716,0.6099309064659173,1,2
5,0.30000000000000004,0.125,0.06060606060606061,0.2920353982300885,0,41,0.10634305016889778,0.7304836547385791,2,2
0,0.1,0.125,0.045454545454545456,0.49431099873577744,0,41,0.22657325159514574,0.8447973600082501,3,2
0,0.1,0.125,0.06060606060606061,0.12768647281921616,0,84,0.04829225572375829,0.5560482623491803,1,2
1,0.1,0.125,0.0404040404040404,0.24146649810366622,0,4,0.12423370449143,0.6896978446942355,2,1
1,0.1,0.125,0.0404040404040404,0.1706700379266751,0,84,0.08920305267108719,0.6162215118077756,2,1
0,0.20000000000000004,0.125,0.02777777777777778,0.10240202275600505,0,41,0.07418991617665456,0.511189027534289,1,1
3,0.1,0.125,0.025252525252525252,0.0012642225031605555,0,5,0.008007006130364067,0.02309992781272563,0,1
5,0.20000000000000004,0.125,0.0404040404040404,0.1150442477876106,0,5,0.061678969097960716,0.5347014540579562,1,1
0,0.0,0.125,0.017676767676767676,0.002528445006321111,0,5,0.011635180783185286,0.04403423739300816,0,1
0,0.1,0.125,0.020202020202020204,0.1150442477876106,0,11,0.10334042287001124,0.5347014540579562,1,1
5,0.20000000000000004,0.125,0.06060606060606061,0.08975979772439949,0,5,0.03490554234955586,0.48484067237289885,1,2
5,0.20000000000000004,0.125,0.04292929292929293,0.08975979772439949,0,117,0.04679094207431503,0.48484067237289885,1,2
0,0.1,0.125,0.04090909090909091,0.16561314791403287,0,5,0.08582509695983985,0.6099309064659173,1,2
4,0.20000000000000004,0.125,0.04292929292929293,0.26675094816687733,0,66,0.13023895908920305,0.7110446529854595,2,2
5,0.30000000000000004,0.25,0.08080808080808081,0.19089759797724398,0,5,0.05467283873389216,0.6397855006703106,2,2
0,0.20000000000000004,0.375,0.11616161616161617,0.8735777496839443,0,5,0.17427749280620544,0.9700938434567394,3,3
4,0.0,0.125,0.09090909090909091,0.20353982300884954,0,11,0.05229575878894032,0.6533463957925132,2,2
0,0.1,0.125,0.05050505050505051,0.2920353982300885,0,41,0.12423370449143,0.7304836547385791,2,2
5,0.20000000000000004,0.125,0.0404040404040404,0.12515802781289506,0,66,0.06668334792943825,0.5519232752397649,1,1
0,0.1,0.25,0.05050505050505051,0.3173198482932996,0,41,0.13461779056674592,0.7484273486645356,2,2
2,0.1,0.25,0.02777777777777778,0.018963337547408345,0,4,0.019141749030401604,0.2165618232443025,0,1
0,0.1,0.125,0.005050505050505052,0.07711757269279393,0,5,0.14512698611284874,0.4550376405073735,1,0
0,0.20000000000000004,0.25,0.055555555555555566,0.18836915297092288,0,11,0.07519079194295007,0.6370011343714552,2,2
0,0.0,0.125,0.0303030303030303,0.23893805309734512,0,41,0.1540097585387214,0.6874806641229247,2,1
0,0.1,0.25,0.05050505050505051,0.49431099873577744,0,41,0.20768172150631806,0.8447973600082501,3,2
0,0.1,0.125,0.06565656565656566,0.05689001264222503,0,100,0.021643938446140373,0.39713313395895633,0,2
0,0.0,0.125,0.06060606060606061,0.2793931731984829,0,66,0.10183910922056799,0.7209961843869239,2,2
1,0.4,0.25,0.055555555555555566,0.19089759797724398,0,100,0.07606655823845865,0.6397855006703106,2,2
5,0.30000000000000004,0.375,0.08080808080808081,0.1150442477876106,0,117,0.03390466658326035,0.5347014540579562,1,2
0,0.1,0.125,0.020202020202020204,0.18331226295828065,0,84,0.15963968472413362,0.6312777147571416,2,1
0,0.1,0.125,0.06464646464646465,0.19089759797724398,0,21,0.06680845740022519,0.6397855006703106,2,2
4,0.0,0.125,0.025252525252525252,0.07711757269279393,0,5,0.061678969097960716,0.4550376405073735,1,1
0,0.1,0.25,0.0303030303030303,0.2541087231352718,0,41,0.16326785937695482,0.7006290605341858,2,1
0,0.0,0.125,0.03737373737373738,0.17825537294563842,0,54,0.0989615913924684,0.625348045787357,2,1
0,0.1,0.125,0.04292929292929293,0.36788874841972186,0,41,0.17790566745902664,0.7804475611013717,2,2
0,0.1,0.125,0.025252525252525252,0.3173198482932996,0,41,0.23145252095583635,0.7484273486645356,2,1
0,0.20000000000000004,0.25,0.07575757575757576,0.2161820480404551,0,5,0.06530714375078192,0.6661338558317005,2,2
0,0.1,0.125,0.04646464646464647,0.20353982300884954,0,66,0.0940823220317778,0.6533463957925132,2,2
0,0.20000000000000004,0.125,0.04646464646464647,0.20353982300884954,0,66,0.0940823220317778,0.6533463957925132,2,2
0,0.20000000000000004,0.125,0.05050505050505051,0.19089759797724398,0,84,0.08257225071937944,0.6397855006703106,2,2
0,0.1,0.125,0.0404040404040404,0.10240202275600505,0,11,0.05542349555861378,0.511189027534289,1,1
5,0.20000000000000004,0.125,0.0404040404040404,0.14032869785082175,0,54,0.07418991617665456,0.5754872641022999,1,1
0,0.1,0.125,0.0404040404040404,0.10240202275600505,0,11,0.05542349555861378,0.511189027534289,1,1
0,0.1,0.125,0.025252525252525252,0.2920353982300885,0,41,0.21356186663330415,0.7304836547385791,2,1
5,0.30000000000000004,0.25,0.10101010101010101,0.2920353982300885,0,41,0.06730889528337294,0.7304836547385791,2,3
3,0.1,0.125,0.017676767676767676,0.006321112515802781,0,4,0.015013136494432628,0.09719500876559761,0,1
0,0.1,0.125,0.045454545454545456,0.08975979772439949,0,11,0.04466408107093707,0.48484067237289885,1,2
5,0.1,0.125,0.1414141414141414,0.06447534766118837,0,5,0.011635180783185286,0.4206455604826236,0,3
0,0.0,0.25,0.025252525252525252,0.3173198482932996,0,41,0.23145252095583635,0.7484273486645356,2,1
0,0.1,0.125,0.03787878787878787,0.19089759797724398,0,4,0.10446640810709369,0.6397855006703106,2,1
1,0.30000000000000004,0.25,0.08080808080808081,0.03919089759797724,0,5,0.01301138496184161,0.3302052181086934,0,2
0,0.20000000000000004,0.125,0.05050505050505051,0.14032869785082175,0,3,0.061678969097960716,0.5754872641022999,1,2
3,0.30000000000000004,0.125,0.05050505050505051,0.018963337547408345,0,41,0.011635180783185286,0.2165618232443025,0,2
3,0.30000000000000004,0.125,0.0404040404040404,0.03413400758533502,0,41,0.021643938446140373,0.3067443539238939,0,1
5,0.20000000000000004,0.125,0.0404040404040404,0.08975979772439949,0,5,0.04916802201926686,0.48484067237289885,1,1
0,0.1,0.125,0.05303030303030304,0.17825537294563842,0,66,0.07418991617665456,0.625348045787357,2,2
0,0.0,0.125,0.0303030303030303,0.08975979772439949,0,84,0.061678969097960716,0.48484067237289885,1,1
0,0.20000000000000004,0.125,0.03535353535353536,0.19089759797724398,0,3,0.11034655323407981,0.6397855006703106,2,1
0,0.30000000000000004,0.125,0.045454545454545456,0.12768647281921616,0,5,0.061678969097960716,0.5560482623491803,1,2
5,0.0,0.125,0.025252525252525252,0.07711757269279393,0,5,0.061678969097960716,0.4550376405073735,1,1
0,0.0,0.125,0.02929292929292929,0.2541087231352718,0,41,0.16752158138371076,0.7006290605341858,2,1
0,0.0,0.125,0.03535353535353536,0.12768647281921616,0,54,0.07556612035531089,0.5560482623491803,1,1
0,0.20000000000000004,0.125,0.055555555555555566,0.19089759797724398,0,41,0.07606655823845865,0.6397855006703106,2,2
0,0.1,0.125,0.015151515151515152,0.12262958280657396,0,4,0.1317402727386463,0.5477467257914819,1,0
0,0.20000000000000004,0.125,0.055555555555555566,0.19089759797724398,0,41,0.07606655823845865,0.6397855006703106,2,2
1,0.30000000000000004,0.25,0.055555555555555566,0.5701643489254108,0,41,0.22044288752658578,0.8760956997009386,3,2
5,0.30000000000000004,0.125,0.16666666666666666,0.06447534766118837,0,21,0.009883648192168146,0.4206455604826236,0,3
0,0.1,0.125,0.025252525252525252,0.07711757269279393,0,54,0.061678969097960716,0.4550376405073735,1,1
5,0.20000000000000004,0.375,0.08080808080808081,0.5448798988621997,0,41,0.15200800700613037,0.8661441682994742,3,2
4,0.0,0.125,0.09090909090909091,0.49431099873577744,0,5,0.12423370449143,0.8447973600082501,3,2
0,0.1,0.25,0.05050505050505051,0.2920353982300885,0,84,0.12423370449143,0.7304836547385791,2,2
4,0.0,0.125,0.05858585858585859,0.2161820480404551,0,3,0.08194670336544475,0.6661338558317005,2,2
0,0.20000000000000004,0.125,0.0404040404040404,0.09734513274336283,0,54,0.05292130614287501,0.5010312467773539,1,1
0,0.0,0.125,0.025252525252525252,0.0518331226295828,3,14,0.043788314775428494,0.37996287511601534,0,1
1,0.1,0.125,0.025252525252525252,0.06447534766118837,3,5,0.052796196672088076,0.4206455604826236,0,1
5,0.1,0.125,0.0404040404040404,0.0518331226295828,3,155,0.030401601401226074,0.37996287511601534,0,1
0,0.1,0.125,0.06565656565656566,0.06447534766118837,3,5,0.024146127861879144,0.4206455604826236,0,2
0,0.1,0.125,0.015151515151515152,0.0518331226295828,3,14,0.061678969097960716,0.37996287511601534,0,0
0,0.20000000000000004,0.125,0.0404040404040404,0.05689001264222503,3,95,0.032903790816964845,0.39713313395895633,0,1
5,0.20000000000000004,0.125,0.02777777777777778,0.08975979772439949,3,15,0.06580758163392968,0.48484067237289885,1,1
0,0.20000000000000004,0.125,0.0404040404040404,0.1150442477876106,3,14,0.061678969097960716,0.5347014540579562,1,1
3,0.1,0.125,0.0303030303030303,0.013906447534766117,3,5,0.01476291755285875,0.17608538723316491,0,1
0,0.1,0.125,0.0404040404040404,0.05689001264222503,3,15,0.032903790816964845,0.39713313395895633,0,1
5,0.0,0.125,0.025252525252525252,0.021491782553729452,3,151,0.022394595270862006,0.23435083015365588,0,1
5,0.0,0.125,0.025252525252525252,0.021491782553729452,3,151,0.022394595270862006,0.23435083015365588,0,1
5,0.20000000000000004,0.125,0.0404040404040404,0.10240202275600505,1,37,0.05542349555861378,0.511189027534289,1,1
0,0.20000000000000004,0.125,0.05050505050505051,0.12768647281921616,1,37,0.056424371324909295,0.5560482623491803,1,2
0,0.20000000000000004,0.125,0.03535353535353536,0.16055625790139064,1,59,0.09370699361941698,0.6034340517685883,1,1
0,0.1,0.125,0.03535353535353536,0.10493046776232616,1,5,0.06305517327661704,0.5160874497267196,1,1
5,0.20000000000000004,0.25,0.03131313131313132,0.14032869785082175,1,37,0.09070436632053046,0.5754872641022999,1,1
0,0.1,0.125,0.02828282828282828,0.10240202275600505,1,37,0.07318904041035905,0.511189027534289,1,1
5,0.20000000000000004,0.125,0.0707070707070707,0.17825537294563842,1,116,0.05780057550356563,0.625348045787357,2,2
5,0.1,0.125,0.0404040404040404,0.09481668773704172,1,37,0.05167021143500563,0.49577188821284945,1,1
0,0.1,0.125,0.02777777777777778,0.07711757269279393,1,5,0.05755035656199174,0.4550376405073735,1,1
5,0.4,0.25,0.09090909090909091,0.17825537294563842,1,13,0.046040285249593395,0.625348045787357,2,2
0,0.1,0.125,0.015151515151515152,0.006321112515802781,1,37,0.01663955961466283,0.09719500876559761,0,0
0,0.1,0.125,0.0404040404040404,0.008849557522123892,1,37,0.009132991367446516,0.1266886665979169,0,1
0,0.30000000000000004,0.25,0.04797979797979798,0.12768647281921616,1,37,0.05892656074064807,0.5560482623491803,1,2
4,0.0,0.125,0.007575757575757576,0.1150442477876106,1,116,0.17790566745902664,0.5347014540579562,1,0
5,0.20000000000000004,0.125,0.0404040404040404,0.09481668773704172,1,37,0.05167021143500563,0.49577188821284945,1,1
1,0.7000000000000001,0.5,0.10101010101010101,0.48166877370417194,1,48,0.10997122482171899,0.8391770650716717,3,3
5,0.20000000000000004,0.125,0.06565656565656566,0.12768647281921616,1,13,0.04503940948329788,0.5560482623491803,1,2
5,0.4,0.25,0.24242424242424243,0.2161820480404551,1,116,0.021643938446140373,0.6661338558317005,2,3
5,0.20000000000000004,0.125,0.0404040404040404,0.1150442477876106,1,5,0.061678969097960716,0.5347014540579562,1,1
0,0.20000000000000004,0.125,0.0303030303030303,0.1529709228824273,1,57,0.10071312398348553,0.5933793956893887,1,1
0,0.0,0.125,0.0404040404040404,0.09481668773704172,1,94,0.05167021143500563,0.49577188821284945,1,1
0,0.20000000000000004,0.125,0.0303030303030303,0.14032869785082175,1,57,0.09295633679469535,0.5754872641022999,1,1
0,0.0,0.125,0.020202020202020204,0.06447534766118837,1,110,0.061678969097960716,0.4206455604826236,0,1
5,0.20000000000000004,0.125,0.09090909090909091,0.17825537294563842,1,13,0.046040285249593395,0.625348045787357,2,2
4,0.0,0.125,0.1414141414141414,0.6207332490518331,1,46,0.10334042287001124,0.8947612663710427,3,3
3,0.1,0.125,0.0404040404040404,0.14032869785082175,1,57,0.07418991617665456,0.5754872641022999,1,1
0,0.1,0.125,0.08080808080808081,0.17825537294563842,1,116,0.05129488302264481,0.625348045787357,2,2
0,0.20000000000000004,0.25,0.06565656565656566,0.19089759797724398,1,116,0.06580758163392968,0.6397855006703106,2,2
5,0.1,0.125,0.0404040404040404,0.20353982300884954,1,46,0.1054672838733892,0.6533463957925132,2,1
5,0.20000000000000004,0.25,0.06565656565656566,0.007585335018963338,1,13,0.005379707243838358,0.11240589873156648,0,2
5,0.4,0.25,0.1414141414141414,0.393173198482933,1,13,0.06580758163392968,0.7948850159843253,3,3
5,0.20000000000000004,0.25,0.09090909090909091,0.2541087231352718,1,46,0.06480670586763417,0.7006290605341858,2,2
5,0.20000000000000004,0.25,0.10606060606060606,0.19089759797724398,1,13,0.042662329538346054,0.6397855006703106,2,3
5,0.1,0.125,0.0404040404040404,0.08975979772439949,1,5,0.04916802201926686,0.48484067237289885,1,1
1,0.0,0.125,0.0,0.08975979772439949,1,5,0.24934317527836858,0.48484067237289885,1,0
0,0.1,0.125,0.03535353535353536,0.14032869785082175,1,116,0.08257225071937944,0.5754872641022999,1,1
5,0.20000000000000004,0.25,0.0404040404040404,0.2920353982300885,1,46,0.1492555986488177,0.7304836547385791,2,1
5,0.20000000000000004,0.125,0.06565656565656566,0.024020227560050567,1,46,0.010759414487676717,0.2507992162524493,0,2
0,0.20000000000000004,0.125,0.0404040404040404,0.20353982300884954,1,13,0.1054672838733892,0.6533463957925132,2,1
5,0.20000000000000004,0.125,0.0404040404040404,0.024020227560050567,1,46,0.01663955961466283,0.2507992162524493,0,1
0,0.1,0.125,0.03131313131313132,0.07711757269279393,1,37,0.05254597773051419,0.4550376405073735,1,1
5,0.20000000000000004,0.125,0.05050505050505051,0.10240202275600505,1,48,0.046040285249593395,0.511189027534289,1,2
0,0.20000000000000004,0.125,0.05303030303030304,0.1327433628318584,1,5,0.05617415238333541,0.5639888625348048,1,2
0,0.20000000000000004,0.125,0.0404040404040404,0.12768647281921616,1,57,0.06793444263730763,0.5560482623491803,1,1
0,0.0,0.125,0.015151515151515152,0.07711757269279393,1,37,0.08670086325534843,0.4550376405073735,1,0
0,0.1,0.125,0.0303030303030303,0.1150442477876106,1,116,0.07731765294632803,0.5347014540579562,1,1
5,0.20000000000000004,0.25,0.08080808080808081,0.1529709228824273,1,5,0.04428875265857625,0.5933793956893887,1,2
0,0.1,0.125,0.017676767676767676,0.12768647281921616,1,46,0.12423370449143,0.5560482623491803,1,1
0,0.20000000000000004,0.125,0.0404040404040404,0.14032869785082175,1,57,0.07418991617665456,0.5754872641022999,1,1
0,0.30000000000000004,0.25,0.05303030303030304,0.1150442477876106,1,13,0.04916802201926686,0.5347014540579562,1,2
0,0.1,0.125,0.02777777777777778,0.17825537294563842,1,46,0.12423370449143,0.625348045787357,2,1
0,0.20000000000000004,0.125,0.0404040404040404,0.12768647281921616,1,46,0.06793444263730763,0.5560482623491803,1,1
0,0.20000000000000004,0.125,0.045454545454545456,0.12768647281921616,1,37,0.061678969097960716,0.5560482623491803,1,2
5,0.1,0.125,0.0404040404040404,0.07711757269279393,1,46,0.04291254847991993,0.4550376405073735,1,1
4,0.0,0.25,0.16666666666666666,0.26675094816687733,1,46,0.038408607531590144,0.7110446529854595,2,3
0,0.30000000000000004,0.25,0.055555555555555566,0.1529709228824273,1,13,0.061678969097960716,0.5933793956893887,1,2
4,0.0,0.125,0.09090909090909091,0.36788874841972186,1,46,0.09295633679469535,0.7804475611013717,2,2
5,0.30000000000000004,0.25,0.06565656565656566,0.17825537294563842,1,13,0.061678969097960716,0.625348045787357,2,2
5,0.20000000000000004,0.125,0.11616161616161617,0.16561314791403287,1,13,0.03415488552483423,0.6099309064659173,1,3
5,0.30000000000000004,0.25,0.055555555555555566,0.19089759797724398,1,13,0.07606655823845865,0.6397855006703106,2,2
0,0.30000000000000004,0.25,0.055555555555555566,0.14032869785082175,1,13,0.05692480920805705,0.5754872641022999,1,2
0,0.20000000000000004,0.125,0.03282828282828283,0.08470290771175726,1,13,0.05504816714625297,0.4733938331442715,1,1
4,0.0,0.125,0.09343434343434344,0.797724399494311,1,46,0.19442011760290254,0.9500360936372076,3,3
0,0.20000000000000004,0.125,0.0404040404040404,0.013906447534766117,1,13,0.011635180783185286,0.17608538723316491,0,1
5,0.20000000000000004,0.125,0.03282828282828283,0.011378002528445006,1,13,0.012385837607906918,0.1527276477261008,0,1
0,0.20000000000000004,0.125,0.0303030303030303,0.0037926675094816682,1,37,0.008507444013511821,0.0631638651129216,0,1
5,0.1,0.125,0.02777777777777778,0.03919089759797724,1,13,0.032528462404604025,0.3302052181086934,0,1
0,0.1,0.125,0.0303030303030303,0.10240202275600505,1,13,0.0694357562867509,0.511189027534289,1,1
5,0.20000000000000004,0.125,0.10101010101010101,0.36788874841972186,1,13,0.08444889278118353,0.7804475611013717,2,3
5,0.20000000000000004,0.125,0.06565656565656566,0.16561314791403287,1,13,0.05755035656199174,0.6099309064659173,1,2
5,0.20000000000000004,0.125,0.06565656565656566,0.14032869785082175,1,13,0.04916802201926686,0.5754872641022999,1,2
4,0.0,0.125,0.05050505050505051,0.20353982300884954,1,13,0.08770173902164392,0.6533463957925132,2,2
0,0.1,0.25,0.05050505050505051,0.24146649810366622,1,6,0.10334042287001124,0.6896978446942355,2,2
5,0.30000000000000004,0.25,0.06565656565656566,0.16561314791403287,1,13,0.05755035656199174,0.6099309064659173,1,2
4,0.0,0.125,0.05303030303030304,0.393173198482933,1,13,0.15926435631177283,0.7948850159843253,3,2
4,0.0,0.125,0.005050505050505052,0.1150442477876106,1,13,0.20768172150631806,0.5347014540579562,1,0
0,0.30000000000000004,0.125,0.055555555555555566,0.1529709228824273,1,13,0.061678969097960716,0.5933793956893887,1,2
5,0.20000000000000004,0.125,0.05050505050505051,0.1529709228824273,1,13,0.06693356687101212,0.5933793956893887,1,2
5,0.30000000000000004,0.25,0.06060606060606061,0.16561314791403287,1,13,0.061678969097960716,0.6099309064659173,1,2
5,0.4,0.125,0.08080808080808081,0.17825537294563842,1,46,0.05129488302264481,0.625348045787357,2,2
5,0.30000000000000004,0.25,0.06565656565656566,0.18331226295828065,1,13,0.06330539221819091,0.6312777147571416,2,2
5,0.20000000000000004,0.125,0.05050505050505051,0.10240202275600505,1,13,0.046040285249593395,0.511189027534289,1,2
5,0.20000000000000004,0.125,0.05050505050505051,0.12768647281921616,1,46,0.056424371324909295,0.5560482623491803,1,2
5,0.20000000000000004,0.125,0.03282828282828283,0.26675094816687733,1,46,0.16101588890278995,0.7110446529854595,2,1
0,0.20000000000000004,0.125,0.05303030303030304,0.1150442477876106,1,37,0.04916802201926686,0.5347014540579562,1,2
0,0.20000000000000004,0.125,0.04292929292929293,0.12768647281921616,1,13,0.06468159639684723,0.5560482623491803,1,2
4,0.0,0.125,0.0404040404040404,0.24146649810366622,1,13,0.12423370449143,0.6896978446942355,2,1
0,0.20000000000000004,0.125,0.0303030303030303,0.006321112515802781,1,37,0.010133867133742024,0.09719500876559761,0,1
0,0.30000000000000004,0.25,0.06060606060606061,0.16561314791403287,1,13,0.061678969097960716,0.6099309064659173,1,2
4,0.0,0.25,0.16666666666666666,0.24146649810366622,1,46,0.03490554234955586,0.6896978446942355,2,3
0,0.20000000000000004,0.125,0.0404040404040404,0.2920353982300885,1,46,0.1492555986488177,0.7304836547385791,2,1
0,0.20000000000000004,0.125,0.0303030303030303,0.0037926675094816682,1,37,0.008507444013511821,0.0631638651129216,0,1
5,0.30000000000000004,0.25,0.06060606060606061,0.16561314791403287,1,46,0.061678969097960716,0.6099309064659173,1,2
3,0.0,0.125,0.0303030303030303,0.36788874841972186,1,46,0.23370449143000124,0.7804475611013717,2,1
0,0.20000000000000004,0.125,0.02929292929292929,0.1529709228824273,1,46,0.10334042287001124,0.5933793956893887,1,1
0,0.20000000000000004,0.125,0.055555555555555566,0.2161820480404551,1,46,0.08569998748905291,0.6661338558317005,2,2
5,0.20000000000000004,0.125,0.02777777777777778,0.08975979772439949,1,13,0.06580758163392968,0.48484067237289885,1,1
5,0.1,0.25,0.05050505050505051,0.008849557522123892,1,46,0.007506568247216314,0.1266886665979169,0,2
0,0.1,0.25,0.05050505050505051,0.006321112515802781,1,57,0.006380583010133866,0.09719500876559761,0,2
5,0.30000000000000004,0.125,0.06565656565656566,0.1529709228824273,1,37,0.05329663455523583,0.5933793956893887,1,2
5,0.4,0.125,0.09090909090909091,0.18584070796460175,1,46,0.04791692731139747,0.6341652057337321,2,2
4,0.1,0.125,0.020202020202020204,0.17825537294563842,1,94,0.15551107218816465,0.625348045787357,2,1
0,0.0,0.125,0.03787878787878787,0.07711757269279393,1,46,0.045164518954084826,0.4550376405073735,1,1
4,0.0,0.125,0.017676767676767676,0.20353982300884954,1,46,0.19241836607031151,0.6533463957925132,2,1
4,0.0,0.125,0.1414141414141414,0.5701643489254108,1,13,0.09508319779807331,0.8760956997009386,3,3
5,0.30000000000000004,0.25,0.07575757575757576,0.17825537294563842,1,13,0.05429751032153134,0.625348045787357,2,2
5,0.20000000000000004,0.25,0.07828282828282829,0.19089759797724398,1,13,0.05629926185412236,0.6397855006703106,2,2
5,0.20000000000000004,0.25,0.797979797979798,0.5195954487989886,1,104,0.01551357437758038,0.8557285758482007,3,3
0,0.20000000000000004,0.125,0.0404040404040404,0.2161820480404551,1,46,0.11172275741273613,0.6661338558317005,2,1
0,0.1,0.125,0.0404040404040404,0.0518331226295828,1,116,0.030401601401226074,0.37996287511601534,0,1
0,0.1,0.125,0.023232323232323233,0.07711757269279393,1,37,0.06543225322156886,0.4550376405073735,1,1
5,0.4,0.375,0.797979797979798,0.5195954487989886,1,104,0.01551357437758038,0.8557285758482007,3,3
0,0.0,0.125,0.025252525252525252,0.07711757269279393,1,46,0.061678969097960716,0.4550376405073735,1,1
5,0.1,0.125,0.0404040404040404,0.07711757269279393,1,37,0.04291254847991993,0.4550376405073735,1,1
0,0.20000000000000004,0.125,0.0393939393939394,0.10240202275600505,1,37,0.05654948079569623,0.511189027534289,1,1
0,0.1,0.125,0.0303030303030303,0.1150442477876106,1,116,0.07731765294632803,0.5347014540579562,1,1
4,0.0,0.125,0.011111111111111113,0.10240202275600505,1,46,0.13311647691730266,0.511189027534289,1,0
0,0.20000000000000004,0.125,0.0404040404040404,0.12768647281921616,1,46,0.06793444263730763,0.5560482623491803,1,1
5,0.20000000000000004,0.125,0.0404040404040404,0.1529709228824273,1,13,0.08044538971600149,0.5933793956893887,1,1
1,0.20000000000000004,0.125,0.025252525252525252,0.17825537294563842,1,37,0.13311647691730266,0.625348045787357,2,1
5,0.20000000000000004,0.125,0.0404040404040404,0.07711757269279393,1,5,0.04291254847991993,0.4550376405073735,1,1
0,0.1,0.125,0.0404040404040404,0.12768647281921616,1,13,0.06793444263730763,0.5560482623491803,1,1
0,0.1,0.125,0.015151515151515152,0.008849557522123892,1,37,0.019141749030401604,0.1266886665979169,0,0
5,0.30000000000000004,0.25,0.055555555555555566,0.19089759797724398,1,13,0.07606655823845865,0.6397855006703106,2,2
5,0.30000000000000004,0.25,0.06565656565656566,0.19089759797724398,1,13,0.06580758163392968,0.6397855006703106,2,2
5,0.20000000000000004,0.25,0.05050505050505051,0.19089759797724398,1,13,0.08257225071937944,0.6397855006703106,2,2
5,0.1,0.125,0.09090909090909091,0.19089759797724398,1,46,0.04916802201926686,0.6397855006703106,2,2
5,0.1,0.125,0.0707070707070707,0.08975979772439949,1,37,0.030401601401226074,0.48484067237289885,1,2
3,0.0,0.125,0.0303030303030303,0.36788874841972186,1,13,0.23370449143000124,0.7804475611013717,2,1
0,0.1,0.125,0.015151515151515152,0.006321112515802781,1,37,0.01663955961466283,0.09719500876559761,0,0
0,0.20000000000000004,0.25,0.06565656565656566,0.24146649810366622,1,110,0.08257225071937944,0.6896978446942355,2,2
3,0.1,0.125,0.0303030303030303,0.0037926675094816682,1,59,0.008507444013511821,0.0631638651129216,0,1
3,0.20000000000000004,0.25,0.05050505050505051,0.40581542351453853,1,46,0.17114975603653196,0.801742807053728,3,2
5,0.20000000000000004,0.125,0.06565656565656566,0.20353982300884954,1,57,0.0700613036406856,0.6533463957925132,2,2
3,0.0,0.125,0.0303030303030303,0.36788874841972186,1,59,0.23370449143000124,0.7804475611013717,2,1
0,0.1,0.125,0.026262626262626262,0.08217446270543616,1,37,0.06343050168897785,0.467464164174487,1,1
0,0.20000000000000004,0.125,0.05808080808080808,0.24146649810366622,1,13,0.0918303515576129,0.6896978446942355,2,2
0,0.1,0.125,0.02272727272727273,0.1150442477876106,1,116,0.09533341673964718,0.5347014540579562,1,1
5,0.20000000000000004,0.125,0.06565656565656566,0.2161820480404551,1,57,0.07418991617665456,0.6661338558317005,2,2
0,0.30000000000000004,0.25,0.06060606060606061,0.24146649810366622,1,13,0.08845239584636555,0.6896978446942355,2,2
4,0.0,0.125,0.025252525252525252,0.2920353982300885,1,46,0.21356186663330415,0.7304836547385791,2,1
4,0.0,0.125,0.025252525252525252,0.2920353982300885,1,46,0.21356186663330415,0.7304836547385791,2,1
0,0.20000000000000004,0.125,0.055555555555555566,0.1529709228824273,1,13,0.061678969097960716,0.5933793956893887,1,2
5,0.1,0.125,0.05050505050505051,0.12768647281921616,1,37,0.056424371324909295,0.5560482623491803,1,2
0,0.20000000000000004,0.125,0.03535353535353536,0.10240202275600505,1,5,0.061678969097960716,0.511189027534289,1,1
0,0.1,0.125,0.0404040404040404,0.16055625790139064,1,59,0.08419867383960965,0.6034340517685883,1,1
0,0.20000000000000004,0.25,0.055555555555555566,0.17825537294563842,1,94,0.07131239834855498,0.625348045787357,2,2
5,0.1,0.25,0.0404040404040404,0.12768647281921616,1,116,0.06793444263730763,0.5560482623491803,1,1
5,0.1,0.125,0.0303030303030303,0.17825537294563842,1,46,0.11647691730263982,0.625348045787357,2,1
5,0.30000000000000004,0.125,0.05050505050505051,0.17825537294563842,1,46,0.07731765294632803,0.625348045787357,2,2
0,0.1,0.125,0.025252525252525252,0.1150442477876106,1,37,0.08845239584636555,0.5347014540579562,1,1
4,0.0,0.125,0.0,0.14032869785082175,1,94,0.37445264606530715,0.5754872641022999,1,0
0,0.1,0.125,0.025252525252525252,0.1150442477876106,1,116,0.08845239584636555,0.5347014540579562,1,1
1,0.0,0.125,0.0303030303030303,0.1150442477876106,1,13,0.07731765294632803,0.5347014540579562,1,1
0,0.0,0.125,0.023232323232323233,0.12768647281921616,1,13,0.10334042287001124,0.5560482623491803,1,1
0,0.0,0.125,0.023232323232323233,0.12768647281921616,1,13,0.10334042287001124,0.5560482623491803,1,1
0,0.0,0.125,0.023232323232323233,0.12768647281921616,1,13,0.10334042287001124,0.5560482623491803,1,1
0,0.20000000000000004,0.125,0.05050505050505051,0.14032869785082175,1,6,0.061678969097960716,0.5754872641022999,1,2
0,0.20000000000000004,0.125,0.05050505050505051,0.1150442477876106,1,37,0.05129488302264481,0.5347014540579562,1,2
0,0.0,0.125,0.0303030303030303,0.12768647281921616,1,5,0.08519954960590516,0.5560482623491803,1,1
0,0.1,0.125,0.02929292929292929,0.1150442477876106,1,37,0.07931940447891905,0.5347014540579562,1,1
5,0.30000000000000004,0.125,0.06565656565656566,0.10998735777496839,1,37,0.03915926435631178,0.525574920078375,1,2
5,0.30000000000000004,0.25,0.06565656565656566,0.24146649810366622,1,5,0.08257225071937944,0.6896978446942355,2,2
5,0.20000000000000004,0.25,0.09090909090909091,0.1529709228824273,1,59,0.03978481171024646,0.5933793956893887,1,2
5,0.20000000000000004,0.25,0.0707070707070707,0.16561314791403287,1,13,0.05392218190917052,0.6099309064659173,1,2
5,0.30000000000000004,0.125,0.06565656565656566,0.17825537294563842,1,46,0.061678969097960716,0.625348045787357,2,2
1,0.1,0.125,0.05353535353535353,0.3552465233881163,1,110,0.14312523458025772,0.7728678972878211,2,2
4,0.0,0.125,0.0404040404040404,0.2920353982300885,1,6,0.1492555986488177,0.7304836547385791,2,1
4,0.0,0.125,0.1919191919191919,0.6965865992414665,1,110,0.08670086325534843,0.9201299370939466,3,3
4,0.20000000000000004,0.125,0.014141414141414142,0.3173198482932996,1,37,0.33792068059552105,0.7484273486645356,2,0
5,0.20000000000000004,0.125,0.055555555555555566,0.2920353982300885,1,110,0.11460027524083573,0.7304836547385791,2,2
0,0.0,0.125,0.012626262626262628,0.02654867256637168,1,48,0.040785687476541974,0.26616479323502107,0,0
0,0.1,0.125,0.05050505050505051,0.24146649810366622,1,110,0.10334042287001124,0.6896978446942355,2,2
5,0.4,0.25,0.047474747474747475,0.1150442477876106,1,94,0.05404729137995746,0.5347014540579562,1,2
0,0.30000000000000004,0.125,0.03535353535353536,0.26675094816687733,1,37,0.15200800700613037,0.7110446529854595,2,1
0,0.0,0.125,0.020202020202020204,0.0720606826801517,1,116,0.06793444263730763,0.4418892440961124,1,1
5,0.30000000000000004,0.25,0.07575757575757576,0.2161820480404551,1,37,0.06530714375078192,0.6661338558317005,2,2
0,0.30000000000000004,0.25,0.08080808080808081,0.02907711757269279,1,37,0.010258976604528961,0.2804991234402392,0,2
0,0.1,0.125,0.0303030303030303,0.08975979772439949,1,59,0.061678969097960716,0.48484067237289885,1,1
1,0.0,0.125,0.0010101010101010114,0.05562579013906448,1,5,0.14988114600275243,0.3929565845106735,0,0
1,0.20000000000000004,0.125,0.1414141414141414,0.6965865992414665,1,13,0.11585136994870511,0.9201299370939466,3,3
0,0.20000000000000004,0.125,0.045454545454545456,0.1529709228824273,1,46,0.07306393093957211,0.5933793956893887,1,2
5,0.20000000000000004,0.125,0.05050505050505051,0.05941845764854614,1,6,0.02827474039784812,0.40522842116118407,0,2
0,0.1,0.125,0.0404040404040404,0.14032869785082175,1,13,0.07418991617665456,0.5754872641022999,1,1
4,0.0,0.125,0.10101010101010101,0.36788874841972186,1,104,0.08444889278118353,0.7804475611013717,2,3
1,0.1,0.125,0.045454545454545456,0.2161820480404551,1,59,0.10146378080820717,0.6661338558317005,2,2
1,0.0,0.125,0.03535353535353536,0.16561314791403287,1,59,0.09645940197672963,0.6099309064659173,1,1
0,0.1,0.125,0.05050505050505051,0.19089759797724398,1,46,0.08257225071937944,0.6397855006703106,2,2
0,0.20000000000000004,0.25,0.055555555555555566,0.2161820480404551,1,116,0.08569998748905291,0.6661338558317005,2,2
5,0.20000000000000004,0.25,0.0707070707070707,0.16561314791403287,1,37,0.05392218190917052,0.6099309064659173,1,2
0,0.1,0.125,0.03535353535353536,0.22882427307206066,1,37,0.13123983485549856,0.6782510054656081,2,1
4,0.0,0.125,0.005050505050505052,0.08975979772439949,1,37,0.16589515826348056,0.48484067237289885,1,0
0,0.1,0.125,0.015151515151515152,0.06447534766118837,1,46,0.07418991617665456,0.4206455604826236,0,0
1,0.30000000000000004,0.125,0.04797979797979798,0.2161820480404551,1,110,0.09708494933066432,0.6661338558317005,2,2
0,0.1,0.125,0.0303030303030303,0.13527180783817952,1,5,0.08982860002502188,0.5679076002887493,1,1
5,0.1,0.125,0.06565656565656566,0.07711757269279393,1,116,0.02827474039784812,0.4550376405073735,1,2
0,0.20000000000000004,0.125,0.0404040404040404,0.12010113780025283,1,5,0.06418115851369949,0.5434670516654636,1,1
0,0.1,0.125,0.045454545454545456,0.12768647281921616,1,5,0.061678969097960716,0.5560482623491803,1,2
0,0.1,0.125,0.0404040404040404,0.16055625790139064,1,59,0.08419867383960965,0.6034340517685883,1,1
1,0.0,0.125,0.025252525252525252,0.10240202275600505,1,59,0.07956962342049292,0.511189027534289,1,1
1,0.0,0.125,0.025252525252525252,0.10240202275600505,1,46,0.07956962342049292,0.511189027534289,1,1
4,0.0,0.125,0.24242424242424243,0.6207332490518331,1,6,0.061678969097960716,0.8947612663710427,3,3
4,0.0,0.125,0.1818181818181818,0.5448798988621997,1,6,0.07156261729012886,0.8661441682994742,3,3
0,0.1,0.125,0.0404040404040404,0.08470290771175726,1,37,0.046665832603528086,0.4733938331442715,1,1
0,0.0,0.125,0.025252525252525252,0.07711757269279393,1,5,0.061678969097960716,0.4550376405073735,1,1
0,0.0,0.125,0.023232323232323233,0.12768647281921616,1,13,0.10334042287001124,0.5560482623491803,1,1
0,0.1,0.125,0.0404040404040404,0.14032869785082175,1,116,0.07418991617665456,0.5754872641022999,1,1
5,0.4,0.25,0.1414141414141414,0.3173198482932996,1,94,0.05329663455523583,0.7484273486645356,2,3
0,0.1,0.125,0.02272727272727273,0.1150442477876106,1,116,0.09533341673964718,0.5347014540579562,1,1
0,0.1,0.25,0.045454545454545456,0.24146649810366622,1,110,0.11284874264981858,0.6896978446942355,2,2
5,0.1,0.125,0.0404040404040404,0.01643489254108723,1,48,0.012886275491054673,0.1972259461689183,0,1
5,0.20000000000000004,0.125,0.06313131313131314,0.07711757269279393,1,116,0.029275616164143627,0.4550376405073735,1,2
2,0.20000000000000004,0.125,0.0404040404040404,0.024020227560050567,1,5,0.01663955961466283,0.2507992162524493,0,1
0,0.20000000000000004,0.25,0.06565656565656566,0.24146649810366622,1,110,0.08257225071937944,0.6896978446942355,2,2
0,0.1,0.125,0.0404040404040404,0.008849557522123892,1,37,0.009132991367446516,0.1266886665979169,0,1
0,0.0,0.125,0.015151515151515152,0.006321112515802781,1,37,0.01663955961466283,0.09719500876559761,0,0
0,0.1,0.125,0.0404040404040404,0.14032869785082175,1,13,0.07418991617665456,0.5754872641022999,1,1
0,0.20000000000000004,0.125,0.05050505050505051,0.2161820480404551,1,116,0.09295633679469535,0.6661338558317005,2,2
0,0.1,0.125,0.0303030303030303,0.08975979772439949,1,57,0.061678969097960716,0.48484067237289885,1,1
0,0.20000000000000004,0.125,0.05050505050505051,0.2161820480404551,1,116,0.09295633679469535,0.6661338558317005,2,2
5,0.1,0.125,0.0404040404040404,0.14032869785082175,1,5,0.07418991617665456,0.5754872641022999,1,1
0,0.20000000000000004,0.25,0.05050505050505051,0.2161820480404551,1,116,0.09295633679469535,0.6661338558317005,2,2
5,0.1,0.125,0.0404040404040404,0.008849557522123892,1,37,0.009132991367446516,0.1266886665979169,0,1
0,0.1,0.125,0.015151515151515152,0.006321112515802781,1,37,0.01663955961466283,0.09719500876559761,0,0
5,0.1,0.125,0.0303030303030303,0.17825537294563842,1,46,0.11647691730263982,0.625348045787357,2,1
2,0.1,0.125,0.05050505050505051,0.03919089759797724,1,37,0.02001751532591017,0.3302052181086934,0,2
5,0.20000000000000004,0.25,0.06565656565656566,0.18331226295828065,1,13,0.06330539221819091,0.6312777147571416,2,2
0,0.1,0.125,0.02272727272727273,0.07711757269279393,1,104,0.06643312898786437,0.4550376405073735,1,1
0,0.20000000000000004,0.125,0.0404040404040404,0.0,1,101,0.0047541598899036655,0.0,0,1
5,0.20000000000000004,0.125,0.04242424242424242,0.07711757269279393,1,37,0.04128612535968973,0.4550376405073735,1,2
0,0.1,0.125,0.03535353535353536,0.2920353982300885,1,13,0.16589515826348056,0.7304836547385791,2,1
5,0.20000000000000004,0.125,0.07323232323232323,0.24146649810366622,1,110,0.07494057300137619,0.6896978446942355,2,2
2,0.1,0.125,0.0404040404040404,0.013906447534766117,1,46,0.011635180783185286,0.17608538723316491,0,1
5,0.30000000000000004,0.125,0.0404040404040404,0.14032869785082175,1,37,0.07418991617665456,0.5754872641022999,1,1
5,0.1,0.125,0.1414141414141414,0.08975979772439949,1,48,0.01576379331915426,0.48484067237289885,1,3
5,0.1,0.125,0.055555555555555566,0.013906447534766117,1,37,0.0087576629550857,0.17608538723316491,0,2
0,0.1,0.125,0.045454545454545456,0.10240202275600505,1,57,0.050294007256349305,0.511189027534289,1,2
5,0.1,0.125,0.0303030303030303,0.06953223767383059,1,94,0.04916802201926686,0.4350314530267094,1,1
0,0.20000000000000004,0.125,0.03535353535353536,0.10240202275600505,1,5,0.061678969097960716,0.511189027534289,1,1
0,0.20000000000000004,0.125,0.0404040404040404,0.1150442477876106,1,13,0.061678969097960716,0.5347014540579562,1,1
0,0.1,0.125,0.026262626262626262,0.008849557522123892,1,37,0.01301138496184161,0.1266886665979169,0,1
0,0.1,0.125,0.0404040404040404,0.13527180783817952,1,46,0.0716877267609158,0.5679076002887493,1,1
0,0.0,0.125,0.005050505050505052,0.06953223767383059,1,37,0.1326160390341549,0.4350314530267094,1,0
5,0.20000000000000004,0.125,0.0404040404040404,0.1150442477876106,1,37,0.061678969097960716,0.5347014540579562,1,1
0,0.20000000000000004,0.25,0.09090909090909091,0.2920353982300885,1,110,0.07418991617665456,0.7304836547385791,2,2
4,0.0,0.125,0.1919191919191919,0.6207332490518331,1,57,0.07731765294632803,0.8947612663710427,3,3
0,0.30000000000000004,0.125,0.06565656565656566,0.30467762326169406,1,110,0.10334042287001124,0.7396617510570282,2,2
0,0.0,0.125,0.020202020202020204,0.12768647281921616,1,46,0.11384961841611409,0.5560482623491803,1,1
0,0.20000000000000004,0.125,0.0303030303030303,0.0012642225031605555,1,37,0.006881020893281621,0.02309992781272563,0,1
3,0.1,0.125,0.0303030303030303,0.2920353982300885,1,94,0.1867884398848993,0.7304836547385791,2,1
5,0.1,0.125,0.045454545454545456,0.08975979772439949,1,37,0.04466408107093707,0.48484067237289885,1,2
0,0.1,0.125,0.03484848484848485,0.10240202275600505,1,46,0.06242962592268234,0.511189027534289,1,1
0,0.20000000000000004,0.125,0.05050505050505051,0.19089759797724398,1,110,0.08257225071937944,0.6397855006703106,2,2
0,0.1,0.125,0.03787878787878787,0.08975979772439949,1,104,0.051795320905792565,0.48484067237289885,1,1
4,0.1,0.125,0.0060606060606060615,0.1150442477876106,1,13,0.19454522707368946,0.5347014540579562,1,0
0,0.1,0.125,0.035858585858585854,0.16561314791403287,1,13,0.09533341673964718,0.6099309064659173,1,1
0,0.1,0.125,0.025252525252525252,0.12768647281921616,1,5,0.09746027774302514,0.5560482623491803,1,1
0,0.1,0.125,0.025252525252525252,0.12768647281921616,1,110,0.09746027774302514,0.5560482623491803,1,1
0,0.1,0.125,0.0303030303030303,0.1150442477876106,1,110,0.07731765294632803,0.5347014540579562,1,1
0,0.30000000000000004,0.125,0.05303030303030304,0.12515802781289506,1,5,0.053171525084448897,0.5519232752397649,1,2
0,0.30000000000000004,0.125,0.03535353535353536,0.08975979772439949,1,6,0.05467283873389216,0.48484067237289885,1,1
0,0.1,0.125,0.045454545454545456,0.13527180783817952,1,59,0.06505692480920805,0.5679076002887493,1,2
4,0.0,0.125,0.015151515151515152,0.19089759797724398,1,94,0.19929938696359314,0.6397855006703106,2,0
0,0.1,0.125,0.020202020202020204,0.05689001264222503,1,57,0.05542349555861378,0.39713313395895633,0,1
5,0.1,0.125,0.02777777777777778,0.06953223767383059,1,94,0.05254597773051419,0.4350314530267094,1,1
5,0.20000000000000004,0.125,0.0303030303030303,0.1150442477876106,1,37,0.07731765294632803,0.5347014540579562,1,1
0,0.1,0.125,0.026262626262626262,0.10745891276864727,1,116,0.0808207181283623,0.520882747241415,1,1
0,0.20000000000000004,0.125,0.04292929292929293,0.14032869785082175,1,37,0.07056174152383335,0.5754872641022999,1,2
5,0.1,0.125,0.055555555555555566,0.08975979772439949,1,46,0.03765795070686851,0.48484067237289885,1,2
0,0.30000000000000004,0.25,0.0590909090909091,0.17825537294563842,1,57,0.06755911422494681,0.625348045787357,2,2
5,0.20000000000000004,0.125,0.11616161616161617,0.10240202275600505,1,5,0.021643938446140373,0.511189027534289,1,3
5,0.0,0.125,0.0404040404040404,0.08975979772439949,1,94,0.04916802201926686,0.48484067237289885,1,1
5,0.20000000000000004,0.25,0.07323232323232323,0.24146649810366622,1,110,0.07494057300137619,0.6896978446942355,2,2
0,0.20000000000000004,0.125,0.0297979797979798,0.12262958280657396,1,5,0.0830726886025272,0.5477467257914819,1,1
5,0.1,0.125,0.025252525252525252,0.08975979772439949,1,37,0.07056174152383335,0.48484067237289885,1,1
0,0.20000000000000004,0.125,0.043434343434343436,0.13527180783817952,1,46,0.06755911422494681,0.5679076002887493,1,2
5,0.1,0.125,0.025252525252525252,0.08975979772439949,1,37,0.07056174152383335,0.48484067237289885,1,1
0,0.20000000000000004,0.125,0.03535353535353536,0.12010113780025283,1,94,0.07143750781934192,0.5434670516654636,1,1
0,0.20000000000000004,0.125,0.03282828282828283,0.1150442477876106,1,13,0.0726886025272113,0.5347014540579562,1,1
0,0.0,0.125,0.015151515151515152,0.0012642225031605555,1,37,0.011635180783185286,0.02309992781272563,0,0
5,0.1,0.125,0.0404040404040404,0.10998735777496839,1,48,0.05917677968222194,0.525574920078375,1,1
5,0.1,0.125,0.0303030303030303,0.1529709228824273,1,5,0.10071312398348553,0.5933793956893887,1,1
0,0.20000000000000004,0.25,0.10606060606060606,0.49431099873577744,1,57,0.10796947328912797,0.8447973600082501,3,3
0,0.0,0.125,0.03131313131313132,0.24146649810366622,1,13,0.15175778806455648,0.6896978446942355,2,1
0,0.1,0.125,0.025252525252525252,0.08975979772439949,1,37,0.07056174152383335,0.48484067237289885,1,1
0,0.1,0.125,0.025252525252525252,0.016687737041719344,1,57,0.019016639559614665,0.19923687738475815,0,1
0,0.30000000000000004,0.125,0.045454545454545456,0.13527180783817952,1,37,0.06505692480920805,0.5679076002887493,1,2
0,0.20000000000000004,0.125,0.05050505050505051,0.16055625790139064,1,46,0.0700613036406856,0.6034340517685883,1,2
1,0.1,0.125,0.02373737373737374,0.16561314791403287,1,46,0.12986363067684223,0.6099309064659173,1,1
5,0.20000000000000004,0.25,0.11616161616161617,0.16561314791403287,1,37,0.03415488552483423,0.6099309064659173,1,3
0,0.1,0.125,0.0404040404040404,0.10240202275600505,1,104,0.05542349555861378,0.511189027534289,1,1
1,0.1,0.125,0.0404040404040404,0.34260429835651074,1,37,0.17427749280620544,0.7649788594410643,2,1
5,0.0,0.125,0.0303030303030303,0.1529709228824273,1,13,0.10071312398348553,0.5933793956893887,1,1
0,0.20000000000000004,0.125,0.045454545454545456,0.13527180783817952,1,37,0.06505692480920805,0.5679076002887493,1,2
0,0.1,0.125,0.0303030303030303,0.1150442477876106,1,13,0.07731765294632803,0.5347014540579562,1,1
5,0.20000000000000004,0.125,0.05050505050505051,0.12262958280657396,1,37,0.05442261979231828,0.5477467257914819,1,2
0,0.20000000000000004,0.125,0.03535353535353536,0.0518331226295828,1,116,0.03390466658326035,0.37996287511601534,0,1
5,0.20000000000000004,0.125,0.03535353535353536,0.1150442477876106,1,37,0.06868509946202926,0.5347014540579562,1,1
0,0.1,0.125,0.05050505050505051,0.013906447534766117,1,37,0.00950831977980733,0.17608538723316491,0,2
0,0.20000000000000004,0.125,0.0404040404040404,0.13527180783817952,1,37,0.0716877267609158,0.5679076002887493,1,1
0,0.1,0.125,0.05050505050505051,0.013906447534766117,1,37,0.00950831977980733,0.17608538723316491,0,2
0,0.30000000000000004,0.375,0.0696969696969697,0.26675094816687733,1,94,0.08620042537220067,0.7110446529854595,2,2
2,0.1,0.125,0.0404040404040404,0.03919089759797724,1,94,0.024146127861879144,0.3302052181086934,0,1
5,0.1,0.125,0.0404040404040404,0.08975979772439949,1,116,0.04916802201926686,0.48484067237289885,1,1
5,0.20000000000000004,0.125,0.05050505050505051,0.14032869785082175,1,116,0.061678969097960716,0.5754872641022999,1,2
0,0.1,0.125,0.0101010101010101,0.07711757269279393,1,37,0.10859502064306267,0.4550376405073735,1,0
0,0.20000000000000004,0.125,0.0404040404040404,0.26675094816687733,1,5,0.13674465157012386,0.7110446529854595,2,1
0,0.20000000000000004,0.125,0.03282828282828283,0.07711757269279393,1,48,0.050669335668710125,0.4550376405073735,1,1
0,0.30000000000000004,0.25,0.05050505050505051,0.2161820480404551,1,116,0.09295633679469535,0.6661338558317005,2,2
0,0.20000000000000004,0.125,0.05050505050505051,0.16561314791403287,1,116,0.07206305517327662,0.6099309064659173,1,2
0,0.1,0.125,0.03282828282828283,0.09481668773704172,1,37,0.06092831227323909,0.49577188821284945,1,1
0,0.0,0.125,0.023232323232323233,0.12768647281921616,1,13,0.10334042287001124,0.5560482623491803,1,1
5,0.20000000000000004,0.125,0.05050505050505051,0.10240202275600505,1,37,0.046040285249593395,0.511189027534289,1,2
0,0.20000000000000004,0.125,0.05050505050505051,0.16561314791403287,1,46,0.07206305517327662,0.6099309064659173,1,2
4,0.0,0.125,0.0015151515151515162,0.14032869785082175,1,46,0.32553484298761415,0.5754872641022999,1,0
3,0.20000000000000004,0.25,0.055555555555555566,0.18331226295828065,1,13,0.07318904041035905,0.6312777147571416,2,2
0,0.1,0.125,0.007575757575757576,0.06953223767383059,1,37,0.11347429000375328,0.4350314530267094,1,0
4,0.0,0.125,0.0404040404040404,0.36788874841972186,1,110,0.1867884398848993,0.7804475611013717,2,1
1,0.1,0.125,0.02272727272727273,0.1529709228824273,1,110,0.12423370449143,0.5933793956893887,1,1
5,0.20000000000000004,0.125,0.05050505050505051,0.10745891276864727,1,5,0.048167146252971346,0.520882747241415,1,2
4,0.0,0.125,0.03232323232323232,0.16561314791403287,1,46,0.10334042287001124,0.6099309064659173,1,1
5,0.20000000000000004,0.125,0.0404040404040404,0.07711757269279393,1,46,0.04291254847991993,0.4550376405073735,1,1
5,0.30000000000000004,0.25,0.06565656565656566,0.16561314791403287,1,37,0.05755035656199174,0.6099309064659173,1,2
0,0.1,0.125,0.0303030303030303,0.1150442477876106,1,46,0.07731765294632803,0.5347014540579562,1,1
3,0.20000000000000004,0.125,0.0404040404040404,0.006321112515802781,1,37,0.007881896659577128,0.09719500876559761,0,1
0,0.30000000000000004,0.125,0.03535353535353536,0.12768647281921616,1,37,0.07556612035531089,0.5560482623491803,1,1
4,0.0,0.125,0.0404040404040404,0.24146649810366622,1,13,0.12423370449143,0.6896978446942355,2,1
5,0.20000000000000004,0.125,0.0303030303030303,0.05941845764854614,1,5,0.04291254847991993,0.40522842116118407,0,1
0,0.1,0.125,0.025252525252525252,0.09481668773704172,1,5,0.07418991617665456,0.49577188821284945,1,1
0,0.1,0.125,0.015151515151515152,0.006321112515802781,1,37,0.01663955961466283,0.09719500876559761,0,0
5,0.20000000000000004,0.125,0.03535353535353536,0.011378002528445006,1,37,0.011635180783185286,0.1527276477261008,0,1
0,0.1,0.125,0.02272727272727273,0.14538558786346395,1,13,0.11847866883523081,0.5828091162215119,1,1
0,0.20000000000000004,0.125,0.03787878787878787,0.12515802781289506,1,37,0.07018641311147253,0.5519232752397649,1,1
1,0.1,0.125,0.03282828282828283,0.2161820480404551,1,46,0.13161516326785938,0.6661338558317005,2,1
4,0.1,0.125,0.025252525252525252,0.16561314791403287,1,37,0.12423370449143,0.6099309064659173,1,1
0,0.0,0.125,0.015151515151515152,0.1529709228824273,1,110,0.16176654572751156,0.5933793956893887,1,0
0,0.20000000000000004,0.125,0.045454545454545456,0.17825537294563842,1,110,0.08444889278118353,0.625348045787357,2,2
0,0.1,0.125,0.03535353535353536,0.10240202275600505,1,57,0.061678969097960716,0.511189027534289,1,1
0,0.1,0.125,0.0404040404040404,0.007585335018963338,1,110,0.008507444013511821,0.11240589873156648,0,1
5,0.20000000000000004,0.125,0.0404040404040404,0.08470290771175726,1,37,0.046665832603528086,0.4733938331442715,1,1
5,0.30000000000000004,0.125,0.055555555555555566,0.013906447534766117,1,110,0.0087576629550857,0.17608538723316491,0,2
3,0.1,0.25,0.05050505050505051,0.006321112515802781,1,57,0.006380583010133866,0.09719500876559761,0,2
5,0.20000000000000004,0.25,0.09090909090909091,0.21112515802781287,1,104,0.05417240085074441,0.6611323089615346,2,2
0,0.1,0.125,0.0303030303030303,0.17825537294563842,1,46,0.11647691730263982,0.625348045787357,2,1
1,0.4,0.25,0.20202020202020202,0.6207332490518331,1,110,0.07356436882271987,0.8947612663710427,3,3
1,0.0,0.125,0.05303030303030304,0.36788874841972186,1,6,0.1492555986488177,0.7804475611013717,2,2
1,0.0,0.125,0.03282828282828283,0.24146649810366622,1,6,0.14625297134993118,0.6896978446942355,2,1
0,0.20000000000000004,0.125,0.0404040404040404,0.07711757269279393,1,37,0.04291254847991993,0.4550376405073735,1,1
0,0.30000000000000004,0.125,0.0303030303030303,0.12768647281921616,1,37,0.08519954960590516,0.5560482623491803,1,1
5,0.1,0.125,0.0404040404040404,0.09481668773704172,1,37,0.05167021143500563,0.49577188821284945,1,1
1,0.1,0.125,0.0404040404040404,0.14032869785082175,1,110,0.07418991617665456,0.5754872641022999,1,1
1,0.1,0.125,0.025252525252525252,0.08975979772439949,1,110,0.07056174152383335,0.48484067237289885,1,1
0,0.30000000000000004,0.25,0.06060606060606061,0.1302149178255373,1,116,0.04916802201926686,0.5600701247808602,1,2
0,0.20000000000000004,0.125,0.03282828282828283,0.07711757269279393,1,6,0.050669335668710125,0.4550376405073735,1,1
0,0.20000000000000004,0.125,0.06565656565656566,0.14791403286978508,1,37,0.05167021143500563,0.5863669176033826,1,2
5,0.30000000000000004,0.125,0.05050505050505051,0.14032869785082175,1,37,0.061678969097960716,0.5754872641022999,1,2
1,0.0,0.5,0.1414141414141414,0.5195954487989886,1,110,0.08670086325534843,0.8557285758482007,3,3
0,0.20000000000000004,0.125,0.043434343434343436,0.14032869785082175,1,5,0.06993619416989866,0.5754872641022999,1,2
5,0.1,0.125,0.055555555555555566,0.018963337547408345,1,110,0.010634305016889778,0.2165618232443025,0,2
5,0.1,0.125,0.05050505050505051,0.0518331226295828,1,5,0.025147003628174652,0.37996287511601534,0,2
5,0.20000000000000004,0.125,0.055555555555555566,0.30467762326169406,1,110,0.11947954460152632,0.7396617510570282,2,2
1,0.1,0.125,0.025252525252525252,0.34260429835651074,1,37,0.24934317527836858,0.7649788594410643,2,1
1,0.1,0.125,0.1313131313131313,0.2920353982300885,1,5,0.052796196672088076,0.7304836547385791,2,3
5,0.20000000000000004,0.125,0.0404040404040404,0.1150442477876106,1,37,0.061678969097960716,0.5347014540579562,1,1
0,0.1,0.125,0.020202020202020204,0.1150442477876106,1,37,0.10334042287001124,0.5347014540579562,1,1
0,0.1,0.125,0.015151515151515152,0.1150442477876106,1,37,0.12423370449143,0.5347014540579562,1,0
5,0.30000000000000004,0.125,0.06565656565656566,0.12768647281921616,1,37,0.04503940948329788,0.5560482623491803,1,2
5,0.1,0.125,0.0404040404040404,0.018963337547408345,1,110,0.014137370198924056,0.2165618232443025,0,1
5,0.20000000000000004,0.125,0.06565656565656566,0.2161820480404551,1,116,0.07418991617665456,0.6661338558317005,2,2
5,0.20000000000000004,0.125,0.06060606060606061,0.02654867256637168,1,116,0.012510947078693857,0.26616479323502107,0,2
5,0.20000000000000004,0.125,0.12626262626262624,0.1529709228824273,1,6,0.029275616164143627,0.5933793956893887,1,3
0,0.0,0.125,0.015151515151515152,0.16561314791403287,1,110,0.17427749280620544,0.6099309064659173,1,0
0,0.1,0.125,0.0404040404040404,0.10998735777496839,1,116,0.05917677968222194,0.525574920078375,1,1
0,0.30000000000000004,0.125,0.06565656565656566,0.30467762326169406,1,110,0.10334042287001124,0.7396617510570282,2,2
0,0.0,0.125,0.025252525252525252,0.2920353982300885,1,94,0.21356186663330415,0.7304836547385791,2,1
0,0.0,0.125,0.025252525252525252,0.26675094816687733,1,13,0.19567121231077195,0.7110446529854595,2,1
4,0.0,0.125,0.10101010101010101,0.36788874841972186,1,104,0.08444889278118353,0.7804475611013717,2,3
5,0.20000000000000004,0.125,0.06565656565656566,0.16561314791403287,1,94,0.05755035656199174,0.6099309064659173,1,2
0,0.1,0.125,0.025252525252525252,0.14032869785082175,1,37,0.10634305016889778,0.5754872641022999,1,1
5,0.20000000000000004,0.125,0.05050505050505051,0.06447534766118837,1,37,0.030401601401226074,0.4206455604826236,0,2
0,0.1,0.125,0.015151515151515152,0.07711757269279393,1,5,0.08670086325534843,0.4550376405073735,1,0
5,0.20000000000000004,0.125,0.09090909090909091,0.14538558786346395,1,116,0.03790816964844239,0.5828091162215119,1,2
0,0.20000000000000004,0.125,0.05050505050505051,0.16561314791403287,1,13,0.07206305517327662,0.6099309064659173,1,2
5,0.1,0.125,0.06565656565656566,0.17825537294563842,1,110,0.061678969097960716,0.625348045787357,2,2
4,0.20000000000000004,0.125,0.08080808080808081,0.2920353982300885,1,110,0.08257225071937944,0.7304836547385791,2,2
5,0.1,0.125,0.0404040404040404,0.14032869785082175,1,57,0.07418991617665456,0.5754872641022999,1,1
5,0.20000000000000004,0.25,0.06565656565656566,0.16561314791403287,1,94,0.05755035656199174,0.6099309064659173,1,2
1,0.20000000000000004,0.125,0.055555555555555566,0.36788874841972186,1,13,0.14350056299261854,0.7804475611013717,2,2
1,0.1,0.125,0.0404040404040404,0.26675094816687733,1,13,0.13674465157012386,0.7110446529854595,2,1
0,0.20000000000000004,0.25,0.05050505050505051,0.1529709228824273,1,13,0.06693356687101212,0.5933793956893887,1,2
2,0.0,0.125,0.0303030303030303,0.041719342604298354,1,6,0.031902915050669334,0.3410848716097763,0,1
0,0.0,0.125,0.0101010101010101,0.05941845764854614,1,116,0.08670086325534843,0.40522842116118407,0,0
0,0.0,0.125,0.0101010101010101,0.061946902654867256,1,6,0.08982860002502188,0.413065896669073,0,0
0,0.20000000000000004,0.125,0.045454545454545456,0.1125158027812895,1,57,0.05479794820467909,0.5302155305764671,1,2
0,0.20000000000000004,0.125,0.043434343434343436,0.14032869785082175,1,5,0.06993619416989866,0.5754872641022999,1,2
0,0.20000000000000004,0.125,0.03888888888888889,0.10240202275600505,1,57,0.05717502814963092,0.511189027534289,1,1
0,0.20000000000000004,0.125,0.03535353535353536,0.08217446270543616,1,57,0.05054422619792318,0.467464164174487,1,1
4,0.0,0.125,0.06565656565656566,0.24146649810366622,1,57,0.08257225071937944,0.6896978446942355,2,2
4,0.0,0.125,0.025252525252525252,0.4184576485461441,1,57,0.3030151382459652,0.8084459111065281,3,1
0,0.20000000000000004,0.125,0.05808080808080808,0.16561314791403287,1,59,0.06405604904291254,0.6099309064659173,1,2
5,0.30000000000000004,0.25,0.07575757575757576,0.1529709228824273,1,5,0.046916051545101964,0.5933793956893887,1,2
0,0.20000000000000004,0.125,0.06565656565656566,0.14032869785082175,1,37,0.04916802201926686,0.5754872641022999,1,2
0,0.20000000000000004,0.125,0.045454545454545456,0.16561314791403287,1,94,0.07869385712498436,0.6099309064659173,1,2
0,0.0,0.125,0.01868686868686869,0.08975979772439949,1,37,0.0869510821969223,0.48484067237289885,1,1
0,0.0,0.125,0.02878787878787879,0.14032869785082175,1,94,0.09658451144751656,0.5754872641022999,1,1
0,0.20000000000000004,0.125,0.03535353535353536,0.1302149178255373,1,37,0.07694232453396721,0.5600701247808602,1,1
4,0.1,0.125,0.02878787878787879,0.4437420986093552,1,46,0.2916301764043538,0.8212333711457154,3,1
4,0.0,0.125,0.015151515151515152,0.16561314791403287,1,59,0.17427749280620544,0.6099309064659173,1,0
0,0.20000000000000004,0.25,0.055555555555555566,0.17825537294563842,1,57,0.07131239834855498,0.625348045787357,2,2
1,0.30000000000000004,0.125,0.0303030303030303,0.20353982300884954,1,46,0.13199049168022017,0.6533463957925132,2,1
5,0.1,0.125,0.03535353535353536,0.10493046776232616,1,37,0.06305517327661704,0.5160874497267196,1,1
0,0.20000000000000004,0.125,0.0404040404040404,0.12768647281921616,1,37,0.06793444263730763,0.5560482623491803,1,1
5,0.30000000000000004,0.125,0.08080808080808081,0.14032869785082175,1,116,0.040785687476541974,0.5754872641022999,1,2
0,0.1,0.125,0.0404040404040404,0.14032869785082175,1,37,0.07418991617665456,0.5754872641022999,1,1
5,0.1,0.125,0.0404040404040404,0.10240202275600505,1,37,0.05542349555861378,0.511189027534289,1,1
0,0.20000000000000004,0.125,0.06565656565656566,0.1529709228824273,1,37,0.05329663455523583,0.5933793956893887,1,2
0,0.1,0.125,0.0404040404040404,0.09481668773704172,1,37,0.05167021143500563,0.49577188821284945,1,1
0,0.1,0.125,0.0393939393939394,0.08723135271807837,1,57,0.04891780307769298,0.4792203774363206,1,1
5,0.5000000000000001,0.25,0.10101010101010101,0.49431099873577744,1,5,0.11284874264981858,0.8447973600082501,3,3
5,0.20000000000000004,0.125,0.0404040404040404,0.10240202275600505,1,37,0.05542349555861378,0.511189027534289,1,1
0,0.1,0.125,0.015151515151515152,0.06447534766118837,1,5,0.07418991617665456,0.4206455604826236,0,0
5,0.4,0.25,0.24242424242424243,0.2161820480404551,1,37,0.021643938446140373,0.6661338558317005,2,3
5,0.20000000000000004,0.125,0.0707070707070707,0.1327433628318584,1,5,0.04366320530464156,0.5639888625348048,1,2
1,0.1,0.125,0.020202020202020204,0.12768647281921616,1,48,0.11384961841611409,0.5560482623491803,1,1
0,0.1,0.125,0.0303030303030303,0.05941845764854614,1,116,0.04291254847991993,0.40522842116118407,0,1
5,0.0,0.125,0.025252525252525252,0.06447534766118837,1,48,0.052796196672088076,0.4206455604826236,0,1
0,0.30000000000000004,0.125,0.05303030303030304,0.1150442477876106,1,48,0.04916802201926686,0.5347014540579562,1,2
0,0.20000000000000004,0.125,0.02777777777777778,0.1150442477876106,1,5,0.08257225071937944,0.5347014540579562,1,1
0,0.30000000000000004,0.25,0.06565656565656566,0.12768647281921616,1,57,0.04503940948329788,0.5560482623491803,1,2
5,0.1,0.125,0.03535353535353536,0.12010113780025283,1,110,0.07143750781934192,0.5434670516654636,1,1
5,0.1,0.125,0.05050505050505051,0.1150442477876106,1,116,0.05129488302264481,0.5347014540579562,1,2
4,0.0,0.125,0.015151515151515152,0.19089759797724398,1,116,0.19929938696359314,0.6397855006703106,2,0
5,0.20000000000000004,0.125,0.0404040404040404,0.05689001264222503,1,101,0.032903790816964845,0.39713313395895633,0,1
5,0.1,0.125,0.0404040404040404,0.08723135271807837,1,48,0.04791692731139747,0.4792203774363206,1,1
0,0.20000000000000004,0.125,0.04797979797979798,0.17825537294563842,1,6,0.08069560865757537,0.625348045787357,2,2
1,0.1,0.125,0.05050505050505051,0.2920353982300885,1,110,0.12423370449143,0.7304836547385791,2,2
4,0.0,0.125,0.03535353535353536,0.3173198482932996,1,116,0.1797823095208307,0.7484273486645356,2,1
0,0.0,0.125,0.0303030303030303,0.1529709228824273,1,110,0.10071312398348553,0.5933793956893887,1,1
0,0.20000000000000004,0.125,0.06060606060606061,0.16055625790139064,1,94,0.05992743650694358,0.6034340517685883,1,2
1,0.0,0.125,0.005050505050505052,0.1150442477876106,1,5,0.20768172150631806,0.5347014540579562,1,0
0,0.20000000000000004,0.125,0.03282828282828283,0.12768647281921616,1,13,0.08007006130364068,0.5560482623491803,1,1
5,0.20000000000000004,0.25,0.10101010101010101,0.34260429835651074,1,5,0.07869385712498436,0.7649788594410643,2,3
1,0.1,0.125,0.02272727272727273,0.10240202275600505,1,13,0.08569998748905291,0.511189027534289,1,1
5,0.1,0.125,0.045454545454545456,0.14032869785082175,1,94,0.06730889528337294,0.5754872641022999,1,2
0,0.1,0.125,0.025252525252525252,0.08975979772439949,1,37,0.07056174152383335,0.48484067237289885,1,1
5,0.1,0.125,0.055555555555555566,0.10998735777496839,1,37,0.04528962842487176,0.525574920078375,1,2
4,0.0,0.125,0.0404040404040404,0.14032869785082175,1,5,0.07418991617665456,0.5754872641022999,1,1
0,0.1,0.125,0.05303030303030304,0.08975979772439949,1,5,0.03915926435631178,0.48484067237289885,1,2
0,0.20000000000000004,0.125,0.0707070707070707,0.24146649810366622,1,46,0.07731765294632803,0.6896978446942355,2,2
5,0.20000000000000004,0.125,0.06565656565656566,0.17825537294563842,1,116,0.061678969097960716,0.625348045787357,2,2
5,0.20000000000000004,0.125,0.03535353535353536,0.01643489254108723,1,37,0.014387589140497934,0.1972259461689183,0,1
0,0.20000000000000004,0.125,0.0303030303030303,0.07711757269279393,1,5,0.05392218190917052,0.4550376405073735,1,1
5,0.1,0.125,0.0404040404040404,0.0518331226295828,1,101,0.030401601401226074,0.37996287511601534,0,1
0,0.1,0.125,0.04797979797979798,0.18584070796460175,1,110,0.08394845489803578,0.6341652057337321,2,2
0,0.20000000000000004,0.25,0.07575757575757576,0.26675094816687733,1,110,0.08007006130364068,0.7110446529854595,2,2
1,0.20000000000000004,0.125,0.0404040404040404,0.2793931731984829,1,110,0.1430001251094708,0.7209961843869239,2,1
5,0.20000000000000004,0.125,0.05303030303030304,0.13527180783817952,1,13,0.05717502814963092,0.5679076002887493,1,2
0,0.0,0.125,0.020202020202020204,0.24146649810366622,1,13,0.20768172150631806,0.6896978446942355,2,1
4,0.0,0.125,0.025252525252525252,0.36788874841972186,1,104,0.2672338296009008,0.7804475611013717,2,1
5,0.20000000000000004,0.125,0.0404040404040404,0.10240202275600505,1,37,0.05542349555861378,0.511189027534289,1,1
5,0.20000000000000004,0.125,0.05050505050505051,0.2161820480404551,1,13,0.09295633679469535,0.6661338558317005,2,2
4,0.0,0.125,0.014141414141414142,0.2920353982300885,1,110,0.31189791067183786,0.7304836547385791,2,0
5,0.30000000000000004,0.125,0.05303030303030304,0.1281921618204804,1,37,0.05442261979231828,0.5568216974321958,1,2
0,0.1,0.125,0.03535353535353536,0.10493046776232616,1,116,0.06305517327661704,0.5160874497267196,1,1
0,0.1,0.125,0.043939393939393945,0.20353982300884954,1,13,0.09846115350932065,0.6533463957925132,2,2
5,0.20000000000000004,0.125,0.06060606060606061,0.06700379266750947,1,48,0.026773426748404855,0.4279674126018356,1,2
5,0.30000000000000004,0.125,0.055555555555555566,0.10240202275600505,1,37,0.042412110596772176,0.511189027534289,1,2
5,0.20000000000000004,0.125,0.06060606060606061,0.05941845764854614,1,5,0.024146127861879144,0.40522842116118407,0,2
0,0.30000000000000004,0.125,0.03535353535353536,0.12768647281921616,1,37,0.07556612035531089,0.5560482623491803,1,1
0,0.20000000000000004,0.125,0.06060606060606061,0.16561314791403287,1,94,0.061678969097960716,0.6099309064659173,1,2
0,0.0,0.125,0.020202020202020204,0.07711757269279393,1,13,0.07206305517327662,0.4550376405073735,1,1
0,0.30000000000000004,0.125,0.055555555555555566,0.1150442477876106,1,94,0.04729137995746278,0.5347014540579562,1,2
5,0.30000000000000004,0.25,0.11616161616161617,0.20353982300884954,1,13,0.04166145377205054,0.6533463957925132,2,3
0,0.30000000000000004,0.25,0.0707070707070707,0.12768647281921616,1,37,0.0421618916551983,0.5560482623491803,1,2
5,0.1,0.125,0.045454545454545456,0.10998735777496839,1,37,0.05367196296759665,0.525574920078375,1,2
5,0.1,0.125,0.0404040404040404,0.10240202275600505,1,37,0.05542349555861378,0.511189027534289,1,1
0,0.20000000000000004,0.125,0.0404040404040404,0.10240202275600505,1,37,0.05542349555861378,0.511189027534289,1,1
5,0.1,0.125,0.0404040404040404,0.06953223767383059,1,37,0.03915926435631178,0.4350314530267094,1,1
5,0.30000000000000004,0.25,0.24242424242424243,0.16561314791403287,1,37,0.01663955961466283,0.6099309064659173,1,3
1,0.0,0.125,0.025252525252525252,0.2161820480404551,1,59,0.16001501313649444,0.6661338558317005,2,1
0,0.1,0.125,0.0303030303030303,0.08975979772439949,1,37,0.061678969097960716,0.48484067237289885,1,1
5,0.20000000000000004,0.125,0.0404040404040404,0.08975979772439949,1,116,0.04916802201926686,0.48484067237289885,1,1
0,0.30000000000000004,0.25,0.06060606060606061,0.1302149178255373,1,116,0.04916802201926686,0.5600701247808602,1,2
4,0.1,0.125,0.020202020202020204,0.07711757269279393,1,6,0.07206305517327662,0.4550376405073735,1,1
0,0.0,0.125,0.015151515151515152,0.06447534766118837,1,57,0.07418991617665456,0.4206455604826236,0,0
0,0.0,0.125,0.017676767676767676,0.07711757269279393,1,5,0.07869385712498436,0.4550376405073735,1,1
0,0.1,0.125,0.03282828282828283,0.07711757269279393,1,37,0.050669335668710125,0.4550376405073735,1,1
0,0.1,0.125,0.03535353535353536,0.08975979772439949,1,37,0.05467283873389216,0.48484067237289885,1,1
0,0.20000000000000004,0.125,0.05050505050505051,0.14032869785082175,1,13,0.061678969097960716,0.5754872641022999,1,2
0,0.0,0.125,0.02272727272727273,0.24146649810366622,1,46,0.19154259977480295,0.6896978446942355,2,1
0,0.1,0.125,0.04696969696969697,0.2161820480404551,1,37,0.09871137245089452,0.6661338558317005,2,2
0,0.0,0.125,0.01616161616161616,0.26675094816687733,1,13,0.2637307644188665,0.7110446529854595,2,1
0,0.20000000000000004,0.125,0.0404040404040404,0.12768647281921616,1,37,0.06793444263730763,0.5560482623491803,1,1
0,0.1,0.125,0.045454545454545456,0.393173198482933,1,13,0.18115851369948707,0.7948850159843253,3,2
0,0.0,0.125,0.02777777777777778,0.3173198482932996,1,13,0.21593894657825596,0.7484273486645356,2,1
5,0.0,0.125,0.0303030303030303,0.36788874841972186,1,59,0.23370449143000124,0.7804475611013717,2,1
0,0.30000000000000004,0.25,0.06565656565656566,0.30467762326169406,1,110,0.10334042287001124,0.7396617510570282,2,2
5,0.1,0.125,0.0404040404040404,0.12768647281921616,1,37,0.06793444263730763,0.5560482623491803,1,1
0,0.30000000000000004,0.25,0.0601010101010101,0.16561314791403287,1,94,0.06217940698110847,0.6099309064659173,1,2
3,0.1,0.125,0.015151515151515152,0.06447534766118837,1,46,0.07418991617665456,0.4206455604826236,0,0
5,0.20000000000000004,0.125,0.05050505050505051,0.1150442477876106,1,37,0.05129488302264481,0.5347014540579562,1,2
0,0.1,0.125,0.025252525252525252,0.10240202275600505,1,116,0.07956962342049292,0.511189027534289,1,1
0,0.1,0.25,0.03888888888888889,0.12768647281921616,1,110,0.0700613036406856,0.5560482623491803,1,1
0,0.1,0.125,0.0404040404040404,0.1150442477876106,1,46,0.061678969097960716,0.5347014540579562,1,1
0,0.1,0.125,0.025252525252525252,0.14032869785082175,1,37,0.10634305016889778,0.5754872641022999,1,1
2,0.1,0.125,0.0404040404040404,0.02654867256637168,1,37,0.017890654322532215,0.26616479323502107,0,1
5,0.30000000000000004,0.125,0.08838383838383838,0.2920353982300885,1,110,0.07606655823845865,0.7304836547385791,2,2
0,0.0,0.125,0.015151515151515152,0.05941845764854614,2,7,0.06918553734517702,0.40522842116118407,0,0
2,0.1,0.125,0.11616161616161617,0.0316055625790139,2,7,0.007631677718003253,0.2940084562235743,0,3
5,0.20000000000000004,0.125,0.06060606060606061,0.20353982300884954,2,5,0.07506568247216314,0.6533463957925132,2,2
5,0.20000000000000004,0.125,0.05050505050505051,0.09734513274336283,2,8,0.043913424246215436,0.5010312467773539,1,2
5,0.0,0.125,0.025252525252525252,0.10998735777496839,2,5,0.08494933066433129,0.525574920078375,1,1
0,0.30000000000000004,0.25,0.06060606060606061,0.17825537294563842,2,5,0.0661829100462905,0.625348045787357,2,2
0,0.1,0.125,0.020202020202020204,0.0518331226295828,2,8,0.05129488302264481,0.37996287511601534,0,1
1,0.20000000000000004,0.125,0.05050505050505051,0.9999999999999999,2,5,0.41611409983735764,1.0000000000000002,3,2
3,0.20000000000000004,0.125,0.06565656565656566,0.03413400758533502,2,5,0.014137370198924056,0.3067443539238939,0,2
0,0.20000000000000004,0.125,0.04292929292929293,0.12768647281921616,2,158,0.06468159639684723,0.5560482623491803,1,2
5,0.30000000000000004,0.125,0.09090909090909091,0.006321112515802781,2,5,0.0035030651820342797,0.09719500876559761,0,2
0,0.1,0.125,0.051515151515151514,0.16561314791403287,2,7,0.07093706993619417,0.6099309064659173,1,2
5,0.30000000000000004,0.125,0.0404040404040404,0.12010113780025283,2,8,0.06418115851369949,0.5434670516654636,1,1
0,0.1,0.125,0.0404040404040404,0.09481668773704172,2,8,0.05167021143500563,0.49577188821284945,1,1
5,0.30000000000000004,0.25,0.1414141414141414,0.07711757269279393,2,8,0.01376204178656324,0.4550376405073735,1,3
4,0.0,0.125,0.11111111111111112,0.16561314791403287,2,7,0.035656199174277495,0.6099309064659173,1,3
0,0.1,0.125,0.025252525252525252,0.10240202275600505,2,5,0.07956962342049292,0.511189027534289,1,1
5,0.1,0.125,0.0303030303030303,0.10240202275600505,2,8,0.0694357562867509,0.511189027534289,1,1
4,0.0,0.125,0.023232323232323233,0.16561314791403287,2,7,0.13186538220943325,0.6099309064659173,1,1
0,0.30000000000000004,0.125,0.055555555555555566,0.14032869785082175,2,8,0.05692480920805705,0.5754872641022999,1,2
0,0.1,0.125,0.0404040404040404,0.2161820480404551,2,7,0.11172275741273613,0.6661338558317005,2,1
0,0.20000000000000004,0.125,0.03535353535353536,0.02654867256637168,2,5,0.02001751532591017,0.26616479323502107,0,1
0,0.20000000000000004,0.125,0.06060606060606061,0.10493046776232616,2,7,0.04028524959339422,0.5160874497267196,1,2
4,0.0,0.125,0.0303030303030303,0.16561314791403287,2,7,0.10859502064306267,0.6099309064659173,1,1
5,0.5000000000000001,0.25,0.0404040404040404,0.2161820480404551,2,8,0.11172275741273613,0.6661338558317005,2,1
0,0.20000000000000004,0.125,0.0404040404040404,0.1706700379266751,2,5,0.08920305267108719,0.6162215118077756,2,1
1,0.30000000000000004,0.125,0.043939393939393945,0.19089759797724398,2,8,0.09270611785312148,0.6397855006703106,2,2
1,0.1,0.125,0.020202020202020204,0.10240202275600505,2,5,0.09295633679469535,0.511189027534289,1,1
0,0.20000000000000004,0.125,0.0303030303030303,0.08975979772439949,2,8,0.061678969097960716,0.48484067237289885,1,1
5,0.1,0.125,0.0303030303030303,0.07711757269279393,2,8,0.05392218190917052,0.4550376405073735,1,1
0,0.1,0.125,0.020202020202020204,0.06447534766118837,2,8,0.061678969097960716,0.4206455604826236,0,1
0,0.20000000000000004,0.125,0.05050505050505051,0.04424778761061946,2,5,0.02201926685850119,0.351448901722182,0,2
5,0.30000000000000004,0.25,0.07575757575757576,0.06447534766118837,2,7,0.02114350056299262,0.4206455604826236,0,2
1,0.20000000000000004,0.125,0.02878787878787879,0.1150442477876106,2,8,0.08032028024521455,0.5347014540579562,1,1
5,0.20000000000000004,0.125,0.09090909090909091,0.06447534766118837,2,5,0.017890654322532215,0.4206455604826236,0,2
5,0.1,0.25,0.09090909090909091,0.14032869785082175,2,8,0.036657074940573,0.5754872641022999,1,2
5,0.20000000000000004,0.125,0.0303030303030303,0.05941845764854614,2,5,0.04291254847991993,0.40522842116118407,0,1
4,0.1,0.25,0.05050505050505051,0.4437420986093552,2,5,0.1867884398848993,0.8212333711457154,3,2
0,0.20000000000000004,0.125,0.0303030303030303,0.013906447534766117,2,7,0.01476291755285875,0.17608538723316491,0,1
0,0.20000000000000004,0.125,0.0303030303030303,0.013906447534766117,2,7,0.01476291755285875,0.17608538723316491,0,1
0,0.20000000000000004,0.125,0.045454545454545456,0.07711757269279393,2,118,0.0389090454147379,0.4550376405073735,1,2
0,0.20000000000000004,0.125,0.04646464646464647,0.07711757269279393,2,5,0.038158388590016266,0.4550376405073735,1,2
0,0.1,0.125,0.0303030303030303,0.06953223767383059,2,7,0.04916802201926686,0.4350314530267094,1,1
5,0.20000000000000004,0.125,0.1414141414141414,0.12768647281921616,2,7,0.02201926685850119,0.5560482623491803,1,3
4,0.0,0.125,0.0101010101010101,0.10998735777496839,2,7,0.1492555986488177,0.525574920078375,1,0
4,0.0,0.125,0.015151515151515152,0.6965865992414665,2,9,0.6997372701113475,0.9201299370939466,3,0
5,0.20000000000000004,0.125,0.1414141414141414,0.046776232616940576,2,9,0.0087576629550857,0.36134887078477873,0,3
0,0.1,0.125,0.015151515151515152,0.06953223767383059,2,5,0.07919429500813212,0.4350314530267094,1,0
0,0.20000000000000004,0.125,0.04292929292929293,0.12768647281921616,2,158,0.06468159639684723,0.5560482623491803,1,2
0,0.0,0.125,0.020202020202020204,0.09481668773704172,2,5,0.08670086325534843,0.49577188821284945,1,1
0,0.0,0.125,0.020202020202020204,0.08975979772439949,2,8,0.08257225071937944,0.48484067237289885,1,1
5,0.20000000000000004,0.125,0.055555555555555566,0.07711757269279393,2,5,0.0327786813461779,0.4550376405073735,1,2
0,0.20000000000000004,0.125,0.0404040404040404,0.06447534766118837,2,9,0.036657074940573,0.4206455604826236,0,1
0,0.1,0.125,0.025252525252525252,0.06447534766118837,2,8,0.052796196672088076,0.4206455604826236,0,1
0,0.1,0.125,0.0404040404040404,0.08975979772439949,2,8,0.04916802201926686,0.48484067237289885,1,1
3,0.1,0.125,0.05050505050505051,0.0,2,5,0.0038783935943950956,0.0,0,2
5,0.0,0.125,0.0303030303030303,0.0720606826801517,2,8,0.050669335668710125,0.4418892440961124,1,1
0,0.1,0.125,0.020202020202020204,0.08470290771175726,2,8,0.07831852871262354,0.4733938331442715,1,1
0,0.20000000000000004,0.125,0.033838383838383834,0.1150442477876106,2,7,0.0710621794069811,0.5347014540579562,1,1
0,0.20000000000000004,0.125,0.020202020202020204,0.06447534766118837,2,118,0.061678969097960716,0.4206455604826236,0,1
0,0.20000000000000004,0.25,0.05050505050505051,0.12262958280657396,2,97,0.05442261979231828,0.5477467257914819,1,2
0,0.1,0.125,0.03535353535353536,0.1150442477876106,2,8,0.06868509946202926,0.5347014540579562,1,1
0,0.20000000000000004,0.125,0.0303030303030303,0.013906447534766117,2,7,0.01476291755285875,0.17608538723316491,0,1
5,0.30000000000000004,0.125,0.07575757575757576,0.12768647281921616,2,7,0.03965970223945953,0.5560482623491803,1,2
5,0.20000000000000004,0.125,0.06565656565656566,0.06447534766118837,2,118,0.024146127861879144,0.4206455604826236,0,2
0,0.20000000000000004,0.125,0.045454545454545456,0.07711757269279393,2,118,0.0389090454147379,0.4550376405073735,1,2
4,0.0,0.0,0.0101010101010101,0.20353982300884954,2,8,0.2649818591267359,0.6533463957925132,2,0
5,0.0,0.125,0.025252525252525252,0.03919089759797724,2,158,0.03490554234955586,0.3302052181086934,0,1
5,0.1,0.125,0.04797979797979798,0.14032869785082175,2,8,0.06443137745527336,0.5754872641022999,1,2
5,0.20000000000000004,0.125,0.0303030303030303,0.0518331226295828,2,9,0.038158388590016266,0.37996287511601534,0,1
0,0.0,0.125,0.0303030303030303,0.02654867256637168,2,7,0.02264481421243588,0.26616479323502107,0,1
0,0.1,0.125,0.0404040404040404,0.03919089759797724,2,7,0.024146127861879144,0.3302052181086934,0,1
0,0.1,0.125,0.19292929292929292,0.007585335018963338,2,7,0.0015013136494432628,0.11240589873156648,0,3
0,0.20000000000000004,0.125,0.05050505050505051,0.17825537294563842,2,5,0.07731765294632803,0.625348045787357,2,2
5,0.30000000000000004,0.125,0.06565656565656566,0.13527180783817952,2,7,0.047541598899036655,0.5679076002887493,1,2
0,0.0,0.125,0.020202020202020204,0.09481668773704172,2,5,0.08670086325534843,0.49577188821284945,1,1
0,0.20000000000000004,0.125,0.0707070707070707,0.07711757269279393,2,8,0.026523207806830977,0.4550376405073735,1,2
5,0.30000000000000004,0.125,0.06565656565656566,0.13527180783817952,2,5,0.047541598899036655,0.5679076002887493,1,2
0,0.0,0.125,0.020202020202020204,0.08975979772439949,2,5,0.08257225071937944,0.48484067237289885,1,1
0,0.1,0.125,0.0303030303030303,0.1150442477876106,2,9,0.07731765294632803,0.5347014540579562,1,1
5,0.30000000000000004,0.25,0.24242424242424243,0.36788874841972186,2,8,0.036657074940573,0.7804475611013717,2,3
5,0.20000000000000004,0.125,0.03535353535353536,0.08470290771175726,2,8,0.0519204303765795,0.4733938331442715,1,1
0,0.1,0.125,0.0303030303030303,0.06447534766118837,2,8,0.046040285249593395,0.4206455604826236,0,1
0,0.20000000000000004,0.125,0.03535353535353536,0.10240202275600505,2,8,0.061678969097960716,0.511189027534289,1,1
5,0.20000000000000004,0.125,0.0404040404040404,0.1529709228824273,2,5,0.08044538971600149,0.5933793956893887,1,1
5,0.4,0.375,0.11616161616161617,0.2920353982300885,2,8,0.05917677968222194,0.7304836547385791,2,3
0,0.1,0.125,0.0101010101010101,0.0037926675094816682,2,8,0.017890654322532215,0.0631638651129216,0,0
0,0.1,0.125,0.025252525252525252,0.08975979772439949,2,8,0.07056174152383335,0.48484067237289885,1,1
0,0.1,0.125,0.0404040404040404,0.03919089759797724,2,7,0.024146127861879144,0.3302052181086934,0,1
0,0.0,0.125,0.0404040404040404,0.02654867256637168,2,7,0.017890654322532215,0.26616479323502107,0,1
3,0.20000000000000004,0.125,0.16666666666666666,0.016687737041719344,2,7,0.0031277367696734646,0.19923687738475815,0,3
0,0.20000000000000004,0.125,0.03535353535353536,0.10240202275600505,2,8,0.061678969097960716,0.511189027534289,1,1
0,0.20000000000000004,0.125,0.03535353535353536,0.0518331226295828,4,49,0.03390466658326035,0.37996287511601534,0,1
5,0.20000000000000004,0.125,0.03535353535353536,0.0518331226295828,4,50,0.03390466658326035,0.37996287511601534,0,1
3,0.1,0.125,0.05050505050505051,0.008849557522123892,4,52,0.007506568247216314,0.1266886665979169,0,2
3,0.1,0.125,0.05050505050505051,0.006321112515802781,4,50,0.006380583010133866,0.09719500876559761,0,2
0,0.1,0.125,0.055555555555555566,0.06447534766118837,4,50,0.02802452145627424,0.4206455604826236,0,2
0,0.20000000000000004,0.125,0.06565656565656566,0.07711757269279393,4,5,0.02827474039784812,0.4550376405073735,1,2
3,0.1,0.125,0.03535353535353536,0.0,4,5,0.005379707243838358,0.0,0,1
3,0.20000000000000004,0.125,0.11111111111111112,0.005056890012642224,4,5,0.0025021894157387717,0.08079818500567182,0,3
5,0.20000000000000004,0.125,0.03535353535353536,0.03919089759797724,4,111,0.026898536219191794,0.3302052181086934,0,1
0,0.20000000000000004,0.125,0.0404040404040404,0.0518331226295828,4,5,0.030401601401226074,0.37996287511601534,0,1
5,0.20000000000000004,0.25,0.06565656565656566,0.08975979772439949,4,52,0.032528462404604025,0.48484067237289885,1,2
0,0.1,0.125,0.025252525252525252,0.09481668773704172,4,49,0.07418991617665456,0.49577188821284945,1,1
5,0.30000000000000004,0.125,0.09090909090909091,0.08975979772439949,4,52,0.024146127861879144,0.48484067237289885,1,2
3,0.1,0.125,0.0404040404040404,0.0012642225031605555,4,5,0.005379707243838358,0.02309992781272563,0,1
5,0.1,0.125,0.025252525252525252,0.06447534766118837,4,5,0.052796196672088076,0.4206455604826236,0,1
0,0.20000000000000004,0.125,0.045454545454545456,0.12768647281921616,4,5,0.061678969097960716,0.5560482623491803,1,2
5,0.20000000000000004,0.25,0.0707070707070707,0.1150442477876106,4,52,0.038158388590016266,0.5347014540579562,1,2
0,0.20000000000000004,0.25,0.06565656565656566,0.14032869785082175,4,52,0.04916802201926686,0.5754872641022999,1,2
0,0.20000000000000004,0.125,0.03282828282828283,0.06447534766118837,4,5,0.043287876892280745,0.4206455604826236,0,1
0,0.0,0.125,0.03535353535353536,0.08217446270543616,4,5,0.05054422619792318,0.467464164174487,1,1
3,0.20000000000000004,0.125,0.045454545454545456,0.0,4,5,0.004253722006755911,0.0,0,2
0,0.1,0.125,0.06565656565656566,0.006321112515802781,4,52,0.0050043788314775425,0.09719500876559761,0,2
0,0.1,0.125,0.025252525252525252,0.07711757269279393,4,5,0.061678969097960716,0.4550376405073735,1,1
0,0.20000000000000004,0.125,0.0707070707070707,0.08975979772439949,4,49,0.030401601401226074,0.48484067237289885,1,2
0,0.1,0.125,0.025252525252525252,0.04424778761061946,4,5,0.038408607531590144,0.351448901722182,0,1
5,0.30000000000000004,0.25,0.1919191919191919,0.12768647281921616,4,52,0.01638934067308895,0.5560482623491803,1,3
0,0.0,0.125,0.0303030303030303,0.14032869785082175,4,50,0.09295633679469535,0.5754872641022999,1,1
0,0.20000000000000004,0.125,0.04797979797979798,0.12768647281921616,4,5,0.05892656074064807,0.5560482623491803,1,2
0,0.1,0.125,0.03535353535353536,0.12010113780025283,4,50,0.07143750781934192,0.5434670516654636,1,1
0,0.1,0.125,0.020202020202020204,0.0518331226295828,4,52,0.05129488302264481,0.37996287511601534,0,1
0,0.1,0.125,0.0404040404040404,0.07711757269279393,4,5,0.04291254847991993,0.4550376405073735,1,1
0,0.1,0.125,0.025252525252525252,0.09481668773704172,4,49,0.07418991617665456,0.49577188821284945,1,1
5,0.30000000000000004,0.125,0.025252525252525252,0.2920353982300885,4,49,0.21356186663330415,0.7304836547385791,2,1
0,0.1,0.125,0.0303030303030303,0.08975979772439949,4,52,0.061678969097960716,0.48484067237289885,1,1
0,0.20000000000000004,0.25,0.0707070707070707,0.10240202275600505,4,5,0.03427999499562117,0.511189027534289,1,2
5,0.1,0.125,0.0404040404040404,0.04424778761061946,4,50,0.02664831727761792,0.351448901722182,0,1
5,0.1,0.25,0.045454545454545456,0.10240202275600505,4,5,0.050294007256349305,0.511189027534289,1,2
0,0.1,0.125,0.11616161616161617,0.007585335018963338,4,5,0.0028775178280995867,0.11240589873156648,0,3
0,0.1,0.125,0.0404040404040404,0.10998735777496839,4,52,0.05917677968222194,0.525574920078375,1,1
0,0.0,0.125,0.005050505050505052,0.0518331226295828,4,52,0.10334042287001124,0.37996287511601534,0,0
5,0.20000000000000004,0.125,0.09090909090909091,0.1529709228824273,4,52,0.03978481171024646,0.5933793956893887,1,2
5,0.20000000000000004,0.125,0.0404040404040404,0.16561314791403287,4,50,0.08670086325534843,0.6099309064659173,1,1
5,0.0,0.375,0.1414141414141414,0.07711757269279393,4,5,0.01376204178656324,0.4550376405073735,1,3
3,0.20000000000000004,0.125,0.11111111111111112,0.005056890012642224,4,5,0.0025021894157387717,0.08079818500567182,0,3
3,0.20000000000000004,0.125,0.09090909090909091,0.03919089759797724,4,93,0.011635180783185286,0.3302052181086934,0,2
0,0.0,0.125,0.0101010101010101,0.03413400758533502,4,5,0.05542349555861378,0.3067443539238939,0,0
0,0.30000000000000004,0.125,0.06565656565656566,0.10240202275600505,4,50,0.036657074940573,0.511189027534289,1,2
0,0.20000000000000004,0.125,0.03535353535353536,0.06447534766118837,4,5,0.040785687476541974,0.4206455604826236,0,1
3,0.1,0.125,0.05050505050505051,0.008849557522123892,4,52,0.007506568247216314,0.1266886665979169,0,2
3,0.30000000000000004,0.375,0.11616161616161617,0.018963337547408345,4,52,0.005129488302264481,0.2165618232443025,0,3
5,0.1,0.125,0.05050505050505051,0.0316055625790139,4,52,0.016889778556236707,0.2940084562235743,0,2
5,0.20000000000000004,0.125,0.11616161616161617,0.08975979772439949,4,5,0.019141749030401604,0.48484067237289885,1,3
0,0.1,0.125,0.0404040404040404,0.08975979772439949,4,49,0.04916802201926686,0.48484067237289885,1,1
0,0.20000000000000004,0.125,0.0707070707070707,0.08975979772439949,4,49,0.030401601401226074,0.48484067237289885,1,2
5,0.1,0.125,0.05050505050505051,0.0720606826801517,4,49,0.033529338170899536,0.4418892440961124,1,2
0,0.20000000000000004,0.125,0.06565656565656566,0.0012642225031605555,4,5,0.0032528462404604027,0.02309992781272563,0,2
5,0.1,0.125,0.025252525252525252,0.09481668773704172,4,51,0.07418991617665456,0.49577188821284945,1,1
0,0.1,0.125,0.0404040404040404,0.14032869785082175,4,50,0.07418991617665456,0.5754872641022999,1,1
5,0.1,0.125,0.055555555555555566,0.08470290771175726,4,52,0.035656199174277495,0.4733938331442715,1,2
3,0.1,0.125,0.04242424242424242,0.0037926675094816682,4,52,0.006380583010133866,0.0631638651129216,0,2
3,0.20000000000000004,0.125,0.02878787878787879,0.006321112515802781,4,49,0.010509195546102839,0.09719500876559761,0,1
3,0.1,0.125,0.01616161616161616,0.0037926675094816682,4,34,0.013511822844989363,0.0631638651129216,0,1
3,0.0,0.125,0.012626262626262628,0.0037926675094816682,4,49,0.01576379331915426,0.0631638651129216,0,0
0,0.0,0.125,0.012626262626262628,0.0037926675094816682,4,49,0.01576379331915426,0.0631638651129216,0,0
0,0.20000000000000004,0.125,0.0404040404040404,0.06447534766118837,4,111,0.036657074940573,0.4206455604826236,0,1
0,0.1,0.125,0.03434343434343434,0.006321112515802781,4,49,0.009132991367446516,0.09719500876559761,0,1
3,0.1,0.125,0.020202020202020204,0.006321112515802781,4,5,0.01376204178656324,0.09719500876559761,0,1
5,0.1,0.125,0.045959595959595964,0.013906447534766117,4,52,0.0103840860753159,0.17608538723316491,0,2
0,0.1,0.125,0.05303030303030304,0.013906447534766117,4,52,0.009132991367446516,0.17608538723316491,0,2
5,0.20000000000000004,0.125,0.02878787878787879,0.006321112515802781,4,49,0.010509195546102839,0.09719500876559761,0,1
3,0.1,0.125,0.039898989898989906,0.006321112515802781,4,5,0.008007006130364067,0.09719500876559761,0,1
0,0.1,0.125,0.03434343434343434,0.006321112515802781,4,5,0.009132991367446516,0.09719500876559761,0,1
3,0.1,0.125,0.045959595959595964,0.006321112515802781,4,49,0.00700613036406856,0.09719500876559761,0,2
3,0.20000000000000004,0.125,0.11111111111111112,0.006321112515802781,4,5,0.0027524083573126482,0.09719500876559761,0,3
0,0.1,0.125,0.025252525252525252,0.06447534766118837,4,50,0.052796196672088076,0.4206455604826236,0,1
3,0.1,0.125,0.015151515151515152,0.0037926675094816682,4,34,0.014137370198924056,0.0631638651129216,0,0
0,0.1,0.125,0.03535353535353536,0.07711757269279393,4,5,0.04779181784061053,0.4550376405073735,1,1
5,0.30000000000000004,0.125,0.06060606060606061,0.07711757269279393,5,53,0.030401601401226074,0.4550376405073735,1,2
0,0.20000000000000004,0.125,0.045454545454545456,0.08217446270543616,5,53,0.04116101588890279,0.467464164174487,1,2
0,0.0,0.125,0.0404040404040404,0.02654867256637168,5,53,0.017890654322532215,0.26616479323502107,0,1
0,0.20000000000000004,0.125,0.045454545454545456,0.08217446270543616,5,53,0.04116101588890279,0.467464164174487,1,2
0,0.20000000000000004,0.125,0.06565656565656566,0.08470290771175726,5,53,0.030776929813586887,0.4733938331442715,1,2
5,0.30000000000000004,0.125,0.20202020202020202,0.05941845764854614,5,5,0.007506568247216314,0.40522842116118407,0,3
5,0.20000000000000004,0.125,0.06565656565656566,0.04930467762326169,5,53,0.019141749030401604,0.37083634113643416,0,2
0,0.0,0.125,0.0101010101010101,0.06447534766118837,5,53,0.09295633679469535,0.4206455604826236,0,0
0,0.30000000000000004,0.125,0.09090909090909091,0.07711757269279393,5,53,0.02101839109220568,0.4550376405073735,1,2
0,0.20000000000000004,0.125,0.045454545454545456,0.08723135271807837,5,53,0.04353809583385462,0.4792203774363206,1,2
0,0.20000000000000004,0.125,0.045454545454545456,0.08723135271807837,5,53,0.04353809583385462,0.4792203774363206,1,2
5,0.20000000000000004,0.125,0.05050505050505051,0.06953223767383059,5,53,0.032528462404604025,0.4350314530267094,1,2
0,0.20000000000000004,0.125,0.0303030303030303,0.07711757269279393,5,5,0.05392218190917052,0.4550376405073735,1,1
5,0.20000000000000004,0.125,0.06060606060606061,0.07711757269279393,5,53,0.030401601401226074,0.4550376405073735,1,2
5,0.20000000000000004,0.125,0.24242424242424243,0.10745891276864727,5,5,0.010884523958463654,0.520882747241415,1,3
4,0.0,0.125,0.0404040404040404,0.1150442477876106,5,5,0.061678969097960716,0.5347014540579562,1,1
0,0.1,0.125,0.0707070707070707,0.03919089759797724,5,5,0.01476291755285875,0.3302052181086934,0,2
5,0.4,0.25,0.09090909090909091,0.1529709228824273,5,5,0.03978481171024646,0.5933793956893887,1,2
5,0.30000000000000004,0.125,0.06060606060606061,0.07711757269279393,5,53,0.030401601401226074,0.4550376405073735,1,2
0,0.20000000000000004,0.125,0.045454545454545456,0.08723135271807837,5,53,0.04353809583385462,0.4792203774363206,1,2
5,0.30000000000000004,0.125,0.1919191919191919,0.10240202275600505,5,53,0.01313649443262855,0.511189027534289,1,3
3,0.20000000000000004,0.25,0.09090909090909091,0.04930467762326169,6,149,0.014137370198924056,0.37083634113643416,0,2
0,0.30000000000000004,0.125,0.05050505050505051,0.07711757269279393,6,5,0.035656199174277495,0.4550376405073735,1,2
0,0.1,0.125,0.015151515151515152,0.0037926675094816682,6,149,0.014137370198924056,0.0631638651129216,0,0
3,0.20000000000000004,0.125,0.05050505050505051,0.0037926675094816682,6,149,0.005379707243838358,0.0631638651129216,0,2
0,0.1,0.125,0.015151515151515152,0.03919089759797724,6,68,0.04916802201926686,0.3302052181086934,0,0
3,0.20000000000000004,0.125,0.05050505050505051,0.0037926675094816682,6,149,0.005379707243838358,0.0631638651129216,0,2
3,0.1,0.125,0.045454545454545456,0.013906447534766117,6,149,0.010509195546102839,0.17608538723316491,0,2
0,0.20000000000000004,0.125,0.05050505050505051,0.08975979772439949,6,68,0.040785687476541974,0.48484067237289885,1,2
0,0.1,0.125,0.015151515151515152,0.03919089759797724,6,68,0.04916802201926686,0.3302052181086934,0,0
3,0.20000000000000004,0.125,0.05050505050505051,0.006321112515802781,6,1,0.006380583010133866,0.09719500876559761,0,2
0,0.30000000000000004,0.125,0.025252525252525252,0.006321112515802781,6,1,0.011635180783185286,0.09719500876559761,0,1
5,0.30000000000000004,0.125,0.0707070707070707,0.08975979772439949,6,12,0.030401601401226074,0.48484067237289885,1,2
5,0.30000000000000004,0.125,0.08080808080808081,0.08975979772439949,6,5,0.026898536219191794,0.48484067237289885,1,2
3,0.0,0.125,0.020202020202020204,0.0012642225031605555,6,149,0.00950831977980733,0.02309992781272563,0,1
3,0.20000000000000004,0.125,0.06565656565656566,0.008849557522123892,6,1,0.005755035656199174,0.1266886665979169,0,2
5,0.30000000000000004,0.25,0.09090909090909091,0.08975979772439949,6,5,0.024146127861879144,0.48484067237289885,1,2
3,0.1,0.125,0.05050505050505051,0.0012642225031605555,6,149,0.00437883147754285,0.02309992781272563,0,2
5,0.20000000000000004,0.125,0.06565656565656566,0.08975979772439949,6,68,0.032528462404604025,0.48484067237289885,1,2
0,0.0,0.125,0.015151515151515152,0.0012642225031605555,6,149,0.011635180783185286,0.02309992781272563,0,0
3,0.20000000000000004,0.25,0.09090909090909091,0.04930467762326169,6,149,0.014137370198924056,0.37083634113643416,0,2
3,0.20000000000000004,0.125,0.05050505050505051,0.0037926675094816682,6,149,0.005379707243838358,0.0631638651129216,0,2
3,0.0,0.125,0.05050505050505051,0.0012642225031605555,6,5,0.00437883147754285,0.02309992781272563,0,2
5,0.20000000000000004,0.25,0.11616161616161617,0.07711757269279393,7,69,0.01663955961466283,0.4550376405073735,1,3
0,0.30000000000000004,0.125,0.0707070707070707,0.08975979772439949,7,69,0.030401601401226074,0.48484067237289885,1,2
5,0.20000000000000004,0.125,0.03787878787878787,0.046776232616940576,7,71,0.029400725634930562,0.36134887078477873,0,1
4,0.0,0.125,0.11111111111111112,0.9999999999999999,7,69,0.20768172150631806,1.0000000000000002,3,3
5,0.20000000000000004,0.125,0.0404040404040404,0.07711757269279393,7,69,0.04291254847991993,0.4550376405073735,1,1
0,0.0,0.125,0.015151515151515152,0.04424778761061946,7,69,0.05417240085074441,0.351448901722182,0,0
0,0.0,0.125,0.025252525252525252,0.08975979772439949,7,5,0.07056174152383335,0.48484067237289885,1,1
0,0.1,0.125,0.06565656565656566,0.046776232616940576,7,5,0.018265982734893032,0.36134887078477873,0,2
0,0.1,0.125,0.0303030303030303,0.06447534766118837,7,70,0.046040285249593395,0.4206455604826236,0,1
0,0.1,0.125,0.005050505050505052,0.021491782553729452,7,71,0.05329663455523583,0.23435083015365588,0,0
5,0.30000000000000004,0.125,0.06565656565656566,0.05941845764854614,7,71,0.022519704741648945,0.40522842116118407,0,2
0,0.1,0.125,0.05050505050505051,0.07711757269279393,7,71,0.035656199174277495,0.4550376405073735,1,2
4,0.0,0.125,0.1818181818181818,0.9999999999999999,7,56,0.13086450644313774,1.0000000000000002,3,3
5,0.20000000000000004,0.125,0.05050505050505051,0.06447534766118837,7,5,0.030401601401226074,0.4206455604826236,0,2
5,0.30000000000000004,0.125,0.09090909090909091,0.07711757269279393,7,70,0.02101839109220568,0.4550376405073735,1,2
4,0.0,0.125,0.3383838383838384,0.9999999999999999,7,69,0.0716877267609158,1.0000000000000002,3,3
1,0.20000000000000004,0.125,0.0707070707070707,0.19089759797724398,7,69,0.061678969097960716,0.6397855006703106,2,2
0,0.20000000000000004,0.125,0.03787878787878787,0.08975979772439949,7,69,0.051795320905792565,0.48484067237289885,1,1
5,0.4,0.25,0.1414141414141414,0.19089759797724398,7,71,0.032528462404604025,0.6397855006703106,2,3
4,1.0,0.375,0.16666666666666666,0.1150442477876106,7,70,0.017014888027023646,0.5347014540579562,1,3
0,0.1,0.125,0.015151515151515152,0.07711757269279393,7,71,0.08670086325534843,0.4550376405073735,1,0
1,0.20000000000000004,0.125,0.020202020202020204,0.06826801517067003,7,70,0.06480670586763417,0.43152521398370625,1,1
5,0.30000000000000004,0.125,0.09090909090909091,0.1150442477876106,7,70,0.030401601401226074,0.5347014540579562,1,2
5,0.20000000000000004,0.125,0.0404040404040404,0.14032869785082175,7,69,0.07418991617665456,0.5754872641022999,1,1
0,0.1,0.125,0.01717171717171717,0.0720606826801517,7,5,0.07556612035531089,0.4418892440961124,1,1
0,0.1,0.125,0.012626262626262628,0.03919089759797724,7,5,0.05467283873389216,0.3302052181086934,0,0
5,0.1,0.125,0.06565656565656566,0.0518331226295828,7,5,0.02001751532591017,0.37996287511601534,0,2
4,0.4,0.375,0.494949494949495,0.7471554993678887,7,20,0.036657074940573,0.9355986387542541,3,3
1,0.20000000000000004,0.125,0.012626262626262628,0.14032869785082175,7,69,0.16589515826348056,0.5754872641022999,1,0
0,0.1,0.125,0.06060606060606061,0.10240202275600505,7,70,0.03928437382709871,0.511189027534289,1,2
0,0.1,0.125,0.020202020202020204,0.0518331226295828,7,70,0.05129488302264481,0.37996287511601534,0,1
5,0.20000000000000004,0.25,0.1414141414141414,0.10240202275600505,8,5,0.017890654322532215,0.511189027534289,1,3
3,0.1,0.125,0.05050505050505051,0.05941845764854614,8,75,0.02827474039784812,0.40522842116118407,0,2
5,0.20000000000000004,0.125,0.05050505050505051,0.06447534766118837,8,130,0.030401601401226074,0.4206455604826236,0,2
5,0.30000000000000004,0.125,0.06565656565656566,0.08470290771175726,8,75,0.030776929813586887,0.4733938331442715,1,2
1,0.1,0.125,0.02272727272727273,0.03919089759797724,9,5,0.03765795070686851,0.3302052181086934,0,1
5,0.20000000000000004,0.125,0.0404040404040404,0.08975979772439949,10,114,0.04916802201926686,0.48484067237289885,1,1
0,0.20000000000000004,0.125,0.0303030303030303,0.07711757269279393,10,32,0.05392218190917052,0.4550376405073735,1,1
5,0.20000000000000004,0.125,0.0404040404040404,0.14032869785082175,10,5,0.07418991617665456,0.5754872641022999,1,1
5,0.1,0.125,0.03535353535353536,0.07711757269279393,10,105,0.04779181784061053,0.4550376405073735,1,1
0,0.20000000000000004,0.25,0.05050505050505051,0.16561314791403287,10,92,0.07206305517327662,0.6099309064659173,1,2
0,0.1,0.125,0.0404040404040404,0.14032869785082175,10,26,0.07418991617665456,0.5754872641022999,1,1
5,0.20000000000000004,0.25,0.07575757575757576,0.14032869785082175,10,114,0.043287876892280745,0.5754872641022999,1,2
5,0.20000000000000004,0.125,0.055555555555555566,0.1150442477876106,10,85,0.04729137995746278,0.5347014540579562,1,2
4,0.0,0.125,0.021212121212121213,0.34260429835651074,10,5,0.2816214187413987,0.7649788594410643,2,1
5,0.20000000000000004,0.125,0.0303030303030303,0.07711757269279393,10,32,0.05392218190917052,0.4550376405073735,1,1
5,0.1,0.125,0.0404040404040404,0.06953223767383059,10,85,0.03915926435631178,0.4350314530267094,1,1
0,0.1,0.125,0.020202020202020204,0.05436156763590391,10,32,0.05329663455523583,0.388676910384655,0,1
5,0.4,0.125,0.08080808080808081,0.22882427307206066,10,85,0.06518203427999499,0.6782510054656081,2,2
4,0.0,0.125,0.29292929292929293,0.6460176991150443,10,105,0.05329663455523583,0.9035268639785501,3,3
1,0.1,0.125,0.025252525252525252,0.08975979772439949,10,26,0.07056174152383335,0.48484067237289885,1,1
5,0.30000000000000004,0.125,0.0404040404040404,0.24146649810366622,10,85,0.12423370449143,0.6896978446942355,2,1
0,0.1,0.125,0.020202020202020204,0.007585335018963338,10,85,0.01476291755285875,0.11240589873156648,0,1
0,0.1,0.125,0.020202020202020204,0.007585335018963338,10,85,0.01476291755285875,0.11240589873156648,0,1
5,0.20000000000000004,0.125,0.0404040404040404,0.07711757269279393,10,114,0.04291254847991993,0.4550376405073735,1,1
0,0.20000000000000004,0.125,0.055555555555555566,0.12768647281921616,10,85,0.05204553984736645,0.5560482623491803,1,2
0,0.20000000000000004,0.125,0.02777777777777778,0.06447534766118837,10,5,0.04916802201926686,0.4206455604826236,0,1
0,0.20000000000000004,0.125,0.03535353535353536,0.07964601769911504,10,114,0.04916802201926686,0.4613282458492318,1,1
0,0.1,0.125,0.021212121212121213,0.08217446270543616,10,26,0.07381458776429374,0.467464164174487,1,1
5,0.4,0.125,0.06565656565656566,0.11757269279393173,10,5,0.04166145377205054,0.5391358152005776,1,2
5,0.30000000000000004,0.25,0.045454545454545456,0.1529709228824273,10,92,0.07306393093957211,0.5933793956893887,1,2
5,0.4,0.125,0.07575757575757576,0.3173198482932996,10,92,0.09483297885649943,0.7484273486645356,2,2
0,0.1,0.125,0.03535353535353536,0.14032869785082175,10,5,0.08257225071937944,0.5754872641022999,1,1
0,0.20000000000000004,0.125,0.03535353535353536,0.08975979772439949,10,92,0.05467283873389216,0.48484067237289885,1,1
0,0.1,0.125,0.025252525252525252,0.0720606826801517,10,114,0.0580507944451395,0.4418892440961124,1,1
5,0.20000000000000004,0.125,0.0303030303030303,0.07711757269279393,10,5,0.05392218190917052,0.4550376405073735,1,1
5,0.30000000000000004,0.125,0.06565656565656566,0.36788874841972186,10,99,0.12423370449143,0.7804475611013717,2,2
0,0.20000000000000004,0.25,0.05050505050505051,0.17825537294563842,10,92,0.07731765294632803,0.625348045787357,2,2
0,0.30000000000000004,0.25,0.0787878787878788,0.17825537294563842,10,5,0.052420868259727256,0.625348045787357,2,2
5,0.20000000000000004,0.125,0.0303030303030303,0.07711757269279393,10,92,0.05392218190917052,0.4550376405073735,1,1
0,0.20000000000000004,0.25,0.06060606060606061,0.22882427307206066,10,85,0.08407356436882271,0.6782510054656081,2,2
0,0.20000000000000004,0.25,0.06060606060606061,0.22882427307206066,10,26,0.08407356436882271,0.6782510054656081,2,2
0,0.20000000000000004,0.125,0.04292929292929293,0.20353982300884954,10,26,0.10046290504191166,0.6533463957925132,2,2
0,0.1,0.125,0.02272727272727273,0.14032869785082175,10,26,0.11460027524083573,0.5754872641022999,1,1
0,0.0,0.125,0.017676767676767676,0.08217446270543616,10,26,0.08332290754410109,0.467464164174487,1,1
0,0.20000000000000004,0.25,0.0404040404040404,0.1150442477876106,10,92,0.061678969097960716,0.5347014540579562,1,1
5,0.20000000000000004,0.125,0.05050505050505051,0.07711757269279393,10,5,0.035656199174277495,0.4550376405073735,1,2
5,0.20000000000000004,0.125,0.06060606060606061,0.08975979772439949,10,5,0.03490554234955586,0.48484067237289885,1,2
0,0.1,0.125,0.0303030303030303,0.10240202275600505,10,92,0.0694357562867509,0.511189027534289,1,1
5,0.20000000000000004,0.125,0.03535353535353536,0.05941845764854614,10,32,0.038033279119229324,0.40522842116118407,0,1
5,0.20000000000000004,0.125,0.03535353535353536,0.05941845764854614,10,32,0.038033279119229324,0.40522842116118407,0,1
0,0.1,0.125,0.02272727272727273,0.12010113780025283,10,85,0.09921181033404228,0.5434670516654636,1,1
0,0.1,0.125,0.02272727272727273,0.1150442477876106,10,92,0.09533341673964718,0.5347014540579562,1,1
1,0.1,0.125,0.015151515151515152,0.14032869785082175,10,5,0.1492555986488177,0.5754872641022999,1,0
5,0.20000000000000004,0.125,0.0303030303030303,0.14032869785082175,10,5,0.09295633679469535,0.5754872641022999,1,1
5,0.20000000000000004,0.125,0.06565656565656566,0.07711757269279393,10,5,0.02827474039784812,0.4550376405073735,1,2
0,0.1,0.125,0.015151515151515152,0.024020227560050567,10,26,0.03415488552483423,0.2507992162524493,0,0
5,0.0,0.125,0.03535353535353536,0.0,10,85,0.005379707243838358,0.0,0,1
5,0.30000000000000004,0.25,0.08080808080808081,0.13527180783817952,10,85,0.03940948329788565,0.5679076002887493,1,2
5,0.20000000000000004,0.125,0.17676767676767677,0.19089759797724398,10,5,0.026147879394470164,0.6397855006703106,2,3
5,0.20000000000000004,0.125,0.055555555555555566,0.10240202275600505,10,85,0.042412110596772176,0.511189027534289,1,2
5,0.1,0.125,0.0404040404040404,0.06447534766118837,10,5,0.036657074940573,0.4206455604826236,0,1
4,0.1,0.125,0.005050505050505052,0.10240202275600505,10,85,0.1867884398848993,0.511189027534289,1,0
4,0.1,0.125,0.005050505050505052,0.10240202275600505,10,85,0.1867884398848993,0.511189027534289,1,0
0,0.20000000000000004,0.125,0.03535353535353536,0.10240202275600505,10,114,0.061678969097960716,0.511189027534289,1,1
0,0.1,0.125,0.020202020202020204,0.1150442477876106,10,92,0.10334042287001124,0.5347014540579562,1,1
0,0.1,0.125,0.03737373737373738,0.08975979772439949,10,114,0.052420868259727256,0.48484067237289885,1,1
5,0.30000000000000004,0.25,0.0404040404040404,0.1529709228824273,10,92,0.08044538971600149,0.5933793956893887,1,1
0,0.20000000000000004,0.125,0.03535353535353536,0.13527180783817952,10,92,0.07969473289127986,0.5679076002887493,1,1
5,0.1,0.125,0.09090909090909091,0.08975979772439949,10,10,0.024146127861879144,0.48484067237289885,1,2
0,0.0,0.125,0.05050505050505051,0.0518331226295828,10,5,0.025147003628174652,0.37996287511601534,0,2
5,0.4,0.25,0.05050505050505051,0.16055625790139064,10,26,0.0700613036406856,0.6034340517685883,1,2
0,0.30000000000000004,0.125,0.02777777777777778,0.1529709228824273,10,92,0.10759414487676716,0.5933793956893887,1,1
2,0.1,0.125,0.0303030303030303,0.02654867256637168,10,92,0.02264481421243588,0.26616479323502107,0,1
5,0.1,0.125,0.0404040404040404,0.05941845764854614,10,32,0.03415488552483423,0.40522842116118407,0,1
5,0.1,0.125,0.06565656565656566,0.17825537294563842,10,85,0.061678969097960716,0.625348045787357,2,2
5,0.1,0.125,0.09090909090909091,0.14032869785082175,10,92,0.036657074940573,0.5754872641022999,1,2
5,0.20000000000000004,0.125,0.045454545454545456,0.07711757269279393,10,5,0.0389090454147379,0.4550376405073735,1,2
5,0.20000000000000004,0.125,0.0303030303030303,0.07711757269279393,10,32,0.05392218190917052,0.4550376405073735,1,1
5,0.20000000000000004,0.125,0.0404040404040404,0.07711757269279393,10,114,0.04291254847991993,0.4550376405073735,1,1
0,0.20000000000000004,0.125,0.03535353535353536,0.06953223767383059,10,32,0.04366320530464156,0.4350314530267094,1,1
5,0.1,0.125,0.03535353535353536,0.08975979772439949,10,105,0.05467283873389216,0.48484067237289885,1,1
0,0.1,0.125,0.025252525252525252,0.08470290771175726,10,26,0.06705867634179906,0.4733938331442715,1,1
0,0.1,0.125,0.007575757575757576,0.061946902654867256,10,92,0.10283998498686349,0.413065896669073,0,0
0,0.1,0.125,0.0404040404040404,0.06953223767383059,10,85,0.03915926435631178,0.4350314530267094,1,1
5,0.30000000000000004,0.125,0.05050505050505051,0.08975979772439949,10,5,0.040785687476541974,0.48484067237289885,1,2
0,0.20000000000000004,0.125,0.03535353535353536,0.1150442477876106,10,92,0.06868509946202926,0.5347014540579562,1,1
0,0.20000000000000004,0.125,0.0303030303030303,0.07711757269279393,10,32,0.05392218190917052,0.4550376405073735,1,1
1,0.20000000000000004,0.25,0.055555555555555566,0.20353982300884954,10,150,0.08094582759914924,0.6533463957925132,2,2
0,0.1,0.125,0.0303030303030303,0.14032869785082175,10,26,0.09295633679469535,0.5754872641022999,1,1
0,0.20000000000000004,0.125,0.03535353535353536,0.1150442477876106,10,5,0.06868509946202926,0.5347014540579562,1,1
0,0.20000000000000004,0.125,0.03484848484848485,0.1150442477876106,10,92,0.0694357562867509,0.5347014540579562,1,1
0,0.20000000000000004,0.125,0.06212121212121212,0.24146649810366622,10,85,0.08657575378456149,0.6896978446942355,2,2
0,0.1,0.125,0.0393939393939394,0.1529709228824273,10,92,0.08207181283623169,0.5933793956893887,1,1
5,0.20000000000000004,0.125,0.0404040404040404,0.09734513274336283,10,92,0.05292130614287501,0.5010312467773539,1,1
0,0.1,0.125,0.0404040404040404,0.1150442477876106,10,26,0.061678969097960716,0.5347014540579562,1,1
1,0.1,0.125,0.03838383838383838,0.19089759797724398,10,85,0.10334042287001124,0.6397855006703106,2,1
5,0.1,0.125,0.0303030303030303,0.09734513274336283,10,26,0.06643312898786437,0.5010312467773539,1,1
5,0.20000000000000004,0.125,0.05050505050505051,0.02654867256637168,10,85,0.01476291755285875,0.26616479323502107,0,2
5,0.30000000000000004,0.125,0.05050505050505051,0.02654867256637168,10,85,0.01476291755285875,0.26616479323502107,0,2
5,0.30000000000000004,0.125,0.06565656565656566,0.1529709228824273,10,26,0.05329663455523583,0.5933793956893887,1,2
0,0.20000000000000004,0.125,0.05050505050505051,0.12768647281921616,10,85,0.056424371324909295,0.5560482623491803,1,2
0,0.1,0.125,0.045454545454545456,0.14032869785082175,10,85,0.06730889528337294,0.5754872641022999,1,2
0,0.20000000000000004,0.125,0.02777777777777778,0.12768647281921616,10,85,0.0908294757913174,0.5560482623491803,1,1
5,0.20000000000000004,0.125,0.0404040404040404,0.08975979772439949,10,85,0.04916802201926686,0.48484067237289885,1,1
5,0.20000000000000004,0.125,0.0404040404040404,0.09734513274336283,10,5,0.05292130614287501,0.5010312467773539,1,1
0,0.1,0.125,0.02272727272727273,0.08975979772439949,10,92,0.07606655823845865,0.48484067237289885,1,1
5,0.20000000000000004,0.125,0.06565656565656566,0.14032869785082175,10,85,0.04916802201926686,0.5754872641022999,1,2
5,0.30000000000000004,0.375,0.08585858585858586,0.26675094816687733,10,92,0.07156261729012886,0.7110446529854595,2,2
5,0.30000000000000004,0.125,0.06565656565656566,0.20353982300884954,10,92,0.0700613036406856,0.6533463957925132,2,2
5,0.30000000000000004,0.125,0.05050505050505051,0.02654867256637168,10,85,0.01476291755285875,0.26616479323502107,0,2
0,0.20000000000000004,0.125,0.03787878787878787,0.09734513274336283,10,26,0.055798823970974604,0.5010312467773539,1,1
0,0.20000000000000004,0.125,0.0404040404040404,0.14032869785082175,10,92,0.07418991617665456,0.5754872641022999,1,1
0,0.0,0.125,0.0101010101010101,0.05941845764854614,10,92,0.08670086325534843,0.40522842116118407,0,0
5,0.30000000000000004,0.125,0.08080808080808081,0.06447534766118837,10,105,0.02001751532591017,0.4206455604826236,0,2
0,0.30000000000000004,0.125,0.06868686868686869,0.16561314791403287,10,5,0.05529838608782685,0.6099309064659173,1,2
5,0.4,0.25,0.05050505050505051,0.10240202275600505,10,32,0.046040285249593395,0.511189027534289,1,2
0,0.1,0.125,0.020202020202020204,0.1150442477876106,10,92,0.10334042287001124,0.5347014540579562,1,1
0,0.0,0.125,0.0303030303030303,0.10240202275600505,10,85,0.0694357562867509,0.511189027534289,1,1
0,0.20000000000000004,0.125,0.06060606060606061,0.08975979772439949,10,26,0.03490554234955586,0.48484067237289885,1,2
0,0.1,0.125,0.0404040404040404,0.15044247787610618,10,85,0.07919429500813212,0.5899247189852534,1,1
0,0.1,0.125,0.017676767676767676,0.07711757269279393,10,26,0.07869385712498436,0.4550376405073735,1,1
0,0.1,0.125,0.02272727272727273,0.15044247787610618,10,85,0.1223570624296259,0.5899247189852534,1,1
5,0.0,0.125,0.0404040404040404,0.02654867256637168,10,26,0.017890654322532215,0.26616479323502107,0,1
5,0.0,0.125,0.0404040404040404,0.02654867256637168,10,26,0.017890654322532215,0.26616479323502107,0,1
1,0.20000000000000004,0.125,0.015151515151515152,0.14032869785082175,10,26,0.1492555986488177,0.5754872641022999,1,0
4,0.0,0.125,0.008585858585858586,0.14538558786346395,10,5,0.2088077067434005,0.5828091162215119,1,0
0,0.20000000000000004,0.125,0.05050505050505051,0.08217446270543616,10,26,0.03765795070686851,0.467464164174487,1,2
5,0.20000000000000004,0.25,0.08080808080808081,0.08975979772439949,10,5,0.026898536219191794,0.48484067237289885,1,2
0,0.20000000000000004,0.125,0.04848484848484849,0.14538558786346395,10,92,0.06593269110471661,0.5828091162215119,1,2
5,0.20000000000000004,0.125,0.06565656565656566,0.06447534766118837,10,5,0.024146127861879144,0.4206455604826236,0,2
5,0.30000000000000004,0.25,0.06060606060606061,0.17825537294563842,10,5,0.0661829100462905,0.625348045787357,2,2
0,0.1,0.125,0.025252525252525252,0.10240202275600505,10,85,0.07956962342049292,0.511189027534289,1,1
3,0.1,0.125,0.020202020202020204,0.007585335018963338,10,85,0.01476291755285875,0.11240589873156648,0,1
5,0.1,0.125,0.02828282828282828,0.09734513274336283,10,85,0.06993619416989866,0.5010312467773539,1,1
1,0.20000000000000004,0.125,0.03535353535353536,0.14032869785082175,10,26,0.08257225071937944,0.5754872641022999,1,1
0,0.20000000000000004,0.125,0.03686868686868687,0.16561314791403287,10,85,0.09333166520705617,0.6099309064659173,1,1
4,0.0,0.125,0.008585858585858586,0.019721871049304673,10,5,0.04066057800575503,0.2220274311642776,0,0
1,0.1,0.0,0.025252525252525252,0.19089759797724398,10,92,0.1421243588139622,0.6397855006703106,2,1
0,0.20000000000000004,0.125,0.03535353535353536,0.16561314791403287,10,85,0.09645940197672963,0.6099309064659173,1,1
5,0.30000000000000004,0.125,0.29292929292929293,0.08470290771175726,10,28,0.00700613036406856,0.4733938331442715,1,3
0,0.1,0.125,0.0404040404040404,0.08975979772439949,10,28,0.04916802201926686,0.48484067237289885,1,1
0,0.0,0.125,0.0,0.03919089759797724,10,85,0.12423370449143,0.3302052181086934,0,0
2,0.1,0.125,0.015151515151515152,0.020227560050568895,10,26,0.030401601401226074,0.22563679488501598,0,0
5,0.1,0.125,0.0404040404040404,0.14032869785082175,10,85,0.07418991617665456,0.5754872641022999,1,1
0,0.20000000000000004,0.125,0.0303030303030303,0.06447534766118837,10,114,0.046040285249593395,0.4206455604826236,0,1
0,0.1,0.125,0.012626262626262628,0.10240202275600505,10,85,0.12423370449143,0.511189027534289,1,0
0,0.20000000000000004,0.125,0.03737373737373738,0.10240202275600505,10,5,0.059051670211435,0.511189027534289,1,1
1,0.4,0.25,0.06060606060606061,0.36788874841972186,10,85,0.13311647691730266,0.7804475611013717,2,2
5,0.30000000000000004,0.25,0.09090909090909091,0.22882427307206066,10,85,0.05855123232828725,0.6782510054656081,2,2
0,0.1,0.125,0.02777777777777778,0.06447534766118837,10,114,0.04916802201926686,0.4206455604826236,0,1
0,0.20000000000000004,0.125,0.045454545454545456,0.19089759797724398,10,26,0.09007881896659575,0.6397855006703106,2,2
4,0.0,0.125,0.008585858585858586,0.016687737041719344,10,5,0.036657074940573,0.19923687738475815,0,0
5,0.1,0.125,0.025252525252525252,0.1150442477876106,10,85,0.08845239584636555,0.5347014540579562,1,1
1,0.1,0.125,0.0404040404040404,0.16561314791403287,10,32,0.08670086325534843,0.6099309064659173,1,1
0,0.20000000000000004,0.125,0.0404040404040404,0.007585335018963338,10,85,0.008507444013511821,0.11240589873156648,0,1
5,0.20000000000000004,0.125,0.0404040404040404,0.1529709228824273,10,85,0.08044538971600149,0.5933793956893887,1,1
3,0.20000000000000004,0.125,0.0404040404040404,0.007585335018963338,10,85,0.008507444013511821,0.11240589873156648,0,1
0,0.1,0.125,0.03535353535353536,0.07711757269279393,10,114,0.04779181784061053,0.4550376405073735,1,1
0,0.1,0.125,0.03535353535353536,0.07711757269279393,10,114,0.04779181784061053,0.4550376405073735,1,1
5,0.1,0.125,0.025252525252525252,0.07964601769911504,10,26,0.06343050168897785,0.4613282458492318,1,1
0,0.20000000000000004,0.125,0.043939393939393945,0.10998735777496839,10,26,0.05529838608782685,0.525574920078375,1,2
0,0.0,0.125,0.025252525252525252,0.10240202275600505,10,92,0.07956962342049292,0.511189027534289,1,1
0,0.1,0.125,0.015151515151515152,0.08975979772439949,10,92,0.09921181033404228,0.48484067237289885,1,0
5,0.30000000000000004,0.125,0.09343434343434344,0.10998735777496839,10,105,0.028399849868635054,0.525574920078375,1,3
0,0.20000000000000004,0.125,0.0303030303030303,0.1150442477876106,10,5,0.07731765294632803,0.5347014540579562,1,1
5,0.20000000000000004,0.125,0.0707070707070707,0.17825537294563842,10,85,0.05780057550356563,0.625348045787357,2,2
0,0.1,0.125,0.0404040404040404,0.07711757269279393,10,85,0.04291254847991993,0.4550376405073735,1,1
5,0.1,0.125,0.0707070707070707,0.14032869785082175,10,26,0.046040285249593395,0.5754872641022999,1,2
0,0.1,0.125,0.03787878787878787,0.1150442477876106,10,92,0.06493181533842111,0.5347014540579562,1,1
0,0.20000000000000004,0.125,0.0404040404040404,0.11378002528445005,10,92,0.061053421744026025,0.5324842734866455,1,1
0,0.20000000000000004,0.125,0.0393939393939394,0.12768647281921616,10,92,0.06931064681596397,0.5560482623491803,1,1
0,0.30000000000000004,0.125,0.045454545454545456,0.12768647281921616,10,26,0.061678969097960716,0.5560482623491803,1,2
5,0.20000000000000004,0.125,0.0404040404040404,0.06447534766118837,10,114,0.036657074940573,0.4206455604826236,0,1
5,0.30000000000000004,0.125,0.05050505050505051,0.10240202275600505,10,5,0.046040285249593395,0.511189027534289,1,2
5,0.20000000000000004,0.125,0.0404040404040404,0.04424778761061946,10,114,0.02664831727761792,0.351448901722182,0,1
5,0.20000000000000004,0.125,0.05050505050505051,0.08975979772439949,10,114,0.040785687476541974,0.48484067237289885,1,2
5,0.30000000000000004,0.125,0.1414141414141414,0.24146649810366622,10,92,0.040785687476541974,0.6896978446942355,2,3
5,0.30000000000000004,0.125,0.045454545454545456,0.14032869785082175,10,5,0.06730889528337294,0.5754872641022999,1,2
0,0.0,0.125,0.015151515151515152,0.06953223767383059,10,26,0.07919429500813212,0.4350314530267094,1,0
5,0.1,0.125,0.055555555555555566,0.08975979772439949,10,114,0.03765795070686851,0.48484067237289885,1,2
0,0.1,0.125,0.031818181818181815,0.12768647281921616,10,85,0.08207181283623169,0.5560482623491803,1,1
0,0.1,0.125,0.03282828282828283,0.08975979772439949,10,92,0.0580507944451395,0.48484067237289885,1,1
0,0.0,0.125,0.015151515151515152,0.061946902654867256,10,92,0.0716877267609158,0.413065896669073,0,0
0,0.20000000000000004,0.125,0.03535353535353536,0.06447534766118837,10,5,0.040785687476541974,0.4206455604826236,0,1
0,0.0,0.125,0.015151515151515152,0.1529709228824273,10,85,0.16176654572751156,0.5933793956893887,1,0
0,0.1,0.125,0.05050505050505051,0.1150442477876106,10,92,0.05129488302264481,0.5347014540579562,1,2
0,0.0,0.125,0.03535353535353536,0.10998735777496839,10,92,0.06580758163392968,0.525574920078375,1,1
0,0.1,0.125,0.045454545454545456,0.12768647281921616,10,26,0.061678969097960716,0.5560482623491803,1,2
0,0.0,0.125,0.025252525252525252,0.08470290771175726,10,85,0.06705867634179906,0.4733938331442715,1,1
0,0.1,0.125,0.031818181818181815,0.10493046776232616,10,85,0.06843488052045539,0.5160874497267196,1,1
4,0.0,0.125,0.0,0.0518331226295828,10,5,0.15551107218816465,0.37996287511601534,0,0
0,0.1,0.125,0.025252525252525252,0.08975979772439949,10,26,0.07056174152383335,0.48484067237289885,1,1
1,0.1,0.125,0.02272727272727273,0.10240202275600505,10,92,0.08569998748905291,0.511189027534289,1,1
0,0.30000000000000004,0.125,0.06565656565656566,0.1150442477876106,10,5,0.040785687476541974,0.5347014540579562,1,2
0,0.30000000000000004,0.125,0.0404040404040404,0.14032869785082175,10,92,0.07418991617665456,0.5754872641022999,1,1
0,0.20000000000000004,0.125,0.0303030303030303,0.10240202275600505,10,85,0.0694357562867509,0.511189027534289,1,1
5,0.30000000000000004,0.125,0.06565656565656566,0.02654867256637168,10,26,0.011635180783185286,0.26616479323502107,0,2
5,0.20000000000000004,0.125,0.055555555555555566,0.12768647281921616,10,105,0.05204553984736645,0.5560482623491803,1,2
1,0.20000000000000004,0.125,0.03535353535353536,0.1150442477876106,10,85,0.06868509946202926,0.5347014540579562,1,1
5,0.20000000000000004,0.125,0.0404040404040404,0.06447534766118837,10,5,0.036657074940573,0.4206455604826236,0,1
0,0.1,0.125,0.045454545454545456,0.1150442477876106,10,85,0.056049042912548475,0.5347014540579562,1,2
0,0.20000000000000004,0.125,0.025252525252525252,0.09481668773704172,10,92,0.07418991617665456,0.49577188821284945,1,1
0,0.0,0.125,0.02575757575757576,0.16561314791403287,10,85,0.12248217190041284,0.6099309064659173,1,1
4,0.30000000000000004,0.25,0.16666666666666666,0.4437420986093552,10,105,0.06343050168897785,0.8212333711457154,3,3
5,0.30000000000000004,0.125,0.045454545454545456,0.14032869785082175,10,85,0.06730889528337294,0.5754872641022999,1,2
0,0.1,0.125,0.015151515151515152,0.024020227560050567,10,26,0.03415488552483423,0.2507992162524493,0,0
5,0.1,0.125,0.10101010101010101,0.12768647281921616,11,5,0.030401601401226074,0.5560482623491803,1,3
5,0.1,0.125,0.0404040404040404,0.046776232616940576,11,88,0.0278994119854873,0.36134887078477873,0,1
5,0.30000000000000004,0.125,0.06565656565656566,0.08975979772439949,11,77,0.032528462404604025,0.48484067237289885,1,2
5,0.1,0.125,0.045454545454545456,0.06447534766118837,11,77,0.03327911922932566,0.4206455604826236,0,2
5,0.4,0.25,0.27929292929292926,0.1529709228824273,11,77,0.013261603903415487,0.5933793956893887,1,3
0,0.0,0.125,0.00808080808080808,0.03919089759797724,11,77,0.06868509946202926,0.3302052181086934,0,0
1,0.30000000000000004,0.125,0.03535353535353536,0.1150442477876106,11,88,0.06868509946202926,0.5347014540579562,1,1
5,0.1,0.125,0.09090909090909091,0.12768647281921616,11,76,0.033529338170899536,0.5560482623491803,1,2
5,0.20000000000000004,0.125,0.11616161616161617,0.0037926675094816682,11,77,0.0021268610033779558,0.0631638651129216,0,3
3,0.20000000000000004,0.125,0.025252525252525252,0.0012642225031605555,11,31,0.008007006130364067,0.02309992781272563,0,1
0,0.20000000000000004,0.125,0.0303030303030303,0.05941845764854614,11,5,0.04291254847991993,0.40522842116118407,0,1
5,0.20000000000000004,0.125,0.045454545454545456,0.0518331226295828,11,42,0.027524083573126485,0.37996287511601534,0,2
0,0.0,0.125,0.02777777777777778,0.07711757269279393,12,90,0.05755035656199174,0.4550376405073735,1,1
0,0.20000000000000004,0.25,0.06212121212121212,0.17825537294563842,12,90,0.06468159639684723,0.625348045787357,2,2
3,0.0,0.125,0.007575757575757576,0.0037926675094816682,12,90,0.020517953209057926,0.0631638651129216,0,0
0,0.1,0.125,0.03888888888888889,0.06447534766118837,12,90,0.037783060177655446,0.4206455604826236,0,1
3,0.1,0.125,0.045454545454545456,0.008849557522123892,12,90,0.008257225071937945,0.1266886665979169,0,2
0,0.1,0.375,0.06565656565656566,0.19089759797724398,12,90,0.06580758163392968,0.6397855006703106,2,2
0,0.1,0.25,0.05858585858585859,0.17825537294563842,12,90,0.06805955210809457,0.625348045787357,2,2
0,0.0,0.125,0.013131313131313133,0.10240202275600505,12,90,0.12148129613411733,0.511189027534289,1,0
0,0.0,0.125,0.0303030303030303,0.08217446270543616,12,90,0.05692480920805705,0.467464164174487,1,1
0,0.0,0.125,0.013131313131313133,0.10240202275600505,12,90,0.12148129613411733,0.511189027534289,1,0
3,0.1,0.125,0.0404040404040404,0.0037926675094816682,12,90,0.006630801951707743,0.0631638651129216,0,1
0,0.1,0.125,0.045454545454545456,0.08975979772439949,12,90,0.04466408107093707,0.48484067237289885,1,2
0,0.0,0.125,0.020202020202020204,0.1150442477876106,12,90,0.10334042287001124,0.5347014540579562,1,1
0,0.0,0.125,0.02272727272727273,0.07711757269279393,12,90,0.06643312898786437,0.4550376405073735,1,1
3,0.20000000000000004,0.25,0.06060606060606061,0.008849557522123892,12,90,0.0062554735393469275,0.1266886665979169,0,2
0,0.20000000000000004,0.25,0.06060606060606061,0.14032869785082175,12,90,0.052796196672088076,0.5754872641022999,1,2
0,0.1,0.125,0.0393939393939394,0.07711757269279393,12,90,0.043788314775428494,0.4550376405073735,1,1
0,0.0,0.125,0.02777777777777778,0.08975979772439949,12,90,0.06580758163392968,0.48484067237289885,1,1
3,0.0,0.125,0.025252525252525252,0.05941845764854614,12,90,0.04916802201926686,0.40522842116118407,0,1
0,0.0,0.125,0.020202020202020204,0.0518331226295828,12,90,0.05129488302264481,0.37996287511601534,0,1
5,0.20000000000000004,0.125,0.025252525252525252,0.04930467762326169,12,90,0.04203678218441136,0.37083634113643416,0,1
0,0.0,0.125,0.03535353535353536,0.07711757269279393,12,90,0.04779181784061053,0.4550376405073735,1,1
0,0.0,0.125,0.020202020202020204,0.0518331226295828,12,90,0.05129488302264481,0.37996287511601534,0,1
0,0.1,0.125,0.020202020202020204,0.0518331226295828,12,90,0.05129488302264481,0.37996287511601534,0,1
0,0.20000000000000004,0.125,0.0404040404040404,0.0012642225031605555,12,90,0.005379707243838358,0.02309992781272563,0,1
5,0.20000000000000004,0.125,0.09090909090909091,0.12768647281921616,12,90,0.033529338170899536,0.5560482623491803,1,2
5,0.1,0.125,0.03535353535353536,0.07711757269279393,12,5,0.04779181784061053,0.4550376405073735,1,1
0,0.0,0.125,0.0,0.06447534766118837,12,90,0.1867884398848993,0.4206455604826236,0,0
5,0.0,0.125,0.0404040404040404,0.0518331226295828,12,5,0.030401601401226074,0.37996287511601534,0,1
5,0.20000000000000004,0.25,0.09090909090909091,0.14032869785082175,12,90,0.036657074940573,0.5754872641022999,1,2
5,0.1,0.125,0.025252525252525252,0.06447534766118837,12,5,0.052796196672088076,0.4206455604826236,0,1
0,0.0,0.125,0.025252525252525252,0.08217446270543616,12,90,0.06530714375078192,0.467464164174487,1,1
0,0.0,0.125,0.020202020202020204,0.05941845764854614,12,90,0.05755035656199174,0.40522842116118407,0,1
0,0.0,0.125,0.020202020202020204,0.08975979772439949,12,90,0.08257225071937944,0.48484067237289885,1,1
4,0.0,0.125,0.015151515151515152,0.1529709228824273,12,5,0.16176654572751156,0.5933793956893887,1,0
5,0.20000000000000004,0.125,0.09090909090909091,0.14032869785082175,12,79,0.036657074940573,0.5754872641022999,1,2
3,0.1,0.25,0.05050505050505051,0.006321112515802781,12,90,0.006380583010133866,0.09719500876559761,0,2
0,0.1,0.25,0.05050505050505051,0.006321112515802781,12,90,0.006380583010133866,0.09719500876559761,0,2
5,0.20000000000000004,0.125,0.025252525252525252,0.04930467762326169,12,90,0.04203678218441136,0.37083634113643416,0,1
2,0.0,0.125,0.020202020202020204,0.020227560050568895,12,90,0.025147003628174652,0.22563679488501598,0,1
0,0.1,0.125,0.0404040404040404,0.0012642225031605555,12,90,0.005379707243838358,0.02309992781272563,0,1
5,0.1,0.125,0.20707070707070707,0.03413400758533502,12,90,0.00437883147754285,0.3067443539238939,0,3
3,0.1,0.25,0.20707070707070707,0.8735777496839443,12,90,0.10096334292505943,0.9700938434567394,3,3
0,0.1,0.125,0.0303030303030303,0.008849557522123892,12,90,0.011635180783185286,0.1266886665979169,0,1
5,0.1,0.25,1.0,0.6965865992414665,12,90,0.01663955961466283,0.9201299370939466,3,3
0,0.1,0.125,0.0404040404040404,0.0012642225031605555,12,90,0.005379707243838358,0.02309992781272563,0,1
5,0.1,0.25,0.20707070707070707,0.03919089759797724,12,90,0.0050043788314775425,0.3302052181086934,0,3
3,0.1,0.125,0.09090909090909091,0.03413400758533502,12,90,0.0103840860753159,0.3067443539238939,0,2
0,0.1,0.125,0.0303030303030303,0.008849557522123892,12,90,0.011635180783185286,0.1266886665979169,0,1
0,0.20000000000000004,0.125,0.05050505050505051,0.10240202275600505,12,90,0.046040285249593395,0.511189027534289,1,2
0,0.1,0.25,0.05252525252525253,0.1150442477876106,12,90,0.04954335043162768,0.5347014540579562,1,2
0,0.20000000000000004,0.125,0.06565656565656566,0.1150442477876106,12,90,0.040785687476541974,0.5347014540579562,1,2
4,0.0,0.125,0.005050505050505052,0.08975979772439949,12,90,0.16589515826348056,0.48484067237289885,1,0
0,0.1,0.125,0.03535353535353536,0.12768647281921616,12,90,0.07556612035531089,0.5560482623491803,1,1
0,0.1,0.125,0.03535353535353536,0.10493046776232616,12,90,0.06305517327661704,0.5160874497267196,1,1
0,0.1,0.125,0.02828282828282828,0.19089759797724398,12,90,0.13086450644313774,0.6397855006703106,2,1
0,0.1,0.25,0.03535353535353536,0.0012642225031605555,12,5,0.00613036406855999,0.02309992781272563,0,1
0,0.1,0.25,0.0404040404040404,0.0012642225031605555,12,5,0.005379707243838358,0.02309992781272563,0,1
0,0.1,0.125,0.0303030303030303,0.08470290771175726,12,90,0.05855123232828725,0.4733938331442715,1,1
0,0.1,0.125,0.05303030303030304,0.20353982300884954,12,90,0.08419867383960965,0.6533463957925132,2,2
3,0.1,0.125,0.0303030303030303,0.013906447534766117,12,90,0.01476291755285875,0.17608538723316491,0,1
0,0.1,0.125,0.05050505050505051,0.09481668773704172,12,90,0.04291254847991993,0.49577188821284945,1,2
0,0.20000000000000004,0.125,0.0404040404040404,0.0012642225031605555,12,90,0.005379707243838358,0.02309992781272563,0,1
3,0.0,0.125,0.012626262626262628,0.0,12,5,0.011635180783185286,0.0,0,0
5,0.30000000000000004,0.25,0.23535353535353534,0.10240202275600505,12,90,0.010759414487676717,0.511189027534289,1,3
0,0.1,0.125,0.0404040404040404,0.0720606826801517,12,90,0.04041035906418115,0.4418892440961124,1,1
0,0.1,0.25,0.0404040404040404,0.14032869785082175,12,90,0.07418991617665456,0.5754872641022999,1,1
5,0.20000000000000004,0.125,0.0707070707070707,0.03919089759797724,12,5,0.01476291755285875,0.3302052181086934,0,2
0,0.1,0.125,0.04141414141414142,0.1529709228824273,12,90,0.0788189665957713,0.5933793956893887,1,2
4,0.0,0.125,0.0101010101010101,0.06447534766118837,12,90,0.09295633679469535,0.4206455604826236,0,0
0,0.20000000000000004,0.25,0.07373737373737374,0.10998735777496839,12,5,0.03528087076191668,0.525574920078375,1,2
0,0.20000000000000004,0.125,0.0404040404040404,0.0012642225031605555,12,90,0.005379707243838358,0.02309992781272563,0,1
0,0.1,0.125,0.0404040404040404,0.12768647281921616,12,90,0.06793444263730763,0.5560482623491803,1,1
0,0.0,0.125,0.0303030303030303,0.1150442477876106,12,90,0.07731765294632803,0.5347014540579562,1,1
0,0.0,0.125,0.03535353535353536,0.14032869785082175,12,90,0.08257225071937944,0.5754872641022999,1,1
0,0.0,0.125,0.02272727272727273,0.10240202275600505,12,90,0.08569998748905291,0.511189027534289,1,1
0,0.1,0.125,0.04141414141414142,0.12768647281921616,12,90,0.0665582384586513,0.5560482623491803,1,2
5,0.20000000000000004,0.125,0.06565656565656566,0.08217446270543616,12,90,0.03002627298886526,0.467464164174487,1,2
0,0.1,0.125,0.05050505050505051,0.20353982300884954,12,90,0.08770173902164392,0.6533463957925132,2,2
0,0.1,0.125,0.04141414141414142,0.1150442477876106,12,90,0.060427874390091334,0.5347014540579562,1,2
0,0.0,0.125,0.02777777777777778,0.07711757269279393,12,90,0.05755035656199174,0.4550376405073735,1,1
0,0.1,0.125,0.03282828282828283,0.1150442477876106,12,5,0.0726886025272113,0.5347014540579562,1,1
0,0.0,0.125,0.004040404040404042,0.03919089759797724,14,29,0.08845239584636555,0.3302052181086934,0,0
5,0.1,0.125,0.03535353535353536,0.006321112515802781,14,29,0.008882772425872638,0.09719500876559761,0,1
5,0.30000000000000004,0.25,0.05050505050505051,0.26675094816687733,14,29,0.11384961841611409,0.7110446529854595,2,2
4,0.4,0.125,0.005050505050505052,0.02654867256637168,14,108,0.061678969097960716,0.26616479323502107,0,0
3,0.0,0.125,0.0707070707070707,0.14032869785082175,14,29,0.046040285249593395,0.5754872641022999,1,2
5,0.20000000000000004,0.125,0.24242424242424243,0.36788874841972186,14,29,0.036657074940573,0.7804475611013717,2,3
5,0.30000000000000004,0.125,1.0,0.12010113780025283,14,29,0.0023770799449518328,0.5434670516654636,1,3
3,0.1,0.125,0.0404040404040404,0.0012642225031605555,14,30,0.005379707243838358,0.02309992781272563,0,1
3,0.0,0.125,0.02777777777777778,0.0012642225031605555,14,30,0.007506568247216314,0.02309992781272563,0,1
5,0.1,0.125,0.0303030303030303,0.14032869785082175,14,29,0.09295633679469535,0.5754872641022999,1,1
3,0.20000000000000004,0.125,0.03535353535353536,0.20353982300884954,14,29,0.11722757412736143,0.6533463957925132,2,1
5,0.1,0.125,0.05050505050505051,0.08975979772439949,14,30,0.040785687476541974,0.48484067237289885,1,2
3,0.0,0.125,0.02777777777777778,0.0,14,30,0.006630801951707743,0.0,0,1
3,0.1,0.125,0.1919191919191919,0.4690265486725663,14,30,0.05855123232828725,0.8333505207796226,3,3
5,0.20000000000000004,0.25,0.16666666666666666,0.3173198482932996,14,29,0.04553984736644564,0.7484273486645356,2,3
3,0.1,0.125,0.0303030303030303,0.595448798988622,14,29,0.37445264606530715,0.8856347323914613,3,1
3,0.1,0.125,0.0303030303030303,0.36788874841972186,14,29,0.23370449143000124,0.7804475611013717,2,1
5,0.1,0.125,0.0404040404040404,0.1529709228824273,14,30,0.08044538971600149,0.5933793956893887,1,1
5,0.20000000000000004,0.25,0.1414141414141414,0.17825537294563842,14,29,0.030401601401226074,0.625348045787357,2,3
3,0.0,0.125,0.02777777777777778,0.0012642225031605555,14,30,0.007506568247216314,0.02309992781272563,0,1
5,0.1,0.125,0.02777777777777778,0.16561314791403287,14,29,0.11585136994870511,0.6099309064659173,1,1
3,0.0,0.125,0.025252525252525252,0.0012642225031605555,14,30,0.008007006130364067,0.02309992781272563,0,1
0,0.1,0.125,0.0404040404040404,0.0012642225031605555,14,30,0.005379707243838358,0.02309992781272563,0,1
5,0.4,0.375,0.29292929292929293,0.17825537294563842,14,5,0.01476291755285875,0.625348045787357,2,3
5,0.20000000000000004,0.125,0.0404040404040404,0.1150442477876106,14,29,0.061678969097960716,0.5347014540579562,1,1
5,0.1,0.125,0.07828282828282829,0.14032869785082175,14,30,0.04203678218441136,0.5754872641022999,1,2
5,0.20000000000000004,0.25,0.06565656565656566,0.17825537294563842,14,5,0.061678969097960716,0.625348045787357,2,2
5,0.1,0.125,0.05050505050505051,0.19089759797724398,14,5,0.08257225071937944,0.6397855006703106,2,2
3,0.0,0.125,0.0404040404040404,0.07711757269279393,14,30,0.04291254847991993,0.4550376405073735,1,1
5,0.30000000000000004,0.25,0.16666666666666666,0.22882427307206066,14,29,0.03302890028775178,0.6782510054656081,2,3
5,0.20000000000000004,0.125,0.06565656565656566,0.36788874841972186,14,30,0.12423370449143,0.7804475611013717,2,2
3,0.0,0.125,0.0707070707070707,0.0012642225031605555,14,29,0.0030026272988865257,0.02309992781272563,0,2
5,0.0,0.125,0.025252525252525252,0.1529709228824273,14,5,0.11535093206555734,0.5933793956893887,1,1
3,0.0,0.125,0.020202020202020204,0.008849557522123892,14,5,0.01576379331915426,0.1266886665979169,0,1
0,0.1,0.125,0.015151515151515152,0.0012642225031605555,14,29,0.011635180783185286,0.02309992781272563,0,0
5,0.20000000000000004,0.25,0.06313131313131314,0.0316055625790139,14,5,0.01376204178656324,0.2940084562235743,0,2
3,0.30000000000000004,0.25,0.16666666666666666,0.8735777496839443,14,29,0.12423370449143,0.9700938434567394,3,3
5,0.1,0.25,0.05050505050505051,0.24146649810366622,14,29,0.10334042287001124,0.6896978446942355,2,2
5,0.20000000000000004,0.125,0.03080808080808081,0.14032869785082175,14,5,0.0918303515576129,0.5754872641022999,1,1
5,0.20000000000000004,0.125,0.24242424242424243,0.12768647281921616,14,29,0.012886275491054673,0.5560482623491803,1,3
5,0.1,0.125,0.0404040404040404,0.10240202275600505,14,29,0.05542349555861378,0.511189027534289,1,1
5,0.30000000000000004,0.375,0.10101010101010101,0.797724399494311,14,29,0.18115851369948707,0.9500360936372076,3,3
5,0.1,0.125,0.0404040404040404,0.08975979772439949,14,29,0.04916802201926686,0.48484067237289885,1,1
0,0.20000000000000004,0.125,0.05050505050505051,0.12768647281921616,14,29,0.056424371324909295,0.5560482623491803,1,2
5,0.20000000000000004,0.25,0.07575757575757576,0.07711757269279393,14,29,0.024896784686600778,0.4550376405073735,1,2
4,0.1,0.0,0.020202020202020204,0.19089759797724398,14,30,0.16589515826348056,0.6397855006703106,2,1
5,0.1,0.125,0.11616161616161617,0.0518331226295828,14,29,0.011635180783185286,0.37996287511601534,0,3
5,0.20000000000000004,0.125,0.05050505050505051,0.10240202275600505,14,29,0.046040285249593395,0.511189027534289,1,2
0,0.0,0.125,0.015151515151515152,0.0,14,5,0.0103840860753159,0.0,0,0
0,0.1,0.125,0.017676767676767676,0.07711757269279393,14,5,0.07869385712498436,0.4550376405073735,1,1
5,0.20000000000000004,0.25,0.09595959595959597,0.2920353982300885,14,30,0.07056174152383335,0.7304836547385791,2,3
3,0.0,0.125,0.0707070707070707,0.0012642225031605555,14,29,0.0030026272988865257,0.02309992781272563,0,2
3,0.1,0.25,0.055555555555555566,0.03919089759797724,14,29,0.01839109220567997,0.3302052181086934,0,2
3,0.1,0.125,0.02272727272727273,0.0037926675094816682,14,29,0.010634305016889778,0.0631638651129216,0,1
5,0.1,0.125,0.059595959595959605,0.07711757269279393,14,5,0.03090203928437383,0.4550376405073735,1,2
5,0.20000000000000004,0.125,0.05050505050505051,0.07711757269279393,14,30,0.035656199174277495,0.4550376405073735,1,2
1,0.30000000000000004,0.25,0.03131313131313132,0.20353982300884954,14,30,0.12886275491054672,0.6533463957925132,2,1
5,0.1,0.25,0.06060606060606061,0.393173198482933,14,30,0.1421243588139622,0.7948850159843253,3,2
5,0.1,0.125,0.0404040404040404,0.08975979772439949,14,29,0.04916802201926686,0.48484067237289885,1,1
3,0.20000000000000004,0.125,0.09090909090909091,0.06447534766118837,14,5,0.017890654322532215,0.4206455604826236,0,2
0,0.1,0.125,0.0303030303030303,0.06953223767383059,13,103,0.04916802201926686,0.4350314530267094,1,1
0,0.1,0.125,0.03535353535353536,0.12768647281921616,13,5,0.07556612035531089,0.5560482623491803,1,1
0,0.1,0.125,0.0404040404040404,0.1150442477876106,13,103,0.061678969097960716,0.5347014540579562,1,1
2,0.1,0.125,0.0404040404040404,0.013906447534766117,13,78,0.011635180783185286,0.17608538723316491,0,1
0,0.0,0.125,0.02272727272727273,0.10240202275600505,13,5,0.08569998748905291,0.511189027534289,1,1
5,0.1,0.125,0.0404040404040404,0.0012642225031605555,13,103,0.005379707243838358,0.02309992781272563,0,1
5,0.20000000000000004,0.125,0.05303030303030304,0.12743362831858407,13,5,0.05404729137995746,0.5556357636382387,1,2
0,0.1,0.25,0.055555555555555566,0.10240202275600505,13,5,0.042412110596772176,0.511189027534289,1,2
4,0.0,0.125,0.08080808080808081,0.046776232616940576,13,102,0.015138245965219567,0.36134887078477873,0,2
0,0.0,0.125,0.02777777777777778,0.10240202275600505,13,103,0.07418991617665456,0.511189027534289,1,1
0,0.0,0.125,0.02272727272727273,0.08470290771175726,13,103,0.07231327411485049,0.4733938331442715,1,1
5,0.1,0.125,0.0404040404040404,0.0720606826801517,13,103,0.04041035906418115,0.4418892440961124,1,1
0,0.0,0.125,0.012626262626262628,0.0316055625790139,13,5,0.04641561366195421,0.2940084562235743,0,0
0,0.20000000000000004,0.125,0.0404040404040404,0.08975979772439949,13,103,0.04916802201926686,0.48484067237289885,1,1
0,0.1,0.125,0.020202020202020204,0.08723135271807837,13,103,0.08044538971600149,0.4792203774363206,1,1
0,0.0,0.125,0.0303030303030303,0.0012642225031605555,13,5,0.006881020893281621,0.02309992781272563,0,1
0,0.1,0.125,0.0404040404040404,0.07711757269279393,13,125,0.04291254847991993,0.4550376405073735,1,1
0,0.0,0.125,0.025252525252525252,0.07458912768647281,13,5,0.05992743650694358,0.448592348148912,1,1
0,0.20000000000000004,0.125,0.04141414141414142,0.12768647281921616,13,103,0.0665582384586513,0.5560482623491803,1,2
1,0.1,0.125,0.0303030303030303,0.06447534766118837,13,102,0.046040285249593395,0.4206455604826236,0,1
1,0.0,0.0,0.012626262626262628,0.08470290771175726,13,103,0.10471662704866756,0.4733938331442715,1,0
0,0.0,0.125,0.017676767676767676,0.08217446270543616,13,103,0.08332290754410109,0.467464164174487,1,1
3,0.1,0.125,0.05303030303030304,0.13780025284450062,13,103,0.05817590391592643,0.5717232133649583,1,2
0,0.1,0.125,0.0404040404040404,0.14032869785082175,13,103,0.07418991617665456,0.5754872641022999,1,1
1,0.30000000000000004,0.125,0.4444444444444444,0.36788874841972186,13,115,0.02001751532591017,0.7804475611013717,2,3
0,0.0,0.125,0.015151515151515152,0.06953223767383059,13,5,0.07919429500813212,0.4350314530267094,1,0
0,0.1,0.125,0.0404040404040404,0.19089759797724398,13,103,0.09921181033404228,0.6397855006703106,2,1
0,0.1,0.125,0.015151515151515152,0.06953223767383059,13,5,0.07919429500813212,0.4350314530267094,1,0
3,0.1,0.125,0.03535353535353536,0.0037926675094816682,13,103,0.007506568247216314,0.0631638651129216,0,1
5,0.1,0.125,0.0404040404040404,0.14032869785082175,13,103,0.07418991617665456,0.5754872641022999,1,1
0,0.0,0.125,0.01717171717171717,0.08975979772439949,13,103,0.0918303515576129,0.48484067237289885,1,1
0,0.1,0.125,0.045454545454545456,0.19089759797724398,13,103,0.09007881896659575,0.6397855006703106,2,2
0,0.0,0.125,0.025252525252525252,0.0037926675094816682,13,103,0.009883648192168146,0.0631638651129216,0,1
0,0.20000000000000004,0.25,0.0404040404040404,0.08975979772439949,13,103,0.04916802201926686,0.48484067237289885,1,1
0,0.0,0.125,0.025252525252525252,0.09481668773704172,13,103,0.07418991617665456,0.49577188821284945,1,1
5,0.30000000000000004,0.25,0.09090909090909091,0.24146649810366622,13,103,0.061678969097960716,0.6896978446942355,2,2
0,0.1,0.25,0.0404040404040404,0.1150442477876106,13,103,0.061678969097960716,0.5347014540579562,1,1
0,0.20000000000000004,0.125,0.031818181818181815,0.10240202275600505,13,103,0.06693356687101212,0.511189027534289,1,1
0,0.20000000000000004,0.125,0.05050505050505051,0.14032869785082175,13,103,0.061678969097960716,0.5754872641022999,1,2
0,0.1,0.125,0.04292929292929293,0.2920353982300885,13,5,0.1421243588139622,0.7304836547385791,2,2
0,0.0,0.125,0.020202020202020204,0.0720606826801517,13,103,0.06793444263730763,0.4418892440961124,1,1
0,0.0,0.125,0.02272727272727273,0.12768647281921616,13,103,0.10496684599024146,0.5560482623491803,1,1
0,0.20000000000000004,0.125,0.0404040404040404,0.10240202275600505,13,103,0.05542349555861378,0.511189027534289,1,1
0,0.1,0.125,0.03535353535353536,0.14032869785082175,13,103,0.08257225071937944,0.5754872641022999,1,1
0,0.0,0.125,0.015151515151515152,0.05436156763590391,13,103,0.06418115851369949,0.388676910384655,0,0
3,0.1,0.125,0.0404040404040404,0.16561314791403287,13,103,0.08670086325534843,0.6099309064659173,1,1
5,0.1,0.125,0.11616161616161617,0.008849557522123892,13,5,0.0031277367696734646,0.1266886665979169,0,3
3,0.1,0.125,0.11616161616161617,0.0012642225031605555,13,5,0.0016264231202302018,0.02309992781272563,0,3
0,0.20000000000000004,0.25,0.05050505050505051,0.16561314791403287,13,103,0.07206305517327662,0.6099309064659173,1,2
0,0.0,0.125,0.025252525252525252,0.14032869785082175,13,103,0.10634305016889778,0.5754872641022999,1,1
1,0.1,0.125,0.025252525252525252,0.16561314791403287,13,103,0.12423370449143,0.6099309064659173,1,1
0,0.1,0.125,0.0404040404040404,0.2920353982300885,13,103,0.1492555986488177,0.7304836547385791,2,1
0,0.1,0.125,0.0404040404040404,0.14032869785082175,13,103,0.07418991617665456,0.5754872641022999,1,1
0,0.20000000000000004,0.125,0.09090909090909091,0.2920353982300885,13,103,0.07418991617665456,0.7304836547385791,2,2
5,0.30000000000000004,0.375,0.29292929292929293,0.24146649810366622,13,103,0.02001751532591017,0.6896978446942355,2,3
0,0.20000000000000004,0.125,0.09090909090909091,0.1150442477876106,13,103,0.030401601401226074,0.5347014540579562,1,2
0,0.1,0.125,0.0404040404040404,0.1150442477876106,13,103,0.061678969097960716,0.5347014540579562,1,1
4,0.0,0.125,0.09090909090909091,0.36788874841972186,13,129,0.09295633679469535,0.7804475611013717,2,2
0,0.0,0.125,0.015151515151515152,0.1150442477876106,13,103,0.12423370449143,0.5347014540579562,1,0
0,0.1,0.125,0.03636363636363636,0.09481668773704172,13,103,0.05629926185412236,0.49577188821284945,1,1
0,0.20000000000000004,0.125,0.025252525252525252,0.006321112515802781,13,5,0.011635180783185286,0.09719500876559761,0,1
5,0.20000000000000004,0.25,0.0707070707070707,0.1529709228824273,13,103,0.049918678843988484,0.5933793956893887,1,2
0,0.0,0.125,0.02272727272727273,0.07711757269279393,13,5,0.06643312898786437,0.4550376405073735,1,1
0,0.20000000000000004,0.125,0.10101010101010101,0.36788874841972186,13,103,0.08444889278118353,0.7804475611013717,2,3
0,0.20000000000000004,0.125,0.06565656565656566,0.2161820480404551,13,103,0.07418991617665456,0.6661338558317005,2,2
0,0.1,0.125,0.03787878787878787,0.09481668773704172,13,103,0.05442261979231828,0.49577188821284945,1,1
0,0.1,0.125,0.0404040404040404,0.17825537294563842,13,103,0.09295633679469535,0.625348045787357,2,1
0,0.0,0.125,0.020202020202020204,0.24146649810366622,13,103,0.20768172150631806,0.6896978446942355,2,1
0,0.1,0.125,0.24242424242424243,0.1150442477876106,13,103,0.011635180783185286,0.5347014540579562,1,3
0,0.0,0.125,0.02777777777777778,0.07711757269279393,13,103,0.05755035656199174,0.4550376405073735,1,1
0,0.1,0.125,0.03787878787878787,0.08975979772439949,13,103,0.051795320905792565,0.48484067237289885,1,1
0,0.1,0.125,0.03535353535353536,0.08470290771175726,13,103,0.0519204303765795,0.4733938331442715,1,1
0,0.1,0.125,0.03282828282828283,0.07711757269279393,13,103,0.050669335668710125,0.4550376405073735,1,1
0,0.0,0.125,0.020202020202020204,0.17825537294563842,13,103,0.15551107218816465,0.625348045787357,2,1
0,0.1,0.125,0.02272727272727273,0.06447534766118837,13,5,0.05692480920805705,0.4206455604826236,0,1
0,0.1,0.125,0.0303030303030303,0.04424778761061946,13,103,0.033529338170899536,0.351448901722182,0,1
0,0.20000000000000004,0.125,0.05050505050505051,0.08470290771175726,13,5,0.03878393594395096,0.4733938331442715,1,2
5,0.0,0.125,0.0404040404040404,0.05436156763590391,13,5,0.03165269610909546,0.388676910384655,0,1
5,0.4,0.25,0.0404040404040404,0.07964601769911504,13,103,0.044163643187789314,0.4613282458492318,1,1
0,0.1,0.125,0.03535353535353536,0.14791403286978508,13,103,0.08670086325534843,0.5863669176033826,1,1
0,0.1,0.125,0.0303030303030303,0.1150442477876106,13,103,0.07731765294632803,0.5347014540579562,1,1
5,0.30000000000000004,0.5,0.20202020202020202,0.36788874841972186,13,103,0.043788314775428494,0.7804475611013717,2,3
4,0.30000000000000004,0.125,0.0707070707070707,0.12768647281921616,13,102,0.0421618916551983,0.5560482623491803,1,2
4,0.0,0.125,0.16666666666666666,0.2920353982300885,13,125,0.04203678218441136,0.7304836547385791,2,3
0,0.1,0.125,0.02777777777777778,0.07711757269279393,13,103,0.05755035656199174,0.4550376405073735,1,1
0,0.0,0.125,0.02777777777777778,0.10240202275600505,13,103,0.07418991617665456,0.511189027534289,1,1
0,0.1,0.125,0.020202020202020204,0.0720606826801517,13,103,0.06793444263730763,0.4418892440961124,1,1
0,0.1,0.125,0.020202020202020204,0.2161820480404551,13,103,0.1867884398848993,0.6661338558317005,2,1
0,0.0,0.125,0.025252525252525252,0.06953223767383059,13,103,0.05629926185412236,0.4350314530267094,1,1
5,0.1,0.125,0.045454545454545456,0.06447534766118837,13,5,0.03327911922932566,0.4206455604826236,0,2
5,0.1,0.125,0.0404040404040404,0.22882427307206066,13,103,0.11797823095208307,0.6782510054656081,2,1
0,0.0,0.125,0.02272727272727273,0.08975979772439949,13,5,0.07606655823845865,0.48484067237289885,1,1
3,0.1,0.25,0.0404040404040404,0.008849557522123892,13,5,0.009132991367446516,0.1266886665979169,0,1
0,0.1,0.125,0.03282828282828283,0.12768647281921616,13,125,0.08007006130364068,0.5560482623491803,1,1
0,0.1,0.125,0.03131313131313132,0.20353982300884954,13,103,0.12886275491054672,0.6533463957925132,2,1
0,0.0,0.125,0.012626262626262628,0.05689001264222503,13,5,0.07418991617665456,0.39713313395895633,0,0
1,0.0,0.125,0.015151515151515152,0.06953223767383059,13,154,0.07919429500813212,0.4350314530267094,1,0
3,0.1,0.125,0.03282828282828283,0.0012642225031605555,13,103,0.006505692480920805,0.02309992781272563,0,1
0,0.1,0.125,0.06060606060606061,0.1150442477876106,13,103,0.043788314775428494,0.5347014540579562,1,2
0,0.30000000000000004,0.125,0.05050505050505051,0.12010113780025283,13,5,0.05329663455523583,0.5434670516654636,1,2
0,0.0,0.125,0.0303030303030303,0.0518331226295828,13,103,0.038158388590016266,0.37996287511601534,0,1
0,0.0,0.125,0.03535353535353536,0.19089759797724398,13,103,0.11034655323407981,0.6397855006703106,2,1
0,0.1,0.125,0.03535353535353536,0.16561314791403287,13,103,0.09645940197672963,0.6099309064659173,1,1
0,0.0,0.125,0.045454545454545456,0.06700379266750947,13,5,0.034405104466408105,0.4279674126018356,1,2
5,0.30000000000000004,0.25,0.09090909090909091,0.1529709228824273,13,103,0.03978481171024646,0.5933793956893887,1,2
5,0.30000000000000004,0.25,0.1919191919191919,0.1529709228824273,13,103,0.01939196797197548,0.5933793956893887,1,3
0,0.1,0.125,0.03535353535353536,0.1150442477876106,13,103,0.06868509946202926,0.5347014540579562,1,1
0,0.0,0.125,0.0101010101010101,0.0037926675094816682,13,5,0.017890654322532215,0.0631638651129216,0,0
1,0.20000000000000004,0.125,0.05050505050505051,0.24146649810366622,13,103,0.10334042287001124,0.6896978446942355,2,2
0,0.0,0.125,0.02272727272727273,0.08470290771175726,13,103,0.07231327411485049,0.4733938331442715,1,1
0,0.1,0.125,0.020202020202020204,0.05941845764854614,13,5,0.05755035656199174,0.40522842116118407,0,1
0,0.1,0.125,0.06565656565656566,0.1150442477876106,13,103,0.040785687476541974,0.5347014540579562,1,2
4,0.0,0.0,0.015151515151515152,0.19089759797724398,13,103,0.19929938696359314,0.6397855006703106,2,0
0,0.1,0.125,0.017676767676767676,0.06953223767383059,13,103,0.07193794570248967,0.4350314530267094,1,1
5,0.0,0.125,0.06565656565656566,0.0518331226295828,13,103,0.02001751532591017,0.37996287511601534,0,2
0,0.1,0.125,0.0303030303030303,0.08217446270543616,13,103,0.05692480920805705,0.467464164174487,1,1
0,0.0,0.125,0.015151515151515152,0.08975979772439949,13,103,0.09921181033404228,0.48484067237289885,1,0
0,0.0,0.125,0.025252525252525252,0.1529709228824273,13,103,0.11535093206555734,0.5933793956893887,1,1
5,0.20000000000000004,0.125,0.09090909090909091,0.16561314791403287,13,103,0.04291254847991993,0.6099309064659173,1,2
0,0.1,0.125,0.0404040404040404,0.08217446270543616,13,103,0.045414737895658704,0.467464164174487,1,1
0,0.1,0.125,0.03535353535353536,0.08975979772439949,13,103,0.05467283873389216,0.48484067237289885,1,1
4,0.20000000000000004,0.125,0.01717171717171717,0.1150442477876106,13,78,0.11497560365319653,0.5347014540579562,1,1
0,0.0,0.125,0.012626262626262628,0.0012642225031605555,13,103,0.01301138496184161,0.02309992781272563,0,0
0,0.20000000000000004,0.125,0.05050505050505051,0.013906447534766117,13,5,0.00950831977980733,0.17608538723316491,0,2
0,0.1,0.125,0.02777777777777778,0.07711757269279393,13,103,0.05755035656199174,0.4550376405073735,1,1
0,0.1,0.125,0.0404040404040404,0.14032869785082175,13,103,0.07418991617665456,0.5754872641022999,1,1
0,0.1,0.125,0.0404040404040404,0.19089759797724398,13,103,0.09921181033404228,0.6397855006703106,2,1
0,0.0,0.125,0.025252525252525252,0.04424778761061946,13,102,0.038408607531590144,0.351448901722182,0,1
4,0.0,0.125,0.1919191919191919,0.14032869785082175,13,5,0.017890654322532215,0.5754872641022999,1,3
1,0.30000000000000004,0.125,0.055555555555555566,0.24146649810366622,13,5,0.09533341673964718,0.6896978446942355,2,2
0,0.0,0.125,0.0303030303030303,0.0518331226295828,13,103,0.038158388590016266,0.37996287511601534,0,1
5,0.20000000000000004,0.125,0.09090909090909091,0.2920353982300885,13,103,0.07418991617665456,0.7304836547385791,2,2
0,0.1,0.125,0.015151515151515152,0.07711757269279393,13,103,0.08670086325534843,0.4550376405073735,1,0
3,0.1,0.125,0.02777777777777778,0.07711757269279393,13,103,0.05755035656199174,0.4550376405073735,1,1
0,0.0,0.125,0.015151515151515152,0.08975979772439949,13,5,0.09921181033404228,0.48484067237289885,1,0
0,0.0,0.125,0.0101010101010101,0.03919089759797724,13,103,0.061678969097960716,0.3302052181086934,0,0
0,0.0,0.125,0.020202020202020204,0.0518331226295828,13,102,0.05129488302264481,0.37996287511601534,0,1
0,0.1,0.125,0.0404040404040404,0.06447534766118837,13,78,0.036657074940573,0.4206455604826236,0,1
0,0.0,0.125,0.015151515151515152,0.06953223767383059,13,103,0.07919429500813212,0.4350314530267094,1,0
0,0.1,0.125,0.03535353535353536,0.1150442477876106,13,103,0.06868509946202926,0.5347014540579562,1,1
0,0.20000000000000004,0.125,0.04292929292929293,0.19089759797724398,13,103,0.09445765044413862,0.6397855006703106,2,2
0,0.1,0.125,0.02575757575757576,0.06447534766118837,13,103,0.05204553984736645,0.4206455604826236,0,1
5,0.0,0.125,0.06565656565656566,0.06447534766118837,13,125,0.024146127861879144,0.4206455604826236,0,2
3,0.0,0.125,0.025252525252525252,0.0518331226295828,13,103,0.043788314775428494,0.37996287511601534,0,1
0,0.1,0.125,0.03282828282828283,0.08470290771175726,13,103,0.05504816714625297,0.4733938331442715,1,1
0,0.0,0.125,0.015151515151515152,0.12768647281921616,13,103,0.13674465157012386,0.5560482623491803,1,0
0,0.1,0.125,0.03282828282828283,0.07711757269279393,13,103,0.050669335668710125,0.4550376405073735,1,1
0,0.1,0.125,0.0303030303030303,0.19089759797724398,13,103,0.12423370449143,0.6397855006703106,2,1
0,0.1,0.125,0.015151515151515152,0.05941845764854614,13,103,0.06918553734517702,0.40522842116118407,0,0
3,0.20000000000000004,0.125,0.0303030303030303,0.02654867256637168,13,5,0.02264481421243588,0.26616479323502107,0,1
1,0.1,0.125,0.0101010101010101,0.10240202275600505,13,103,0.13987238833979732,0.511189027534289,1,0
0,0.0,0.125,0.007575757575757576,0.06953223767383059,13,5,0.11347429000375328,0.4350314530267094,1,0
0,0.1,0.125,0.0404040404040404,0.14032869785082175,13,103,0.07418991617665456,0.5754872641022999,1,1
0,0.1,0.125,0.020202020202020204,0.10240202275600505,13,103,0.09295633679469535,0.511189027534289,1,1
5,0.20000000000000004,0.125,0.06565656565656566,0.10240202275600505,13,5,0.036657074940573,0.511189027534289,1,2
0,0.1,0.125,0.03535353535353536,0.09481668773704172,13,103,0.05755035656199174,0.49577188821284945,1,1
0,0.0,0.125,0.005050505050505052,0.0518331226295828,13,103,0.10334042287001124,0.37996287511601534,0,0
0,0.20000000000000004,0.125,0.05050505050505051,0.12262958280657396,13,103,0.05442261979231828,0.5477467257914819,1,2
5,0.20000000000000004,0.25,0.09090909090909091,0.1529709228824273,13,103,0.03978481171024646,0.5933793956893887,1,2
3,0.1,0.125,0.0404040404040404,0.0012642225031605555,13,103,0.005379707243838358,0.02309992781272563,0,1
0,0.1,0.125,0.0303030303030303,0.26675094816687733,13,5,0.17114975603653196,0.7110446529854595,2,1
0,0.1,0.125,0.05050505050505051,0.008849557522123892,13,5,0.007506568247216314,0.1266886665979169,0,2
0,0.20000000000000004,0.125,0.06313131313131314,0.1150442477876106,13,125,0.04228700112598524,0.5347014540579562,1,2
0,0.20000000000000004,0.125,0.03282828282828283,0.07711757269279393,13,103,0.050669335668710125,0.4550376405073735,1,1
0,0.0,0.125,0.012626262626262628,0.06700379266750947,13,103,0.0853246590766921,0.4279674126018356,1,0
5,0.30000000000000004,0.25,0.10606060606060606,0.36788874841972186,13,5,0.08069560865757537,0.7804475611013717,2,3
0,0.0,0.125,0.025252525252525252,0.1529709228824273,13,103,0.11535093206555734,0.5933793956893887,1,1
5,0.20000000000000004,0.125,0.05050505050505051,0.10240202275600505,13,103,0.046040285249593395,0.511189027534289,1,2
0,0.1,0.125,0.017676767676767676,0.1150442477876106,13,5,0.11284874264981858,0.5347014540579562,1,1
0,0.1,0.125,0.025252525252525252,0.08470290771175726,13,5,0.06705867634179906,0.4733938331442715,1,1
0,0.1,0.125,0.025252525252525252,0.10493046776232616,13,103,0.08132115601151006,0.5160874497267196,1,1
0,0.0,0.125,0.0101010101010101,0.03919089759797724,13,103,0.061678969097960716,0.3302052181086934,0,0
0,0.1,0.125,0.0303030303030303,0.12768647281921616,13,5,0.08519954960590516,0.5560482623491803,1,1
0,0.1,0.25,0.0404040404040404,0.2161820480404551,13,5,0.11172275741273613,0.6661338558317005,2,1
5,0.20000000000000004,0.125,0.11616161616161617,0.06953223767383059,13,67,0.015138245965219567,0.4350314530267094,1,3
0,0.0,0.125,0.015151515151515152,0.06447534766118837,13,5,0.07418991617665456,0.4206455604826236,0,0
1,0.7000000000000001,0.25,0.11363636363636365,0.7471554993678887,13,103,0.15225822594770425,0.9355986387542541,3,3
5,0.30000000000000004,0.125,0.11616161616161617,0.0518331226295828,13,67,0.011635180783185286,0.37996287511601534,0,3
0,0.1,0.125,0.03282828282828283,0.08975979772439949,13,103,0.0580507944451395,0.48484067237289885,1,1
0,0.0,0.125,0.02777777777777778,0.10240202275600505,13,103,0.07418991617665456,0.511189027534289,1,1
0,0.1,0.125,0.0404040404040404,0.08723135271807837,13,103,0.04791692731139747,0.4792203774363206,1,1
4,0.0,0.125,0.1414141414141414,0.6207332490518331,13,5,0.10334042287001124,0.8947612663710427,3,3
0,0.0,0.125,0.03282828282828283,0.0012642225031605555,13,103,0.006505692480920805,0.02309992781272563,0,1
0,0.1,0.125,0.03636363636363636,0.14032869785082175,13,103,0.08069560865757537,0.5754872641022999,1,1
0,0.0,0.125,0.03434343434343434,0.05941845764854614,13,103,0.0389090454147379,0.40522842116118407,0,1
0,0.0,0.125,0.014141414141414142,0.09481668773704172,13,103,0.10859502064306267,0.49577188821284945,1,0
4,0.0,0.25,0.1414141414141414,0.6207332490518331,13,5,0.10334042287001124,0.8947612663710427,3,3
5,0.1,0.125,0.11616161616161617,0.17825537294563842,13,103,0.036657074940573,0.625348045787357,2,3
0,0.1,0.125,0.02777777777777778,0.07711757269279393,13,103,0.05755035656199174,0.4550376405073735,1,1
0,0.0,0.125,0.025252525252525252,0.10240202275600505,13,103,0.07956962342049292,0.511189027534289,1,1
0,0.1,0.125,0.025252525252525252,0.1150442477876106,13,103,0.08845239584636555,0.5347014540579562,1,1
5,0.20000000000000004,0.125,0.20707070707070707,0.2161820480404551,13,103,0.02527211309896159,0.6661338558317005,2,3
0,0.20000000000000004,0.125,0.04646464646464647,0.19089759797724398,13,103,0.08845239584636555,0.6397855006703106,2,2
0,0.30000000000000004,0.25,0.05202020202020202,0.1150442477876106,13,103,0.050043788314775434,0.5347014540579562,1,2
4,0.0,0.125,0.0060606060606060615,0.20353982300884954,13,78,0.33141498811460024,0.6533463957925132,2,0
0,0.0,0.125,0.02777777777777778,0.006321112515802781,13,103,0.010759414487676717,0.09719500876559761,0,1
0,0.0,0.125,0.015151515151515152,0.14032869785082175,13,103,0.1492555986488177,0.5754872641022999,1,0
0,0.1,0.125,0.0404040404040404,0.10240202275600505,13,5,0.05542349555861378,0.511189027534289,1,1
1,0.30000000000000004,0.125,0.4444444444444444,0.36788874841972186,13,115,0.02001751532591017,0.7804475611013717,2,3
0,0.0,0.125,0.020202020202020204,0.07711757269279393,13,5,0.07206305517327662,0.4550376405073735,1,1
4,0.0,0.125,0.0404040404040404,0.24146649810366622,13,5,0.12423370449143,0.6896978446942355,2,1
5,0.20000000000000004,0.125,0.05050505050505051,0.06447534766118837,17,135,0.030401601401226074,0.4206455604826236,0,2
3,0.1,0.125,0.09090909090909091,0.006321112515802781,17,5,0.0035030651820342797,0.09719500876559761,0,2
5,0.20000000000000004,0.125,0.1414141414141414,0.06447534766118837,17,141,0.011635180783185286,0.4206455604826236,0,3
0,0.1,0.125,0.04494949494949495,0.1150442477876106,17,5,0.05654948079569623,0.5347014540579562,1,2
3,0.1,0.125,0.0404040404040404,0.0037926675094816682,17,134,0.006630801951707743,0.0631638651129216,0,1
5,0.20000000000000004,0.125,0.055555555555555566,0.06447534766118837,17,5,0.02802452145627424,0.4206455604826236,0,2
0,0.1,0.125,0.03787878787878787,0.06447534766118837,17,135,0.03865882647316402,0.4206455604826236,0,1
3,0.1,0.125,0.03535353535353536,0.0012642225031605555,17,134,0.00613036406855999,0.02309992781272563,0,1
3,0.1,0.125,0.0404040404040404,0.0037926675094816682,17,134,0.006630801951707743,0.0631638651129216,0,1
5,0.20000000000000004,0.125,0.06060606060606061,0.08975979772439949,17,5,0.03490554234955586,0.48484067237289885,1,2
1,0.30000000000000004,0.25,0.06565656565656566,0.10240202275600505,17,141,0.036657074940573,0.511189027534289,1,2
5,0.30000000000000004,0.125,0.11111111111111112,0.10240202275600505,18,142,0.02264481421243588,0.511189027534289,1,3
5,0.1,0.125,0.0404040404040404,0.0518331226295828,18,142,0.030401601401226074,0.37996287511601534,0,1
5,0.30000000000000004,0.125,0.0404040404040404,0.008849557522123892,18,142,0.009132991367446516,0.1266886665979169,0,1
5,0.1,0.125,0.0404040404040404,0.0518331226295828,18,142,0.030401601401226074,0.37996287511601534,0,1
0,0.1,0.125,0.03535353535353536,0.10240202275600505,19,126,0.061678969097960716,0.511189027534289,1,1
0,0.20000000000000004,0.125,0.055555555555555566,0.19089759797724398,19,60,0.07606655823845865,0.6397855006703106,2,2
0,0.1,0.125,0.025252525252525252,0.0037926675094816682,19,64,0.009883648192168146,0.0631638651129216,0,1
0,0.0,0.125,0.02272727272727273,0.1529709228824273,19,5,0.12423370449143,0.5933793956893887,1,1
0,0.1,0.125,0.04696969696969697,0.20353982300884954,19,2,0.09320655573626922,0.6533463957925132,2,2
0,0.1,0.125,0.0303030303030303,0.08975979772439949,19,145,0.061678969097960716,0.48484067237289885,1,1
0,0.0,0.125,0.007575757575757576,0.08975979772439949,19,5,0.1421243588139622,0.48484067237289885,1,0
0,0.0,0.125,0.018181818181818184,0.14032869785082175,19,126,0.13311647691730266,0.5754872641022999,1,1
5,0.20000000000000004,0.125,0.0404040404040404,0.14032869785082175,19,5,0.07418991617665456,0.5754872641022999,1,1
3,0.1,0.125,0.0303030303030303,0.0012642225031605555,19,60,0.006881020893281621,0.02309992781272563,0,1
0,0.0,0.125,0.0303030303030303,0.08470290771175726,19,60,0.05855123232828725,0.4733938331442715,1,1
0,0.0,0.125,0.0101010101010101,0.0037926675094816682,19,74,0.017890654322532215,0.0631638651129216,0,0
3,0.1,0.125,0.03535353535353536,0.0037926675094816682,19,74,0.007506568247216314,0.0631638651129216,0,1
0,0.1,0.125,0.03787878787878787,0.1529709228824273,19,126,0.0846991117227574,0.5933793956893887,1,1
0,0.1,0.125,0.0404040404040404,0.1529709228824273,19,5,0.08044538971600149,0.5933793956893887,1,1
0,0.20000000000000004,0.125,0.09090909090909091,0.26675094816687733,19,126,0.06793444263730763,0.7110446529854595,2,2
0,0.20000000000000004,0.25,0.06565656565656566,0.22882427307206066,19,126,0.07831852871262354,0.6782510054656081,2,2
0,0.1,0.125,0.05050505050505051,0.19089759797724398,19,126,0.08257225071937944,0.6397855006703106,2,2
1,0.1,0.125,0.05050505050505051,0.26675094816687733,19,126,0.11384961841611409,0.7110446529854595,2,2
1,0.1,0.125,0.0303030303030303,0.16561314791403287,19,145,0.10859502064306267,0.6099309064659173,1,1
3,0.0,0.125,0.0303030303030303,0.0037926675094816682,19,144,0.008507444013511821,0.0631638651129216,0,1
3,0.1,0.125,0.03535353535353536,0.0037926675094816682,19,5,0.007506568247216314,0.0631638651129216,0,1
0,0.20000000000000004,0.125,0.09090909090909091,0.1150442477876106,19,5,0.030401601401226074,0.5347014540579562,1,2
1,0.20000000000000004,0.125,0.05050505050505051,0.16561314791403287,19,126,0.07206305517327662,0.6099309064659173,1,2
0,0.1,0.125,0.03535353535353536,0.20353982300884954,19,126,0.11722757412736143,0.6533463957925132,2,1
0,0.1,0.125,0.0303030303030303,0.17825537294563842,19,5,0.11647691730263982,0.625348045787357,2,1
0,0.0,0.125,0.020202020202020204,0.07711757269279393,19,147,0.07206305517327662,0.4550376405073735,1,1
5,0.20000000000000004,0.125,0.11616161616161617,0.19089759797724398,19,147,0.03915926435631178,0.6397855006703106,2,3
0,0.20000000000000004,0.125,0.11111111111111112,0.24146649810366622,19,126,0.05129488302264481,0.6896978446942355,2,3
0,0.1,0.125,0.0404040404040404,0.2793931731984829,19,145,0.1430001251094708,0.7209961843869239,2,1
5,0.1,0.125,0.0404040404040404,0.1529709228824273,19,126,0.08044538971600149,0.5933793956893887,1,1
4,0.0,0.125,0.007575757575757576,0.14032869785082175,19,126,0.21356186663330415,0.5754872641022999,1,0
0,0.20000000000000004,0.125,0.06565656565656566,0.2920353982300885,19,126,0.09921181033404228,0.7304836547385791,2,2
5,0.20000000000000004,0.125,0.1414141414141414,0.2920353982300885,19,60,0.04916802201926686,0.7304836547385791,2,3
4,0.1,0.125,0.0303030303030303,0.16561314791403287,19,144,0.10859502064306267,0.6099309064659173,1,1
0,0.1,0.125,0.0404040404040404,0.1529709228824273,19,60,0.08044538971600149,0.5933793956893887,1,1
5,0.4,0.25,0.1919191919191919,0.4437420986093552,19,74,0.05542349555861378,0.8212333711457154,3,3
0,0.1,0.125,0.03535353535353536,0.16308470290771174,19,126,0.09508319779807331,0.6067340414561206,1,1
5,0.30000000000000004,0.125,0.09090909090909091,0.2161820480404551,19,145,0.05542349555861378,0.6661338558317005,2,2
0,0.1,0.125,0.03333333333333334,0.10240202275600505,19,147,0.0645564869260603,0.511189027534289,1,1
0,0.1,0.125,0.0404040404040404,0.2920353982300885,19,60,0.1492555986488177,0.7304836547385791,2,1
0,0.1,0.125,0.0404040404040404,0.10240202275600505,19,126,0.05542349555861378,0.511189027534289,1,1
5,0.30000000000000004,0.125,0.08585858585858586,0.18331226295828065,19,147,0.04979356937320155,0.6312777147571416,2,2
0,0.0,0.125,0.015151515151515152,0.12010113780025283,19,126,0.12923808332290757,0.5434670516654636,1,0
4,0.0,0.125,0.1515151515151515,0.24146649810366622,19,144,0.038158388590016266,0.6896978446942355,2,3
0,0.1,0.125,0.0404040404040404,0.26675094816687733,19,5,0.13674465157012386,0.7110446529854595,2,1
0,0.1,0.25,0.0404040404040404,0.3173198482932996,19,74,0.16176654572751156,0.7484273486645356,2,1
0,0.1,0.125,0.0404040404040404,0.2920353982300885,19,74,0.1492555986488177,0.7304836547385791,2,1
5,0.20000000000000004,0.125,0.21717171717171715,0.24146649810366622,19,74,0.026898536219191794,0.6896978446942355,2,3
0,0.1,0.125,0.06565656565656566,0.2161820480404551,19,60,0.07418991617665456,0.6661338558317005,2,2
0,0.1,0.125,0.0404040404040404,0.19089759797724398,19,74,0.09921181033404228,0.6397855006703106,2,1
0,0.20000000000000004,0.125,0.0707070707070707,0.22882427307206066,19,126,0.07343925935193293,0.6782510054656081,2,2
0,0.1,0.125,0.0404040404040404,0.24146649810366622,19,74,0.12423370449143,0.6896978446942355,2,1
0,0.0,0.125,0.01616161616161616,0.10240202275600505,19,74,0.10734392593519329,0.511189027534289,1,1
0,0.0,0.125,0.02777777777777778,0.2161820480404551,19,74,0.1492555986488177,0.6661338558317005,2,1
0,0.1,0.125,0.0404040404040404,0.10240202275600505,19,145,0.05542349555861378,0.511189027534289,1,1
5,0.1,0.125,0.0404040404040404,0.12768647281921616,19,145,0.06793444263730763,0.5560482623491803,1,1
0,0.0,0.125,0.020202020202020204,0.17825537294563842,19,5,0.15551107218816465,0.625348045787357,2,1
3,0.0,0.125,0.02878787878787879,0.006321112515802781,19,74,0.010509195546102839,0.09719500876559761,0,1
3,0.1,0.125,0.04141414141414142,0.006321112515802781,19,5,0.00775678718879019,0.09719500876559761,0,2
3,0.1,0.125,0.03787878787878787,0.0037926675094816682,19,5,0.00700613036406856,0.0631638651129216,0,1
3,0.0,0.125,0.02878787878787879,0.006321112515802781,19,74,0.010509195546102839,0.09719500876559761,0,1
3,0.0,0.125,0.02575757575757576,0.0037926675094816682,19,5,0.009758538721381207,0.0631638651129216,0,1
3,0.1,0.125,0.02777777777777778,0.0037926675094816682,19,5,0.009132991367446516,0.0631638651129216,0,1
4,0.0,0.125,0.21717171717171715,0.49431099873577744,19,144,0.05467283873389216,0.8447973600082501,3,3
0,0.20000000000000004,0.125,0.025252525252525252,0.1150442477876106,19,126,0.08845239584636555,0.5347014540579562,1,1
0,0.1,0.125,0.012626262626262628,0.08975979772439949,19,5,0.11034655323407981,0.48484067237289885,1,0
0,0.0,0.125,0.020202020202020204,0.12768647281921616,19,145,0.11384961841611409,0.5560482623491803,1,1
0,0.20000000000000004,0.25,0.10101010101010101,0.1959544879898862,19,5,0.04579006630801952,0.6453026709291534,2,3
0,0.20000000000000004,0.25,0.10101010101010101,0.2161820480404551,19,126,0.050294007256349305,0.6661338558317005,2,3
5,0.30000000000000004,0.125,0.24242424242424243,0.5195954487989886,19,60,0.05167021143500563,0.8557285758482007,3,3
0,0.1,0.125,0.03535353535353536,0.17825537294563842,19,126,0.10334042287001124,0.625348045787357,2,1
1,0.0,0.125,0.09090909090909091,0.2161820480404551,19,60,0.05542349555861378,0.6661338558317005,2,2
0,0.1,0.125,0.0404040404040404,0.10240202275600505,19,126,0.05542349555861378,0.511189027534289,1,1
3,0.0,0.125,0.02777777777777778,0.0037926675094816682,19,5,0.009132991367446516,0.0631638651129216,0,1
0,0.1,0.125,0.0303030303030303,0.17825537294563842,19,5,0.11647691730263982,0.625348045787357,2,1
0,0.1,0.125,0.03787878787878787,0.10240202275600505,19,145,0.05842612285750031,0.511189027534289,1,1
0,0.1,0.125,0.0404040404040404,0.12768647281921616,19,60,0.06793444263730763,0.5560482623491803,1,1
4,0.0,0.125,0.16666666666666666,0.16561314791403287,19,5,0.024146127861879144,0.6099309064659173,1,3
0,0.0,0.125,0.021212121212121213,0.17825537294563842,19,126,0.1505066933566871,0.625348045787357,2,1
0,0.0,0.125,0.020202020202020204,0.14032869785082175,19,126,0.12423370449143,0.5754872641022999,1,1
3,0.1,0.125,0.0303030303030303,0.006321112515802781,19,74,0.010133867133742024,0.09719500876559761,0,1
4,0.0,0.125,0.09090909090909091,0.1150442477876106,19,2,0.030401601401226074,0.5347014540579562,1,2
0,0.0,0.125,0.017676767676767676,0.03919089759797724,19,157,0.04466408107093707,0.3302052181086934,0,1
0,0.0,0.125,0.0303030303030303,0.16561314791403287,19,126,0.10859502064306267,0.6099309064659173,1,1
0,0.1,0.125,0.039898989898989906,0.10240202275600505,19,147,0.056049042912548475,0.511189027534289,1,1
3,0.0,0.125,0.0303030303030303,0.0037926675094816682,19,144,0.008507444013511821,0.0631638651129216,0,1
3,0.1,0.25,0.05050505050505051,0.008849557522123892,19,144,0.007506568247216314,0.1266886665979169,0,2
3,0.0,0.125,0.0303030303030303,0.0037926675094816682,19,144,0.008507444013511821,0.0631638651129216,0,1
0,0.0,0.125,0.0303030303030303,0.17825537294563842,19,145,0.11647691730263982,0.625348045787357,2,1
3,0.0,0.125,0.0101010101010101,0.0037926675094816682,19,74,0.017890654322532215,0.0631638651129216,0,0
0,0.1,0.125,0.0404040404040404,0.30467762326169406,19,146,0.15551107218816465,0.7396617510570282,2,1
0,0.0,0.125,0.02777777777777778,0.07711757269279393,19,5,0.05755035656199174,0.4550376405073735,1,1
0,0.1,0.125,0.0404040404040404,0.2793931731984829,19,146,0.1430001251094708,0.7209961843869239,2,1
0,0.1,0.125,0.045454545454545456,0.08975979772439949,19,126,0.04466408107093707,0.48484067237289885,1,2
0,0.1,0.125,0.055555555555555566,0.12768647281921616,19,60,0.05204553984736645,0.5560482623491803,1,2
0,0.1,0.125,0.0303030303030303,0.17825537294563842,19,145,0.11647691730263982,0.625348045787357,2,1
0,0.1,0.125,0.055555555555555566,0.19089759797724398,19,126,0.07606655823845865,0.6397855006703106,2,2
3,0.1,0.125,0.045454545454545456,0.0037926675094816682,19,5,0.006005254597773052,0.0631638651129216,0,2
0,0.1,0.125,0.055555555555555566,0.1529709228824273,19,147,0.061678969097960716,0.5933793956893887,1,2
0,0.0,0.125,0.02828282828282828,0.16561314791403287,19,126,0.11435005629926186,0.6099309064659173,1,1
0,0.1,0.125,0.0404040404040404,0.30467762326169406,19,146,0.15551107218816465,0.7396617510570282,2,1
0,0.1,0.125,0.05050505050505051,0.26675094816687733,19,147,0.11384961841611409,0.7110446529854595,2,2
1,0.20000000000000004,0.125,0.025252525252525252,0.19089759797724398,19,144,0.1421243588139622,0.6397855006703106,2,1
5,0.1,0.125,0.05050505050505051,0.08975979772439949,19,126,0.040785687476541974,0.48484067237289885,1,2
0,0.20000000000000004,0.25,0.055555555555555566,0.3173198482932996,19,126,0.12423370449143,0.7484273486645356,2,2
1,0.1,0.125,0.03282828282828283,0.20353982300884954,19,126,0.12423370449143,0.6533463957925132,2,1
0,0.1,0.125,0.055555555555555566,0.17825537294563842,19,145,0.07131239834855498,0.625348045787357,2,2
0,0.20000000000000004,0.125,0.05303030303030304,0.2541087231352718,19,145,0.10421618916551982,0.7006290605341858,2,2
1,0.4,0.125,0.0707070707070707,0.2161820480404551,19,146,0.0694357562867509,0.6661338558317005,2,2
0,0.1,0.125,0.05050505050505051,0.26675094816687733,19,5,0.11384961841611409,0.7110446529854595,2,2
0,0.0,0.125,0.025252525252525252,0.17825537294563842,19,5,0.13311647691730266,0.625348045787357,2,1
0,0.20000000000000004,0.125,0.10101010101010101,0.14032869785082175,19,5,0.03327911922932566,0.5754872641022999,1,3
0,0.30000000000000004,0.125,0.12626262626262624,0.10240202275600505,19,89,0.02001751532591017,0.511189027534289,1,3
5,0.20000000000000004,0.375,0.09090909090909091,0.34260429835651074,19,74,0.08670086325534843,0.7649788594410643,2,2
0,0.1,0.125,0.0404040404040404,0.19089759797724398,19,126,0.09921181033404228,0.6397855006703106,2,1
0,0.0,0.125,0.0303030303030303,0.24146649810366622,19,144,0.15551107218816465,0.6896978446942355,2,1
0,0.1,0.125,0.03535353535353536,0.16561314791403287,19,126,0.09645940197672963,0.6099309064659173,1,1
0,0.1,0.125,0.018181818181818184,0.06447534766118837,19,146,0.0661829100462905,0.4206455604826236,0,1
0,0.0,0.125,0.025252525252525252,0.26953223767383055,19,74,0.19767296384336294,0.7132618335567702,2,1
0,0.1,0.125,0.03535353535353536,0.06447534766118837,19,5,0.040785687476541974,0.4206455604826236,0,1
0,0.1,0.125,0.05050505050505051,0.26675094816687733,19,146,0.11384961841611409,0.7110446529854595,2,2
0,0.0,0.125,0.025252525252525252,0.17825537294563842,19,146,0.13311647691730266,0.625348045787357,2,1
3,0.1,0.25,0.05050505050505051,0.02654867256637168,19,64,0.01476291755285875,0.26616479323502107,0,2
0,0.20000000000000004,0.125,0.07575757575757576,0.393173198482933,19,60,0.11685224571500062,0.7948850159843253,3,2
0,0.1,0.125,0.0404040404040404,0.19089759797724398,19,146,0.09921181033404228,0.6397855006703106,2,1
0,0.1,0.125,0.03282828282828283,0.10240202275600505,19,126,0.06530714375078192,0.511189027534289,1,1
0,0.20000000000000004,0.125,0.05050505050505051,0.2920353982300885,19,60,0.12423370449143,0.7304836547385791,2,2
0,0.0,0.125,0.025252525252525252,0.16561314791403287,19,145,0.12423370449143,0.6099309064659173,1,1
0,0.1,0.125,0.06060606060606061,0.12768647281921616,19,144,0.04829225572375829,0.5560482623491803,1,2
0,0.0,0.125,0.025252525252525252,0.1529709228824273,19,60,0.11535093206555734,0.5933793956893887,1,1
0,0.1,0.125,0.05050505050505051,0.30467762326169406,19,5,0.12948830226448144,0.7396617510570282,2,2
0,0.1,0.125,0.0404040404040404,0.10240202275600505,19,60,0.05542349555861378,0.511189027534289,1,1
0,0.20000000000000004,0.25,0.08080808080808081,0.2161820480404551,19,60,0.061678969097960716,0.6661338558317005,2,2
0,0.20000000000000004,0.25,0.06515151515151515,0.24146649810366622,19,126,0.0830726886025272,0.6896978446942355,2,2
3,0.1,0.25,0.05050505050505051,0.018963337547408345,19,60,0.011635180783185286,0.2165618232443025,0,2
0,0.0,0.125,0.0303030303030303,0.1529709228824273,19,60,0.10071312398348553,0.5933793956893887,1,1
5,0.20000000000000004,0.125,0.1414141414141414,0.2920353982300885,19,60,0.04916802201926686,0.7304836547385791,2,3
1,0.0,0.125,0.008585858585858586,0.0518331226295828,19,2,0.08369823595646189,0.37996287511601534,0,0
0,0.1,0.125,0.0404040404040404,0.26675094816687733,19,5,0.13674465157012386,0.7110446529854595,2,1
0,0.1,0.125,0.020202020202020204,0.19089759797724398,19,146,0.16589515826348056,0.6397855006703106,2,1
0,0.1,0.125,0.0404040404040404,0.2793931731984829,19,146,0.1430001251094708,0.7209961843869239,2,1
0,0.0,0.125,0.025252525252525252,0.17825537294563842,19,146,0.13311647691730266,0.625348045787357,2,1
0,0.1,0.125,0.03282828282828283,0.19089759797724398,19,60,0.11685224571500062,0.6397855006703106,2,1
0,0.1,0.125,0.03535353535353536,0.19089759797724398,19,5,0.11034655323407981,0.6397855006703106,2,1
0,0.0,0.125,0.020202020202020204,0.24146649810366622,19,60,0.20768172150631806,0.6896978446942355,2,1
0,0.0,0.125,0.015151515151515152,0.36788874841972186,19,2,0.37445264606530715,0.7804475611013717,2,0
0,0.1,0.125,0.0303030303030303,0.12768647281921616,19,126,0.08519954960590516,0.5560482623491803,1,1
3,0.0,0.125,0.0303030303030303,0.0518331226295828,19,147,0.038158388590016266,0.37996287511601534,0,1
0,0.1,0.125,0.0404040404040404,0.1150442477876106,19,144,0.061678969097960716,0.5347014540579562,1,1
0,0.20000000000000004,0.125,0.05303030303030304,0.19089759797724398,19,126,0.07919429500813212,0.6397855006703106,2,2
0,0.1,0.125,0.04696969696969697,0.26675094816687733,19,144,0.12085574878018265,0.7110446529854595,2,2
0,0.1,0.125,0.0404040404040404,0.07711757269279393,19,147,0.04291254847991993,0.4550376405073735,1,1
0,0.0,0.125,0.02777777777777778,0.10240202275600505,19,5,0.07418991617665456,0.511189027534289,1,1
0,0.0,0.125,0.0101010101010101,0.1529709228824273,19,60,0.2024271237332666,0.5933793956893887,1,0
3,0.0,0.125,0.0303030303030303,0.0037926675094816682,19,144,0.008507444013511821,0.0631638651129216,0,1
1,0.1,0.125,0.03282828282828283,0.14032869785082175,19,144,0.08745152008007005,0.5754872641022999,1,1
0,0.20000000000000004,0.125,0.0404040404040404,0.14032869785082175,19,60,0.07418991617665456,0.5754872641022999,1,1
0,0.20000000000000004,0.125,0.04797979797979798,0.19089759797724398,19,60,0.08620042537220067,0.6397855006703106,2,2
5,0.4,0.25,0.1919191919191919,0.3173198482932996,19,145,0.03978481171024646,0.7484273486645356,2,3
0,0.1,0.125,0.045454545454545456,0.19089759797724398,19,60,0.09007881896659575,0.6397855006703106,2,2
0,0.1,0.125,0.045454545454545456,0.16561314791403287,19,60,0.07869385712498436,0.6099309064659173,1,2
3,0.0,0.125,0.017676767676767676,0.008849557522123892,19,60,0.017265106968597524,0.1266886665979169,0,1
0,0.1,0.125,0.045454545454545456,0.16561314791403287,19,126,0.07869385712498436,0.6099309064659173,1,2
0,0.0,0.125,0.020202020202020204,0.06447534766118837,19,74,0.061678969097960716,0.4206455604826236,0,1
5,0.30000000000000004,0.125,0.03535353535353536,0.10240202275600505,19,146,0.061678969097960716,0.511189027534289,1,1
0,0.0,0.125,0.01616161616161616,0.16561314791403287,19,145,0.16752158138371076,0.6099309064659173,1,1
0,0.1,0.25,0.03535353535353536,0.14032869785082175,19,60,0.08257225071937944,0.5754872641022999,1,1
0,0.1,0.125,0.0303030303030303,0.24146649810366622,19,144,0.15551107218816465,0.6896978446942355,2,1
0,0.0,0.125,0.012626262626262628,0.07711757269279393,19,145,0.09645940197672963,0.4550376405073735,1,0
4,0.1,0.125,0.09090909090909091,0.14032869785082175,19,157,0.036657074940573,0.5754872641022999,1,2
0,0.20000000000000004,0.25,0.06565656565656566,0.16561314791403287,19,126,0.05755035656199174,0.6099309064659173,1,2
0,0.20000000000000004,0.25,0.06060606060606061,0.1731984829329962,19,126,0.06430626798448642,0.6193152521398373,2,2
5,0.4,0.125,0.06565656565656566,0.10240202275600505,19,147,0.036657074940573,0.511189027534289,1,2
0,0.20000000000000004,0.25,0.06565656565656566,0.19089759797724398,19,145,0.06580758163392968,0.6397855006703106,2,2
5,0.30000000000000004,0.125,0.05050505050505051,0.04930467762326169,19,157,0.024146127861879144,0.37083634113643416,0,2
0,0.30000000000000004,0.125,0.05050505050505051,0.06447534766118837,19,157,0.030401601401226074,0.4206455604826236,0,2
0,0.1,0.125,0.08080808080808081,0.14538558786346395,19,145,0.0421618916551983,0.5828091162215119,1,2
0,0.1,0.125,0.03535353535353536,0.10240202275600505,19,5,0.061678969097960716,0.511189027534289,1,1
0,0.1,0.125,0.06565656565656566,0.10240202275600505,19,145,0.036657074940573,0.511189027534289,1,2
5,0.20000000000000004,0.25,0.11616161616161617,0.2920353982300885,19,60,0.05917677968222194,0.7304836547385791,2,3
5,0.20000000000000004,0.25,0.055555555555555566,0.19089759797724398,19,126,0.07606655823845865,0.6397855006703106,2,2
0,0.20000000000000004,0.25,0.05050505050505051,0.22882427307206066,19,126,0.09821093456774677,0.6782510054656081,2,2
5,0.20000000000000004,0.25,0.09090909090909091,0.30467762326169406,19,126,0.07731765294632803,0.7396617510570282,2,2
0,0.20000000000000004,0.125,0.06565656565656566,0.19089759797724398,19,5,0.06580758163392968,0.6397855006703106,2,2
0,0.1,0.125,0.03535353535353536,0.1150442477876106,19,60,0.06868509946202926,0.5347014540579562,1,1
1,0.1,0.125,0.051515151515151514,0.17825537294563842,19,144,0.07606655823845865,0.625348045787357,2,2
0,0.20000000000000004,0.125,0.05050505050505051,0.24146649810366622,19,126,0.10334042287001124,0.6896978446942355,2,2
0,0.1,0.125,0.05050505050505051,0.2920353982300885,19,60,0.12423370449143,0.7304836547385791,2,2
3,0.0,0.125,0.0303030303030303,0.0037926675094816682,19,144,0.008507444013511821,0.0631638651129216,0,1
0,0.1,0.125,0.025252525252525252,0.0037926675094816682,19,64,0.009883648192168146,0.0631638651129216,0,1
0,0.30000000000000004,0.125,0.06060606060606061,0.2161820480404551,19,126,0.07956962342049292,0.6661338558317005,2,2
0,0.1,0.125,0.03535353535353536,0.24146649810366622,19,145,0.1381208557487802,0.6896978446942355,2,1
0,0.0,0.125,0.10101010101010101,0.19089759797724398,19,144,0.04466408107093707,0.6397855006703106,2,3
3,0.0,0.125,0.05050505050505051,0.0037926675094816682,19,144,0.005379707243838358,0.0631638651129216,0,2
0,0.0,0.125,0.0404040404040404,0.07711757269279393,19,60,0.04291254847991993,0.4550376405073735,1,1
4,0.0,0.125,0.08080808080808081,0.19089759797724398,19,60,0.05467283873389216,0.6397855006703106,2,2
0,0.1,0.25,0.06565656565656566,0.16814159292035397,19,144,0.058301013386713375,0.6131277714757144,2,2
0,0.0,0.125,0.02272727272727273,0.006321112515802781,19,64,0.012636056549480796,0.09719500876559761,0,1
0,0.1,0.125,0.025252525252525252,0.0037926675094816682,19,64,0.009883648192168146,0.0631638651129216,0,1
0,0.1,0.125,0.0404040404040404,0.08723135271807837,19,147,0.04791692731139747,0.4792203774363206,1,1
0,0.20000000000000004,0.125,0.03787878787878787,0.07711757269279393,19,89,0.045164518954084826,0.4550376405073735,1,1
5,0.1,0.125,0.05050505050505051,0.06447534766118837,19,73,0.030401601401226074,0.4206455604826236,0,2
3,0.1,0.25,0.05050505050505051,0.008849557522123892,19,144,0.007506568247216314,0.1266886665979169,0,2
0,0.1,0.125,0.025252525252525252,0.08470290771175726,19,5,0.06705867634179906,0.4733938331442715,1,1
0,0.1,0.125,0.0303030303030303,0.10240202275600505,19,147,0.0694357562867509,0.511189027534289,1,1
0,0.0,0.125,0.0303030303030303,0.10240202275600505,19,5,0.0694357562867509,0.511189027534289,1,1
0,0.1,0.125,0.05050505050505051,0.24146649810366622,19,5,0.10334042287001124,0.6896978446942355,2,2
0,0.0,0.125,0.015151515151515152,0.08217446270543616,19,126,0.09170524208682597,0.467464164174487,1,0
4,0.0,0.125,0.045454545454545456,0.2161820480404551,19,147,0.10146378080820717,0.6661338558317005,2,2
0,0.1,0.25,0.09090909090909091,0.4437420986093552,19,74,0.11172275741273613,0.8212333711457154,3,2
0,0.1,0.125,0.05050505050505051,0.1327433628318584,19,5,0.05855123232828725,0.5639888625348048,1,2
3,0.20000000000000004,0.125,0.051515151515151514,0.008849557522123892,19,145,0.007381458776429375,0.1266886665979169,0,2
0,0.1,0.125,0.0404040404040404,0.18331226295828065,19,145,0.09545852621043412,0.6312777147571416,2,1
0,0.20000000000000004,0.125,0.05050505050505051,0.14032869785082175,19,146,0.061678969097960716,0.5754872641022999,1,2
5,0.5000000000000001,0.5,0.494949494949495,0.5448798988621997,19,145,0.02664831727761792,0.8661441682994742,3,3
0,0.0,0.125,0.020202020202020204,0.2920353982300885,19,74,0.24934317527836858,0.7304836547385791,2,1
0,0.1,0.125,0.05050505050505051,0.17825537294563842,19,60,0.07731765294632803,0.625348045787357,2,2
0,0.1,0.125,0.05050505050505051,0.08723135271807837,19,144,0.03978481171024646,0.4792203774363206,1,2
0,0.1,0.125,0.0404040404040404,0.06447534766118837,19,5,0.036657074940573,0.4206455604826236,0,1
0,0.1,0.125,0.03787878787878787,0.10998735777496839,19,147,0.06230451645189541,0.525574920078375,1,1
4,0.0,0.125,0.0035353535353535356,0.07711757269279393,19,147,0.16126610784436382,0.4550376405073735,1,0
5,0.4,0.375,0.1414141414141414,0.34260429835651074,19,5,0.05755035656199174,0.7649788594410643,2,3
0,0.1,0.125,0.07575757575757576,0.1150442477876106,19,145,0.035906418115851366,0.5347014540579562,1,2
0,0.0,0.125,0.0101010101010101,0.03919089759797724,19,73,0.061678969097960716,0.3302052181086934,0,0
4,0.20000000000000004,0.125,0.2676767676767677,0.393173198482933,19,72,0.03553108970349055,0.7948850159843253,3,3
3,0.0,0.125,0.0303030303030303,0.0037926675094816682,19,144,0.008507444013511821,0.0631638651129216,0,1
0,0.20000000000000004,0.125,0.055555555555555566,0.2161820480404551,19,126,0.08569998748905291,0.6661338558317005,2,2
1,0.20000000000000004,0.125,0.03333333333333334,0.24146649810366622,19,144,0.144626548229701,0.6896978446942355,2,1
0,0.1,0.125,0.0404040404040404,0.20353982300884954,19,145,0.1054672838733892,0.6533463957925132,2,1
0,0.0,0.125,0.025252525252525252,0.006321112515802781,19,5,0.011635180783185286,0.09719500876559761,0,1
4,0.0,0.125,0.10101010101010101,0.17825537294563842,19,145,0.041786563242837485,0.625348045787357,2,3
0,0.1,0.125,0.0303030303030303,0.07711757269279393,19,5,0.05392218190917052,0.4550376405073735,1,1
5,0.30000000000000004,0.125,0.0404040404040404,0.06447534766118837,19,157,0.036657074940573,0.4206455604826236,0,1
0,0.30000000000000004,0.25,0.0707070707070707,0.20353982300884954,19,126,0.06555736269235579,0.6533463957925132,2,2
0,0.20000000000000004,0.125,0.03282828282828283,0.12768647281921616,19,126,0.08007006130364068,0.5560482623491803,1,1
2,0.20000000000000004,0.125,0.05050505050505051,0.02654867256637168,19,5,0.01476291755285875,0.26616479323502107,0,2
1,0.0,0.125,0.005050505050505052,0.07711757269279393,19,144,0.14512698611284874,0.4550376405073735,1,0
0,0.1,0.125,0.06565656565656566,0.17825537294563842,19,60,0.061678969097960716,0.625348045787357,2,2
3,0.1,0.125,0.03535353535353536,0.0012642225031605555,19,5,0.00613036406855999,0.02309992781272563,0,1
3,0.0,0.125,0.0303030303030303,0.0037926675094816682,19,144,0.008507444013511821,0.0631638651129216,0,1
0,0.1,0.125,0.02929292929292929,0.14032869785082175,19,144,0.09533341673964718,0.5754872641022999,1,1
3,0.0,0.125,0.0303030303030303,0.0037926675094816682,19,144,0.008507444013511821,0.0631638651129216,0,1
1,0.0,0.125,0.017676767676767676,0.1529709228824273,19,5,0.14700362817465282,0.5933793956893887,1,1
0,0.1,0.125,0.0404040404040404,0.14032869785082175,19,60,0.07418991617665456,0.5754872641022999,1,1
0,0.0,0.125,0.017676767676767676,0.10240202275600505,19,60,0.10146378080820717,0.511189027534289,1,1
0,0.20000000000000004,0.125,0.0303030303030303,0.06447534766118837,19,147,0.046040285249593395,0.4206455604826236,0,1
5,0.30000000000000004,0.25,0.10101010101010101,0.19089759797724398,19,145,0.04466408107093707,0.6397855006703106,2,3
0,0.0,0.125,0.0303030303030303,0.006321112515802781,19,60,0.010133867133742024,0.09719500876559761,0,1
0,0.0,0.125,0.020202020202020204,0.0037926675094816682,19,60,0.011635180783185286,0.0631638651129216,0,1
5,0.20000000000000004,0.125,0.1414141414141414,0.4437420986093552,19,74,0.07418991617665456,0.8212333711457154,3,3
0,0.1,0.125,0.0303030303030303,0.12768647281921616,19,126,0.08519954960590516,0.5560482623491803,1,1
0,0.0,0.125,0.02777777777777778,0.10240202275600505,19,60,0.07418991617665456,0.511189027534289,1,1
1,0.1,0.125,0.02777777777777778,0.17825537294563842,19,126,0.12423370449143,0.625348045787357,2,1
0,0.1,0.125,0.03535353535353536,0.1529709228824273,19,144,0.08945327161266106,0.5933793956893887,1,1
0,0.1,0.125,0.0404040404040404,0.17825537294563842,19,144,0.09295633679469535,0.625348045787357,2,1
1,0.1,0.125,0.03282828282828283,0.14032869785082175,19,60,0.08745152008007005,0.5754872641022999,1,1
0,0.20000000000000004,0.125,0.045454545454545456,0.2920353982300885,19,144,0.13561866633304143,0.7304836547385791,2,2
3,0.0,0.125,0.0101010101010101,0.0037926675094816682,19,74,0.017890654322532215,0.0631638651129216,0,0
0,0.1,0.125,0.0303030303030303,0.1529709228824273,19,5,0.10071312398348553,0.5933793956893887,1,1
5,0.30000000000000004,0.5,0.24242424242424243,0.4184576485461441,19,74,0.04166145377205054,0.8084459111065281,3,3
0,0.1,0.125,0.045454545454545456,0.26675094816687733,19,60,0.12423370449143,0.7110446529854595,2,2
0,0.1,0.125,0.0404040404040404,0.19089759797724398,19,126,0.09921181033404228,0.6397855006703106,2,1
0,0.0,0.125,0.017676767676767676,0.12010113780025283,19,74,0.11735268359814836,0.5434670516654636,1,1
4,0.0,0.125,0.007575757575757576,0.14032869785082175,19,126,0.21356186663330415,0.5754872641022999,1,0
0,0.0,0.125,0.025252525252525252,0.05941845764854614,19,148,0.04916802201926686,0.40522842116118407,0,1
0,0.0,0.125,0.020202020202020204,0.24146649810366622,19,60,0.20768172150631806,0.6896978446942355,2,1
0,0.20000000000000004,0.125,0.04797979797979798,0.24146649810366622,19,144,0.10796947328912797,0.6896978446942355,2,2
5,0.20000000000000004,0.125,0.11616161616161617,0.19089759797724398,19,147,0.03915926435631178,0.6397855006703106,2,3
0,0.20000000000000004,0.125,0.055555555555555566,0.20353982300884954,19,126,0.08094582759914924,0.6533463957925132,2,2
5,0.20000000000000004,0.25,0.09090909090909091,0.1529709228824273,19,145,0.03978481171024646,0.5933793956893887,1,2
0,0.20000000000000004,0.25,0.06565656565656566,0.16561314791403287,19,145,0.05755035656199174,0.6099309064659173,1,2
0,0.1,0.125,0.020202020202020204,0.16561314791403287,19,5,0.14512698611284874,0.6099309064659173,1,1
0,0.0,0.125,0.020202020202020204,0.1529709228824273,19,60,0.13461779056674592,0.5933793956893887,1,1
4,0.0,0.125,0.0303030303030303,0.05941845764854614,19,2,0.04291254847991993,0.40522842116118407,0,1
5,0.20000000000000004,0.25,0.08080808080808081,0.20353982300884954,19,60,0.05817590391592643,0.6533463957925132,2,2
5,0.20000000000000004,0.25,0.09090909090909091,0.2920353982300885,19,126,0.07418991617665456,0.7304836547385791,2,2
0,0.0,0.125,0.015151515151515152,0.03413400758533502,19,72,0.044163643187789314,0.3067443539238939,0,0
0,0.1,0.125,0.05050505050505051,0.24146649810366622,19,60,0.10334042287001124,0.6896978446942355,2,2
0,0.1,0.125,0.03282828282828283,0.13780025284450062,19,60,0.0859502064306268,0.5717232133649583,1,1
5,0.1,0.125,0.05050505050505051,0.17825537294563842,19,60,0.07731765294632803,0.625348045787357,2,2
0,0.20000000000000004,0.125,0.05808080808080808,0.24146649810366622,19,126,0.0918303515576129,0.6896978446942355,2,2
0,0.0,0.125,0.02272727272727273,0.16561314791403287,19,60,0.13386713374202427,0.6099309064659173,1,1
0,0.1,0.125,0.0404040404040404,0.14538558786346395,19,145,0.07669210559239334,0.5828091162215119,1,1
0,0.0,0.125,0.025252525252525252,0.006321112515802781,19,64,0.011635180783185286,0.09719500876559761,0,1
0,0.1,0.125,0.0404040404040404,0.1150442477876106,19,145,0.061678969097960716,0.5347014540579562,1,1
0,0.1,0.125,0.04797979797979798,0.20353982300884954,19,145,0.09158013261603902,0.6533463957925132,2,2
5,0.30000000000000004,0.125,0.24242424242424243,0.5195954487989886,19,60,0.05167021143500563,0.8557285758482007,3,3
0,0.0,0.125,0.02777777777777778,0.16561314791403287,19,126,0.11585136994870511,0.6099309064659173,1,1
0,0.1,0.125,0.045454545454545456,0.19089759797724398,19,60,0.09007881896659575,0.6397855006703106,2,2
0,0.1,0.125,0.055555555555555566,0.2161820480404551,19,126,0.08569998748905291,0.6661338558317005,2,2
0,0.0,0.125,0.017676767676767676,0.08975979772439949,19,60,0.09007881896659575,0.48484067237289885,1,1
0,0.1,0.125,0.04797979797979798,0.2161820480404551,19,126,0.09708494933066432,0.6661338558317005,2,2
0,0.30000000000000004,0.25,0.06313131313131314,0.2920353982300885,19,126,0.10271487551607655,0.7304836547385791,2,2
2,0.1,0.125,0.03535353535353536,0.07458912768647281,19,89,0.04641561366195421,0.448592348148912,1,1
0,0.1,0.125,0.0303030303030303,0.14032869785082175,19,146,0.09295633679469535,0.5754872641022999,1,1
0,0.1,0.125,0.05050505050505051,0.17825537294563842,19,74,0.07731765294632803,0.625348045787357,2,2
0,0.20000000000000004,0.125,0.05050505050505051,0.061946902654867256,19,72,0.029400725634930562,0.413065896669073,0,2
0,0.1,0.125,0.025252525252525252,0.1529709228824273,19,74,0.11535093206555734,0.5933793956893887,1,1
0,0.1,0.125,0.05050505050505051,0.20353982300884954,19,145,0.08770173902164392,0.6533463957925132,2,2
0,0.1,0.125,0.0404040404040404,0.20353982300884954,19,60,0.1054672838733892,0.6533463957925132,2,1
5,0.1,0.125,0.05050505050505051,0.06447534766118837,19,144,0.030401601401226074,0.4206455604826236,0,2
0,0.0,0.125,0.007070707070707071,0.10240202275600505,19,60,0.1647691730263981,0.511189027534289,1,0
0,0.30000000000000004,0.25,0.09090909090909091,0.19089759797724398,19,144,0.04916802201926686,0.6397855006703106,2,2
0,0.0,0.125,0.020202020202020204,0.12768647281921616,19,74,0.11384961841611409,0.5560482623491803,1,1
0,0.1,0.125,0.045454545454545456,0.14032869785082175,19,126,0.06730889528337294,0.5754872641022999,1,2
0,0.0,0.125,0.02272727272727273,0.12010113780025283,19,144,0.09921181033404228,0.5434670516654636,1,1
0,0.20000000000000004,0.25,0.06565656565656566,0.393173198482933,19,74,0.1326160390341549,0.7948850159843253,3,2
0,0.1,0.125,0.0404040404040404,0.14032869785082175,19,145,0.07418991617665456,0.5754872641022999,1,1
0,0.1,0.125,0.03282828282828283,0.16561314791403287,19,147,0.10221443763292881,0.6099309064659173,1,1
1,0.1,0.125,0.025252525252525252,0.1150442477876106,19,145,0.08845239584636555,0.5347014540579562,1,1
1,0.1,0.125,0.025252525252525252,0.19089759797724398,19,144,0.1421243588139622,0.6397855006703106,2,1
1,0.1,0.125,0.03282828282828283,0.20353982300884954,19,126,0.12423370449143,0.6533463957925132,2,1
0,0.1,0.125,0.0707070707070707,0.06953223767383059,19,89,0.024146127861879144,0.4350314530267094,1,2
4,0.0,0.125,0.011616161616161618,0.24146649810366622,19,5,0.29012886275491057,0.6896978446942355,2,0
0,0.1,0.125,0.0404040404040404,0.1150442477876106,19,145,0.061678969097960716,0.5347014540579562,1,1
0,0.20000000000000004,0.125,0.07575757575757576,0.19089759797724398,19,126,0.0580507944451395,0.6397855006703106,2,2
0,0.0,0.125,0.017676767676767676,0.19089759797724398,19,60,0.18115851369948707,0.6397855006703106,2,1
0,0.1,0.125,0.05050505050505051,0.16561314791403287,19,145,0.07206305517327662,0.6099309064659173,1,2
3,0.1,0.125,0.020202020202020204,0.0012642225031605555,19,74,0.00950831977980733,0.02309992781272563,0,1
0,0.1,0.125,0.0404040404040404,0.10240202275600505,19,5,0.05542349555861378,0.511189027534289,1,1
0,0.20000000000000004,0.125,0.05808080808080808,0.24146649810366622,19,126,0.0918303515576129,0.6896978446942355,2,2
0,0.0,0.125,0.015151515151515152,0.061946902654867256,19,145,0.0716877267609158,0.413065896669073,0,0
0,0.20000000000000004,0.125,0.06060606060606061,0.24146649810366622,19,126,0.08845239584636555,0.6896978446942355,2,2
5,0.20000000000000004,0.125,0.09090909090909091,0.19089759797724398,19,146,0.04916802201926686,0.6397855006703106,2,2
0,0.20000000000000004,0.25,0.09090909090909091,0.24146649810366622,19,74,0.061678969097960716,0.6896978446942355,2,2
0,0.1,0.125,0.015151515151515152,0.06447534766118837,19,60,0.07418991617665456,0.4206455604826236,0,0
0,0.1,0.25,0.0404040404040404,0.2920353982300885,19,74,0.1492555986488177,0.7304836547385791,2,1
4,0.0,0.25,0.1414141414141414,0.24146649810366622,19,2,0.040785687476541974,0.6896978446942355,2,3
5,0.20000000000000004,0.375,0.19696969696969696,0.8735777496839443,19,2,0.10596772175653695,0.9700938434567394,3,3
0,0.1,0.25,0.06565656565656566,0.36788874841972186,19,145,0.12423370449143,0.7804475611013717,2,2
0,0.1,0.125,0.055555555555555566,0.20353982300884954,19,145,0.08094582759914924,0.6533463957925132,2,2
0,0.20000000000000004,0.125,0.09090909090909091,0.26675094816687733,19,126,0.06793444263730763,0.7110446529854595,2,2
5,0.20000000000000004,0.375,0.09090909090909091,0.4184576485461441,19,74,0.1054672838733892,0.8084459111065281,3,2
0,0.1,0.125,0.0404040404040404,0.1529709228824273,19,74,0.08044538971600149,0.5933793956893887,1,1
0,0.1,0.125,0.04797979797979798,0.16561314791403287,19,126,0.07531590141373701,0.6099309064659173,1,2
0,0.1,0.125,0.06060606060606061,0.14032869785082175,19,60,0.052796196672088076,0.5754872641022999,1,2
0,0.1,0.125,0.07575757575757576,0.1150442477876106,19,145,0.035906418115851366,0.5347014540579562,1,2
0,0.1,0.125,0.045454545454545456,0.14032869785082175,19,60,0.06730889528337294,0.5754872641022999,1,2
0,0.1,0.25,0.0404040404040404,0.20353982300884954,19,60,0.1054672838733892,0.6533463957925132,2,1
5,0.1,0.125,0.05050505050505051,0.14032869785082175,19,144,0.061678969097960716,0.5754872641022999,1,2
0,0.0,0.125,0.015151515151515152,0.07711757269279393,19,5,0.08670086325534843,0.4550376405073735,1,0
4,0.0,0.125,0.0010101010101010114,0.08975979772439949,19,146,0.22657325159514574,0.48484067237289885,1,0
1,0.0,0.125,0.06565656565656566,0.2161820480404551,19,144,0.07418991617665456,0.6661338558317005,2,2
0,0.0,0.125,0.015151515151515152,0.04930467762326169,19,5,0.05917677968222194,0.37083634113643416,0,0
0,0.1,0.125,0.0404040404040404,0.2161820480404551,19,144,0.11172275741273613,0.6661338558317005,2,1
0,0.1,0.125,0.045454545454545456,0.15802781289506954,19,126,0.07531590141373701,0.6001340620810562,1,2
0,0.20000000000000004,0.125,0.11111111111111112,0.24146649810366622,19,126,0.05129488302264481,0.6896978446942355,2,3
0,0.1,0.25,0.0404040404040404,0.2920353982300885,19,74,0.1492555986488177,0.7304836547385791,2,1
0,0.1,0.125,0.0303030303030303,0.14032869785082175,19,60,0.09295633679469535,0.5754872641022999,1,1
5,0.20000000000000004,0.25,0.11616161616161617,0.4437420986093552,19,74,0.08920305267108719,0.8212333711457154,3,3
0,0.20000000000000004,0.25,0.06565656565656566,0.16561314791403287,19,60,0.05755035656199174,0.6099309064659173,1,2
0,0.0,0.125,0.031818181818181815,0.12768647281921616,19,126,0.08207181283623169,0.5560482623491803,1,1
0,0.1,0.125,0.03535353535353536,0.10240202275600505,19,5,0.061678969097960716,0.511189027534289,1,1
0,0.1,0.125,0.0303030303030303,0.19089759797724398,19,5,0.12423370449143,0.6397855006703106,2,1
0,0.1,0.125,0.0404040404040404,0.12768647281921616,19,144,0.06793444263730763,0.5560482623491803,1,1
0,0.1,0.125,0.03535353535353536,0.19089759797724398,19,126,0.11034655323407981,0.6397855006703106,2,1
0,0.1,0.125,0.0404040404040404,0.24146649810366622,19,60,0.12423370449143,0.6896978446942355,2,1
0,0.0,0.125,0.0404040404040404,0.07711757269279393,19,2,0.04291254847991993,0.4550376405073735,1,1
0,0.0,0.125,0.015151515151515152,0.06447534766118837,19,145,0.07418991617665456,0.4206455604826236,0,0
0,0.20000000000000004,0.125,0.055555555555555566,0.20353982300884954,19,126,0.08094582759914924,0.6533463957925132,2,2
0,0.1,0.125,0.0404040404040404,0.34260429835651074,19,145,0.17427749280620544,0.7649788594410643,2,1
0,0.20000000000000004,0.125,0.06313131313131314,0.16561314791403287,19,145,0.05955210809458276,0.6099309064659173,1,2
0,0.1,0.25,0.05050505050505051,0.3173198482932996,19,74,0.13461779056674592,0.7484273486645356,2,2
0,0.1,0.125,0.03787878787878787,0.14032869785082175,19,144,0.0781934192418366,0.5754872641022999,1,1
0,0.1,0.125,0.03787878787878787,0.10998735777496839,19,147,0.06230451645189541,0.525574920078375,1,1
0,0.0,0.125,0.015151515151515152,0.36788874841972186,19,2,0.37445264606530715,0.7804475611013717,2,0
0,0.20000000000000004,0.125,0.04797979797979798,0.19089759797724398,19,60,0.08620042537220067,0.6397855006703106,2,2
5,0.4,0.375,0.1919191919191919,0.36788874841972186,19,2,0.046040285249593395,0.7804475611013717,2,3
1,0.20000000000000004,0.125,0.05050505050505051,0.02654867256637168,19,126,0.01476291755285875,0.26616479323502107,0,2
4,0.0,0.125,0.24242424242424243,0.36788874841972186,19,148,0.036657074940573,0.7804475611013717,2,3
0,0.20000000000000004,0.25,0.06565656565656566,0.26675094816687733,19,60,0.0908294757913174,0.7110446529854595,2,2
0,0.1,0.125,0.0303030303030303,0.12768647281921616,19,126,0.08519954960590516,0.5560482623491803,1,1
0,0.0,0.125,0.020202020202020204,0.12768647281921616,19,74,0.11384961841611409,0.5560482623491803,1,1
0,0.1,0.125,0.06565656565656566,0.17825537294563842,19,60,0.061678969097960716,0.625348045787357,2,2
0,0.1,0.25,0.06060606060606061,0.2161820480404551,19,60,0.07956962342049292,0.6661338558317005,2,2
0,0.20000000000000004,0.25,0.05050505050505051,0.20353982300884954,19,5,0.08770173902164392,0.6533463957925132,2,2
0,0.20000000000000004,0.25,0.055555555555555566,0.24146649810366622,19,126,0.09533341673964718,0.6896978446942355,2,2
0,0.1,0.125,0.02777777777777778,0.24146649810366622,19,74,0.16589515826348056,0.6896978446942355,2,1
0,0.0,0.125,0.002525252525252526,0.0518331226295828,19,5,0.12423370449143,0.37996287511601534,0,0
0,0.1,0.125,0.0404040404040404,0.17825537294563842,19,5,0.09295633679469535,0.625348045787357,2,1
0,0.0,0.125,0.020202020202020204,0.16561314791403287,19,64,0.14512698611284874,0.6099309064659173,1,1
0,0.0,0.125,0.0101010101010101,0.08975979772439949,19,144,0.12423370449143,0.48484067237289885,1,0
0,0.1,0.125,0.0404040404040404,0.20353982300884954,19,145,0.1054672838733892,0.6533463957925132,2,1
1,0.20000000000000004,0.125,0.06313131313131314,0.3173198482932996,19,144,0.11134742900037532,0.7484273486645356,2,2
0,0.1,0.125,0.10606060606060606,0.4437420986093552,19,145,0.09708494933066432,0.8212333711457154,3,3
5,0.1,0.125,0.09090909090909091,0.4437420986093552,19,60,0.11172275741273613,0.8212333711457154,3,2
5,0.30000000000000004,0.125,0.09090909090909091,0.24146649810366622,19,145,0.061678969097960716,0.6896978446942355,2,2
3,0.0,0.125,0.02878787878787879,0.0037926675094816682,19,74,0.008882772425872638,0.0631638651129216,0,1
3,0.1,0.125,0.02878787878787879,0.006321112515802781,19,5,0.010509195546102839,0.09719500876559761,0,1
0,0.0,0.125,0.03535353535353536,0.12768647281921616,19,60,0.07556612035531089,0.5560482623491803,1,1
0,0.1,0.125,0.045454545454545456,0.2161820480404551,19,60,0.10146378080820717,0.6661338558317005,2,2
0,0.20000000000000004,0.125,0.09090909090909091,0.26675094816687733,19,145,0.06793444263730763,0.7110446529854595,2,2
0,0.0,0.125,0.017676767676767676,0.16561314791403287,19,126,0.15838859001626424,0.6099309064659173,1,1
0,0.1,0.125,0.05050505050505051,0.30467762326169406,19,144,0.12948830226448144,0.7396617510570282,2,2
0,0.20000000000000004,0.125,0.03535353535353536,0.1529709228824273,19,126,0.08945327161266106,0.5933793956893887,1,1
0,0.1,0.125,0.03787878787878787,0.12768647281921616,19,2,0.07156261729012886,0.5560482623491803,1,1
0,0.1,0.125,0.05050505050505051,0.14032869785082175,19,126,0.061678969097960716,0.5754872641022999,1,2
3,0.1,0.125,0.0303030303030303,0.0037926675094816682,19,5,0.008507444013511821,0.0631638651129216,0,1
0,0.0,0.125,0.015151515151515152,0.19089759797724398,19,64,0.19929938696359314,0.6397855006703106,2,0
4,0.0,0.125,0.09090909090909091,0.24146649810366622,19,145,0.061678969097960716,0.6896978446942355,2,2
0,0.0,0.125,0.011111111111111113,0.26675094816687733,19,2,0.3267859376954836,0.7110446529854595,2,0
0,0.20000000000000004,0.25,0.09090909090909091,0.2161820480404551,19,126,0.05542349555861378,0.6661338558317005,2,2
5,0.30000000000000004,0.125,0.24242424242424243,0.5195954487989886,19,60,0.05167021143500563,0.8557285758482007,3,3
0,0.20000000000000004,0.125,0.06464646464646465,0.2920353982300885,19,126,0.1005880145126986,0.7304836547385791,2,2
0,0.1,0.125,0.05050505050505051,0.22882427307206066,19,60,0.09821093456774677,0.6782510054656081,2,2
0,0.1,0.125,0.04797979797979798,0.19089759797724398,19,60,0.08620042537220067,0.6397855006703106,2,2
0,0.1,0.125,0.04797979797979798,0.16561314791403287,19,126,0.07531590141373701,0.6099309064659173,1,2
0,0.20000000000000004,0.125,0.04797979797979798,0.24146649810366622,19,144,0.10796947328912797,0.6896978446942355,2,2
4,0.0,0.125,0.24242424242424243,0.36788874841972186,19,148,0.036657074940573,0.7804475611013717,2,3
5,0.1,0.125,0.1414141414141414,0.6207332490518331,19,144,0.10334042287001124,0.8947612663710427,3,3
5,0.20000000000000004,0.125,0.055555555555555566,0.08975979772439949,19,147,0.03765795070686851,0.48484067237289885,1,2
0,0.1,0.125,0.055555555555555566,0.24146649810366622,19,126,0.09533341673964718,0.6896978446942355,2,2
0,0.0,0.125,0.017676767676767676,0.1150442477876106,19,60,0.11284874264981858,0.5347014540579562,1,1
0,0.0,0.125,0.017676767676767676,0.08975979772439949,19,60,0.09007881896659575,0.48484067237289885,1,1
5,0.20000000000000004,0.125,0.09090909090909091,0.2161820480404551,19,126,0.05542349555861378,0.6661338558317005,2,2
5,0.20000000000000004,0.125,0.11616161616161617,0.2920353982300885,19,60,0.05917677968222194,0.7304836547385791,2,3
5,0.1,0.125,0.0404040404040404,0.06953223767383059,19,89,0.03915926435631178,0.4350314530267094,1,1
0,0.30000000000000004,0.25,0.1292929292929293,0.5701643489254108,19,144,0.10334042287001124,0.8760956997009386,3,3
5,0.20000000000000004,0.125,0.11616161616161617,0.2920353982300885,19,145,0.05917677968222194,0.7304836547385791,2,3
0,0.0,0.125,0.025252525252525252,0.1529709228824273,19,60,0.11535093206555734,0.5933793956893887,1,1
0,0.20000000000000004,0.125,0.0404040404040404,0.12768647281921616,19,60,0.06793444263730763,0.5560482623491803,1,1
5,0.20000000000000004,0.125,0.08080808080808081,0.12768647281921616,19,60,0.03740773176529463,0.5560482623491803,1,2
0,0.1,0.125,0.025252525252525252,0.018963337547408345,19,5,0.020517953209057926,0.2165618232443025,0,1
0,0.0,0.125,0.011111111111111113,0.26675094816687733,19,2,0.3267859376954836,0.7110446529854595,2,0
5,0.1,0.125,0.0404040404040404,0.08975979772439949,19,126,0.04916802201926686,0.48484067237289885,1,1
1,0.0,0.125,0.0,0.14032869785082175,19,5,0.37445264606530715,0.5754872641022999,1,0
0,0.1,0.125,0.0404040404040404,0.20353982300884954,19,145,0.1054672838733892,0.6533463957925132,2,1
0,0.0,0.125,0.021212121212121213,0.17825537294563842,19,126,0.1505066933566871,0.625348045787357,2,1
0,0.1,0.125,0.020202020202020204,0.08975979772439949,19,144,0.08257225071937944,0.48484067237289885,1,1
3,0.0,0.125,0.02777777777777778,0.03919089759797724,19,73,0.032528462404604025,0.3302052181086934,0,1
0,0.1,0.125,0.06565656565656566,0.26675094816687733,19,60,0.0908294757913174,0.7110446529854595,2,2
0,0.1,0.125,0.025252525252525252,0.05941845764854614,19,147,0.04916802201926686,0.40522842116118407,0,1
0,0.20000000000000004,0.25,0.06565656565656566,0.26675094816687733,19,126,0.0908294757913174,0.7110446529854595,2,2
0,0.20000000000000004,0.125,0.0404040404040404,0.19089759797724398,19,144,0.09921181033404228,0.6397855006703106,2,1
0,0.30000000000000004,0.125,0.04797979797979798,0.14791403286978508,19,126,0.06768422369573376,0.5863669176033826,1,2
0,0.20000000000000004,0.125,0.07575757575757576,0.19089759797724398,19,5,0.0580507944451395,0.6397855006703106,2,2
0,0.1,0.125,0.04797979797979798,0.2161820480404551,19,126,0.09708494933066432,0.6661338558317005,2,2
0,0.1,0.125,0.0404040404040404,0.17825537294563842,19,126,0.09295633679469535,0.625348045787357,2,1
1,0.1,0.125,0.09090909090909091,0.19089759797724398,19,60,0.04916802201926686,0.6397855006703106,2,2
1,0.0,0.125,0.0303030303030303,0.1529709228824273,19,126,0.10071312398348553,0.5933793956893887,1,1
0,0.1,0.125,0.03535353535353536,0.08723135271807837,19,147,0.05329663455523583,0.4792203774363206,1,1
0,0.1,0.125,0.0404040404040404,0.34260429835651074,19,145,0.17427749280620544,0.7649788594410643,2,1
0,0.20000000000000004,0.25,0.0707070707070707,0.36788874841972186,19,145,0.11647691730263982,0.7804475611013717,2,2
0,0.1,0.125,0.06565656565656566,0.36788874841972186,19,74,0.12423370449143,0.7804475611013717,2,2
0,0.1,0.25,0.05050505050505051,0.2161820480404551,19,60,0.09295633679469535,0.6661338558317005,2,2
0,0.1,0.125,0.04797979797979798,0.20353982300884954,19,145,0.09158013261603902,0.6533463957925132,2,2
0,0.1,0.125,0.06565656565656566,0.17825537294563842,19,60,0.061678969097960716,0.625348045787357,2,2
1,0.1,0.125,0.025252525252525252,0.1150442477876106,19,145,0.08845239584636555,0.5347014540579562,1,1
1,0.1,0.125,0.05050505050505051,0.1150442477876106,19,126,0.05129488302264481,0.5347014540579562,1,2
0,0.0,0.125,0.02272727272727273,0.20353982300884954,19,60,0.16276742149380707,0.6533463957925132,2,1
0,0.0,0.125,0.02777777777777778,0.2161820480404551,19,74,0.1492555986488177,0.6661338558317005,2,1
0,0.0,0.125,0.0060606060606060615,0.1150442477876106,19,144,0.19454522707368946,0.5347014540579562,1,0
0,0.20000000000000004,0.125,0.0404040404040404,0.12768647281921616,19,145,0.06793444263730763,0.5560482623491803,1,1
5,0.20000000000000004,0.25,0.09090909090909091,0.22882427307206066,19,74,0.05855123232828725,0.6782510054656081,2,2
0,0.1,0.25,0.05050505050505051,0.4437420986093552,19,145,0.1867884398848993,0.8212333711457154,3,2
4,0.0,0.125,0.12121212121212123,0.9999999999999999,19,60,0.19154259977480295,1.0000000000000002,3,3
0,0.1,0.125,0.0404040404040404,0.14032869785082175,19,64,0.07418991617665456,0.5754872641022999,1,1
0,0.20000000000000004,0.25,0.06060606060606061,0.26675094816687733,19,74,0.09746027774302514,0.7110446529854595,2,2
0,0.1,0.125,0.045454545454545456,0.1529709228824273,19,60,0.07306393093957211,0.5933793956893887,1,2
4,0.0,0.125,0.3939393939393939,0.49431099873577744,19,157,0.030401601401226074,0.8447973600082501,3,3
0,0.0,0.125,0.0035353535353535356,0.07711757269279393,19,74,0.16126610784436382,0.4550376405073735,1,0
0,0.20000000000000004,0.25,0.0707070707070707,0.3173198482932996,19,126,0.10071312398348553,0.7484273486645356,2,2
0,0.1,0.125,0.0404040404040404,0.10240202275600505,19,144,0.05542349555861378,0.511189027534289,1,1
0,0.1,0.125,0.0404040404040404,0.20353982300884954,19,145,0.1054672838733892,0.6533463957925132,2,1
0,0.1,0.125,0.0303030303030303,0.1150442477876106,19,145,0.07731765294632803,0.5347014540579562,1,1
0,0.20000000000000004,0.125,0.05303030303030304,0.2541087231352718,19,145,0.10421618916551982,0.7006290605341858,2,2
3,0.1,0.125,0.0303030303030303,0.0,19,60,0.00613036406855999,0.0,0,1
1,0.1,0.125,0.020202020202020204,0.12768647281921616,19,60,0.11384961841611409,0.5560482623491803,1,1
0,0.20000000000000004,0.125,0.05303030303030304,0.19089759797724398,19,126,0.07919429500813212,0.6397855006703106,2,2
0,0.1,0.125,0.0404040404040404,0.14032869785082175,19,60,0.07418991617665456,0.5754872641022999,1,1
0,0.0,0.125,0.0303030303030303,0.1150442477876106,19,74,0.07731765294632803,0.5347014540579562,1,1
4,0.0,0.125,0.0101010101010101,0.19089759797724398,19,146,0.24934317527836858,0.6397855006703106,2,0
2,0.1,0.125,0.03282828282828283,0.02654867256637168,19,5,0.02114350056299262,0.26616479323502107,0,1
5,0.30000000000000004,0.125,0.494949494949495,0.8735777496839443,19,60,0.04291254847991993,0.9700938434567394,3,3
0,0.20000000000000004,0.125,0.05050505050505051,0.14538558786346395,19,126,0.06380583010133867,0.5828091162215119,1,2
5,0.30000000000000004,0.125,0.06565656565656566,0.10240202275600505,19,147,0.036657074940573,0.511189027534289,1,2
4,0.1,0.125,0.595959595959596,0.03413400758533502,19,157,0.0010008757662955084,0.3067443539238939,0,3
0,0.30000000000000004,0.125,0.0404040404040404,0.04930467762326169,19,157,0.029150506693356684,0.37083634113643416,0,1
5,0.30000000000000004,0.125,0.0404040404040404,0.06447534766118837,19,157,0.036657074940573,0.4206455604826236,0,1
5,0.20000000000000004,0.25,0.09090909090909091,0.2920353982300885,19,126,0.07418991617665456,0.7304836547385791,2,2
0,0.30000000000000004,0.125,0.07323232323232323,0.4437420986093552,19,144,0.13561866633304143,0.8212333711457154,3,2
0,0.20000000000000004,0.125,0.04797979797979798,0.24146649810366622,19,144,0.10796947328912797,0.6896978446942355,2,2
0,0.1,0.125,0.0404040404040404,0.16561314791403287,19,126,0.08670086325534843,0.6099309064659173,1,1
0,0.1,0.125,0.10606060606060606,0.4437420986093552,19,144,0.09708494933066432,0.8212333711457154,3,3
0,0.1,0.125,0.045454545454545456,0.12768647281921616,19,60,0.061678969097960716,0.5560482623491803,1,2
4,0.5000000000000001,0.25,0.7515151515151516,0.6839443742098609,19,138,0.02189415738771425,0.9161080746622667,3,3
0,0.1,0.125,0.03787878787878787,0.1529709228824273,19,126,0.0846991117227574,0.5933793956893887,1,1
0,0.20000000000000004,0.125,0.05050505050505051,0.2161820480404551,19,126,0.09295633679469535,0.6661338558317005,2,2
0,0.20000000000000004,0.125,0.045454545454545456,0.2541087231352718,19,145,0.11860377830601776,0.7006290605341858,2,2
0,0.20000000000000004,0.125,0.02777777777777778,0.06953223767383059,19,5,0.05254597773051419,0.4350314530267094,1,1
2,0.0,0.125,0.002525252525252526,0.02654867256637168,19,74,0.07418991617665456,0.26616479323502107,0,0
0,0.1,0.125,0.0404040404040404,0.1529709228824273,19,126,0.08044538971600149,0.5933793956893887,1,1
0,0.1,0.125,0.045454545454545456,0.26675094816687733,19,74,0.12423370449143,0.7110446529854595,2,2
0,0.1,0.125,0.0404040404040404,0.1529709228824273,19,144,0.08044538971600149,0.5933793956893887,1,1
0,0.1,0.125,0.0303030303030303,0.1150442477876106,19,126,0.07731765294632803,0.5347014540579562,1,1
0,0.1,0.25,0.06565656565656566,0.19089759797724398,19,74,0.06580758163392968,0.6397855006703106,2,2
0,0.1,0.125,0.0404040404040404,0.24146649810366622,19,126,0.12423370449143,0.6896978446942355,2,1
0,0.20000000000000004,0.125,0.055555555555555566,0.20353982300884954,19,126,0.08094582759914924,0.6533463957925132,2,2
1,0.1,0.125,0.0303030303030303,0.1150442477876106,19,60,0.07731765294632803,0.5347014540579562,1,1
0,0.0,0.125,0.0303030303030303,0.05941845764854614,19,60,0.04291254847991993,0.40522842116118407,0,1
0,0.1,0.125,0.025252525252525252,0.14032869785082175,19,144,0.10634305016889778,0.5754872641022999,1,1
0,0.0,0.125,0.0101010101010101,0.1529709228824273,19,144,0.2024271237332666,0.5933793956893887,1,0
0,0.1,0.125,0.0404040404040404,0.20353982300884954,19,145,0.1054672838733892,0.6533463957925132,2,1
4,0.0,0.125,0.595959595959596,0.49431099873577744,19,72,0.02001751532591017,0.8447973600082501,3,3
0,0.0,0.125,0.02777777777777778,0.19089759797724398,19,60,0.1326160390341549,0.6397855006703106,2,1
0,0.1,0.125,0.04797979797979798,0.20353982300884954,19,145,0.09158013261603902,0.6533463957925132,2,2
0,0.0,0.125,0.011111111111111113,0.0518331226295828,19,5,0.07356436882271987,0.37996287511601534,0,0
0,0.0,0.125,0.020202020202020204,0.20353982300884954,19,60,0.1764043538095834,0.6533463957925132,2,1
0,0.1,0.125,0.03787878787878787,0.19089759797724398,19,60,0.10446640810709369,0.6397855006703106,2,1
4,0.0,0.125,0.1414141414141414,0.24146649810366622,19,157,0.040785687476541974,0.6896978446942355,2,3
5,0.20000000000000004,0.125,0.09090909090909091,0.30467762326169406,19,60,0.07731765294632803,0.7396617510570282,2,2
4,0.0,0.125,0.005050505050505052,0.0518331226295828,19,126,0.10334042287001124,0.37996287511601534,0,0
4,0.0,0.125,0.24242424242424243,0.4437420986093552,19,126,0.044163643187789314,0.8212333711457154,3,3
1,0.1,0.125,0.0303030303030303,0.16561314791403287,19,145,0.10859502064306267,0.6099309064659173,1,1
0,0.1,0.125,0.03484848484848485,0.14032869785082175,19,144,0.08344801701488802,0.5754872641022999,1,1
1,0.1,0.125,0.03282828282828283,0.20353982300884954,19,126,0.12423370449143,0.6533463957925132,2,1
0,0.1,0.125,0.045454545454545456,0.19089759797724398,19,60,0.09007881896659575,0.6397855006703106,2,2
0,0.20000000000000004,0.125,0.05050505050505051,0.24146649810366622,19,60,0.10334042287001124,0.6896978446942355,2,2
0,0.0,0.125,0.025252525252525252,0.12768647281921616,19,145,0.09746027774302514,0.5560482623491803,1,1
0,0.1,0.125,0.03282828282828283,0.19089759797724398,19,60,0.11685224571500062,0.6397855006703106,2,1
0,0.1,0.125,0.06060606060606061,0.07711757269279393,19,145,0.030401601401226074,0.4550376405073735,1,2
0,0.0,0.125,0.020202020202020204,0.14032869785082175,19,144,0.12423370449143,0.5754872641022999,1,1
1,0.20000000000000004,0.125,0.025252525252525252,0.19089759797724398,19,144,0.1421243588139622,0.6397855006703106,2,1
1,0.20000000000000004,0.125,0.0303030303030303,0.24146649810366622,19,126,0.15551107218816465,0.6896978446942355,2,1
0,0.1,0.125,0.10606060606060606,0.4437420986093552,19,145,0.09708494933066432,0.8212333711457154,3,3
0,0.1,0.125,0.045454545454545456,0.26675094816687733,19,60,0.12423370449143,0.7110446529854595,2,2
0,0.20000000000000004,0.25,0.05303030303030304,0.19089759797724398,19,126,0.07919429500813212,0.6397855006703106,2,2
0,0.0,0.125,0.020202020202020204,0.006321112515802781,19,145,0.01376204178656324,0.09719500876559761,0,1
0,0.1,0.125,0.03535353535353536,0.2161820480404551,19,74,0.12423370449143,0.6661338558317005,2,1
0,0.20000000000000004,0.125,0.0707070707070707,0.2541087231352718,19,145,0.08119604654072311,0.7006290605341858,2,2
0,0.1,0.125,0.06565656565656566,0.17825537294563842,19,60,0.061678969097960716,0.625348045787357,2,2
1,0.1,0.125,0.03686868686868687,0.7471554993678887,19,144,0.40272738646315526,0.9355986387542541,3,1
0,0.1,0.125,0.0404040404040404,0.34260429835651074,19,145,0.17427749280620544,0.7649788594410643,2,1
0,0.20000000000000004,0.125,0.05050505050505051,0.34260429835651074,19,60,0.14512698611284874,0.7649788594410643,2,2
0,0.1,0.125,0.03535353535353536,0.16561314791403287,19,145,0.09645940197672963,0.6099309064659173,1,1
0,0.1,0.125,0.0404040404040404,0.24146649810366622,19,145,0.12423370449143,0.6896978446942355,2,1
1,0.20000000000000004,0.125,0.025252525252525252,0.02654867256637168,19,144,0.025897660452896286,0.26616479323502107,0,1
5,0.20000000000000004,0.125,0.08080808080808081,0.40581542351453853,19,74,0.11384961841611409,0.801742807053728,3,2
0,0.1,0.125,0.055555555555555566,0.08975979772439949,19,145,0.03765795070686851,0.48484067237289885,1,2
0,0.20000000000000004,0.125,0.06565656565656566,0.2920353982300885,19,60,0.09921181033404228,0.7304836547385791,2,2
0,0.20000000000000004,0.25,0.06060606060606061,0.20353982300884954,19,126,0.07506568247216314,0.6533463957925132,2,2
0,0.1,0.125,0.0404040404040404,0.2541087231352718,19,5,0.13048917803077692,0.7006290605341858,2,1
0,0.30000000000000004,0.25,0.09090909090909091,0.20353982300884954,19,144,0.05229575878894032,0.6533463957925132,2,2
0,0.1,0.25,0.0404040404040404,0.1150442477876106,19,126,0.061678969097960716,0.5347014540579562,1,1
0,0.1,0.125,0.0404040404040404,0.013906447534766117,19,145,0.011635180783185286,0.17608538723316491,0,1
1,0.1,0.125,0.02777777777777778,0.12010113780025283,19,146,0.08582509695983985,0.5434670516654636,1,1
0,0.1,0.125,0.03787878787878787,0.17825537294563842,19,5,0.09783560615538595,0.625348045787357,2,1
0,0.1,0.125,0.0404040404040404,0.16561314791403287,19,5,0.08670086325534843,0.6099309064659173,1,1
0,0.1,0.25,0.055555555555555566,0.16561314791403287,19,145,0.06643312898786437,0.6099309064659173,1,2
0,0.20000000000000004,0.125,0.06565656565656566,0.24146649810366622,19,145,0.08257225071937944,0.6896978446942355,2,2
0,0.1,0.125,0.0404040404040404,0.1529709228824273,19,126,0.08044538971600149,0.5933793956893887,1,1
0,0.1,0.125,0.02777777777777778,0.08975979772439949,19,145,0.06580758163392968,0.48484067237289885,1,1
4,0.1,0.125,0.0404040404040404,0.03413400758533502,19,157,0.021643938446140373,0.3067443539238939,0,1
1,0.20000000000000004,0.125,0.0303030303030303,0.17825537294563842,19,145,0.11647691730263982,0.625348045787357,2,1
5,0.4,0.375,0.19949494949494948,0.4437420986093552,19,74,0.05342174402602277,0.8212333711457154,3,3
0,0.1,0.125,0.055555555555555566,0.14032869785082175,19,145,0.05692480920805705,0.5754872641022999,1,2
0,0.0,0.125,0.015151515151515152,0.09481668773704172,19,60,0.10421618916551982,0.49577188821284945,1,0
5,0.30000000000000004,0.125,0.494949494949495,0.8735777496839443,19,60,0.04291254847991993,0.9700938434567394,3,3
0,0.0,0.125,0.021212121212121213,0.17825537294563842,19,144,0.1505066933566871,0.625348045787357,2,1
0,0.0,0.125,0.025252525252525252,0.17825537294563842,19,144,0.13311647691730266,0.625348045787357,2,1
5,0.20000000000000004,0.25,0.10101010101010101,0.16561314791403287,19,146,0.0389090454147379,0.6099309064659173,1,3
0,0.0,0.125,0.0101010101010101,0.1529709228824273,19,60,0.2024271237332666,0.5933793956893887,1,0
5,0.20000000000000004,0.125,0.09090909090909091,0.2161820480404551,19,126,0.05542349555861378,0.6661338558317005,2,2
5,0.20000000000000004,0.125,0.09090909090909091,0.2161820480404551,19,126,0.05542349555861378,0.6661338558317005,2,2
0,0.0,0.125,0.015151515151515152,0.07964601769911504,19,5,0.08920305267108719,0.4613282458492318,1,0
0,0.0,0.125,0.0101010101010101,0.005056890012642224,19,74,0.01939196797197548,0.08079818500567182,0,0
0,0.20000000000000004,0.125,0.05050505050505051,0.1554993678887484,19,5,0.06793444263730763,0.596782510054656,1,2
5,0.30000000000000004,0.125,0.06565656565656566,0.08217446270543616,19,5,0.03002627298886526,0.467464164174487,1,2
0,0.0,0.125,0.020202020202020204,0.10240202275600505,19,64,0.09295633679469535,0.511189027534289,1,1
0,0.0,0.125,0.0297979797979798,0.1529709228824273,19,60,0.10208932816214188,0.5933793956893887,1,1
5,0.1,0.125,0.08080808080808081,0.1150442477876106,19,2,0.03390466658326035,0.5347014540579562,1,2
0,0.1,0.125,0.04797979797979798,0.16561314791403287,19,126,0.07531590141373701,0.6099309064659173,1,2
0,0.20000000000000004,0.125,0.06868686868686869,0.24146649810366622,19,60,0.07931940447891905,0.6896978446942355,2,2
0,0.1,0.125,0.06565656565656566,0.17825537294563842,19,60,0.061678969097960716,0.625348045787357,2,2
0,0.0,0.125,0.017676767676767676,0.24146649810366622,19,126,0.22657325159514574,0.6896978446942355,2,1
0,0.1,0.125,0.05050505050505051,0.24146649810366622,19,145,0.10334042287001124,0.6896978446942355,2,2
0,0.1,0.125,0.045454545454545456,0.16561314791403287,19,60,0.07869385712498436,0.6099309064659173,1,2
0,0.20000000000000004,0.125,0.03535353535353536,0.0518331226295828,19,144,0.03390466658326035,0.37996287511601534,0,1
0,0.1,0.125,0.045454545454545456,0.2161820480404551,19,60,0.10146378080820717,0.6661338558317005,2,2
3,0.0,0.125,0.0303030303030303,0.013906447534766117,19,74,0.01476291755285875,0.17608538723316491,0,1
0,0.1,0.125,0.03787878787878787,0.20353982300884954,19,145,0.11109721005880144,0.6533463957925132,2,1
0,0.20000000000000004,0.125,0.04797979797979798,0.24146649810366622,19,144,0.10796947328912797,0.6896978446942355,2,2
0,0.1,0.125,0.05050505050505051,0.14032869785082175,19,145,0.061678969097960716,0.5754872641022999,1,2
0,0.0,0.125,0.007575757575757576,0.07711757269279393,19,74,0.12423370449143,0.4550376405073735,1,0
4,0.0,0.125,0.03787878787878787,0.06447534766118837,19,157,0.03865882647316402,0.4206455604826236,0,1
0,0.20000000000000004,0.125,0.07575757575757576,0.1529709228824273,19,144,0.046916051545101964,0.5933793956893887,1,2
5,0.0,0.125,0.08080808080808081,0.03413400758533502,19,2,0.011635180783185286,0.3067443539238939,0,2
5,0.1,0.125,0.05050505050505051,0.08975979772439949,19,5,0.040785687476541974,0.48484067237289885,1,2
0,0.1,0.125,0.017676767676767676,0.0037926675094816682,19,5,0.012761166020267735,0.0631638651129216,0,1
5,0.30000000000000004,0.125,0.09090909090909091,0.24146649810366622,19,144,0.061678969097960716,0.6896978446942355,2,2
0,0.20000000000000004,0.125,0.07323232323232323,0.4437420986093552,19,145,0.13561866633304143,0.8212333711457154,3,2
0,0.1,0.125,0.0404040404040404,0.1302149178255373,19,126,0.06918553734517702,0.5600701247808602,1,1
0,0.0,0.125,0.025252525252525252,0.07711757269279393,19,5,0.061678969097960716,0.4550376405073735,1,1
0,0.20000000000000004,0.125,0.09090909090909091,0.10240202275600505,19,89,0.027273864631552607,0.511189027534289,1,2
0,0.0,0.125,0.03535353535353536,0.10240202275600505,19,126,0.061678969097960716,0.511189027534289,1,1
0,0.1,0.125,0.0404040404040404,0.12768647281921616,19,144,0.06793444263730763,0.5560482623491803,1,1
5,0.1,0.125,0.025252525252525252,0.14032869785082175,19,146,0.10634305016889778,0.5754872641022999,1,1
0,0.0,0.125,0.03535353535353536,0.07711757269279393,19,126,0.04779181784061053,0.4550376405073735,1,1
4,0.0,0.125,0.0101010101010101,0.10240202275600505,19,72,0.13987238833979732,0.511189027534289,1,0
3,0.0,0.125,0.015151515151515152,0.0012642225031605555,19,74,0.011635180783185286,0.02309992781272563,0,0
3,0.1,0.125,0.025252525252525252,0.0012642225031605555,19,5,0.008007006130364067,0.02309992781272563,0,1
0,0.0,0.125,0.0101010101010101,0.07711757269279393,19,74,0.10859502064306267,0.4550376405073735,1,0
0,0.1,0.25,0.0404040404040404,0.1529709228824273,19,60,0.08044538971600149,0.5933793956893887,1,1
0,0.1,0.25,0.0101010101010101,0.36788874841972186,19,74,0.46828474915551105,0.7804475611013717,2,0
5,0.20000000000000004,0.125,0.06060606060606061,0.14032869785082175,19,145,0.052796196672088076,0.5754872641022999,1,2
0,0.20000000000000004,0.125,0.07575757575757576,0.1150442477876106,19,73,0.035906418115851366,0.5347014540579562,1,2
0,0.30000000000000004,0.25,0.06060606060606061,0.2920353982300885,19,126,0.10634305016889778,0.7304836547385791,2,2
1,0.0,0.125,0.025252525252525252,0.10240202275600505,19,144,0.07956962342049292,0.511189027534289,1,1
5,0.20000000000000004,0.125,0.1919191919191919,0.14032869785082175,19,126,0.017890654322532215,0.5754872641022999,1,3
0,0.1,0.125,0.0404040404040404,0.1529709228824273,19,126,0.08044538971600149,0.5933793956893887,1,1
0,0.20000000000000004,0.125,0.055555555555555566,0.20353982300884954,19,126,0.08094582759914924,0.6533463957925132,2,2
0,0.20000000000000004,0.375,0.06565656565656566,0.36788874841972186,19,145,0.12423370449143,0.7804475611013717,2,2
0,0.1,0.125,0.045454545454545456,0.14032869785082175,19,60,0.06730889528337294,0.5754872641022999,1,2
4,0.0,0.125,0.06565656565656566,0.4184576485461441,19,126,0.14087326410609283,0.8084459111065281,3,2
0,0.30000000000000004,0.125,0.06565656565656566,0.36788874841972186,19,126,0.12423370449143,0.7804475611013717,2,2
0,0.30000000000000004,0.125,0.055555555555555566,0.24146649810366622,19,126,0.09533341673964718,0.6896978446942355,2,2
0,0.0,0.125,0.002525252525252526,0.05941845764854614,19,144,0.13924684098586262,0.40522842116118407,0,0
3,0.0,0.125,0.015151515151515152,0.07711757269279393,19,5,0.08670086325534843,0.4550376405073735,1,0
1,0.0,0.125,0.0303030303030303,0.24146649810366622,19,126,0.15551107218816465,0.6896978446942355,2,1
0,0.1,0.125,0.03737373737373738,0.12768647281921616,19,60,0.07231327411485049,0.5560482623491803,1,1
0,0.20000000000000004,0.25,0.06464646464646465,0.3173198482932996,19,126,0.10897034905542348,0.7484273486645356,2,2
0,0.20000000000000004,0.125,0.025252525252525252,0.20353982300884954,19,126,0.15100713123983486,0.6533463957925132,2,1
1,0.20000000000000004,0.125,0.025252525252525252,0.19089759797724398,19,144,0.1421243588139622,0.6397855006703106,2,1
1,0.1,0.125,0.09090909090909091,0.08975979772439949,19,72,0.024146127861879144,0.48484067237289885,1,2
5,0.20000000000000004,0.125,0.07575757575757576,0.26675094816687733,19,74,0.08007006130364068,0.7110446529854595,2,2
0,0.0,0.125,0.015151515151515152,0.36788874841972186,19,2,0.37445264606530715,0.7804475611013717,2,0
0,0.0,0.125,0.015151515151515152,0.14032869785082175,19,144,0.1492555986488177,0.5754872641022999,1,0
0,0.1,0.125,0.0303030303030303,0.1150442477876106,19,5,0.07731765294632803,0.5347014540579562,1,1
1,0.30000000000000004,0.125,0.025252525252525252,0.14032869785082175,19,145,0.10634305016889778,0.5754872641022999,1,1
0,0.20000000000000004,0.125,0.05303030303030304,0.2541087231352718,19,145,0.10421618916551982,0.7006290605341858,2,2
0,0.1,0.125,0.025252525252525252,0.20353982300884954,19,145,0.15100713123983486,0.6533463957925132,2,1
0,0.0,0.125,0.020202020202020204,0.14032869785082175,19,144,0.12423370449143,0.5754872641022999,1,1
0,0.1,0.125,0.045454545454545456,0.1150442477876106,19,144,0.056049042912548475,0.5347014540579562,1,2
0,0.1,0.125,0.045454545454545456,0.08975979772439949,19,144,0.04466408107093707,0.48484067237289885,1,2
0,0.20000000000000004,0.25,0.09090909090909091,0.36788874841972186,19,60,0.09295633679469535,0.7804475611013717,2,2
5,0.30000000000000004,0.25,0.09090909090909091,0.2920353982300885,19,2,0.07418991617665456,0.7304836547385791,2,2
4,0.0,0.125,0.06565656565656566,0.14032869785082175,19,60,0.04916802201926686,0.5754872641022999,1,2
0,0.1,0.125,0.03787878787878787,0.14032869785082175,19,60,0.0781934192418366,0.5754872641022999,1,1
0,0.1,0.125,0.05050505050505051,0.30467762326169406,19,5,0.12948830226448144,0.7396617510570282,2,2
0,0.20000000000000004,0.125,0.0404040404040404,0.1529709228824273,19,145,0.08044538971600149,0.5933793956893887,1,1
3,0.0,0.125,0.011111111111111113,0.0012642225031605555,19,5,0.014012260728137119,0.02309992781272563,0,0
0,0.0,0.125,0.02272727272727273,0.06447534766118837,19,144,0.05692480920805705,0.4206455604826236,0,1
5,0.20000000000000004,0.25,0.06565656565656566,0.2920353982300885,19,144,0.09921181033404228,0.7304836547385791,2,2
1,0.0,0.125,0.020202020202020204,0.1150442477876106,19,60,0.10334042287001124,0.5347014540579562,1,1
0,0.1,0.125,0.0303030303030303,0.17825537294563842,19,144,0.11647691730263982,0.625348045787357,2,1
1,0.0,0.125,0.03282828282828283,0.20353982300884954,19,145,0.12423370449143,0.6533463957925132,2,1
3,0.0,0.125,0.0303030303030303,0.36788874841972186,19,74,0.23370449143000124,0.7804475611013717,2,1
0,0.1,0.125,0.0404040404040404,0.16561314791403287,19,60,0.08670086325534843,0.6099309064659173,1,1
5,0.30000000000000004,0.125,0.24242424242424243,0.5195954487989886,19,60,0.05167021143500563,0.8557285758482007,3,3
1,0.1,0.125,0.0303030303030303,0.08470290771175726,19,5,0.05855123232828725,0.4733938331442715,1,1
1,0.1,0.125,0.015151515151515152,0.1150442477876106,19,144,0.12423370449143,0.5347014540579562,1,0
0,0.1,0.125,0.0404040404040404,0.34260429835651074,19,145,0.17427749280620544,0.7649788594410643,2,1
5,0.1,0.125,0.09595959595959597,0.08975979772439949,19,2,0.02289503315400976,0.48484067237289885,1,3
5,0.20000000000000004,0.25,0.1414141414141414,0.02654867256637168,19,74,0.005379707243838358,0.26616479323502107,0,3
5,0.4,0.375,0.16666666666666666,0.3173198482932996,19,2,0.04553984736644564,0.7484273486645356,2,3
5,0.20000000000000004,0.125,0.09090909090909091,0.2161820480404551,19,126,0.05542349555861378,0.6661338558317005,2,2
5,0.1,0.125,0.09090909090909091,0.4437420986093552,19,60,0.11172275741273613,0.8212333711457154,3,2
0,0.30000000000000004,0.125,0.07323232323232323,0.4437420986093552,19,144,0.13561866633304143,0.8212333711457154,3,2
0,0.0,0.125,0.012626262626262628,0.09734513274336283,19,5,0.1187288877768047,0.5010312467773539,1,0
1,0.1,0.125,0.0404040404040404,0.2920353982300885,19,126,0.1492555986488177,0.7304836547385791,2,1
5,0.30000000000000004,0.25,0.24242424242424243,0.4437420986093552,19,74,0.044163643187789314,0.8212333711457154,3,3
4,0.20000000000000004,0.375,0.11111111111111112,0.6207332490518331,19,148,0.12948830226448144,0.8947612663710427,3,3
1,0.1,0.125,0.020202020202020204,0.1150442477876106,19,146,0.10334042287001124,0.5347014540579562,1,1
0,0.0,0.125,0.007575757575757576,0.04930467762326169,19,147,0.08494933066433129,0.37083634113643416,0,0
0,0.0,0.125,0.020202020202020204,0.14032869785082175,19,144,0.12423370449143,0.5754872641022999,1,1
0,0.20000000000000004,0.125,0.06060606060606061,0.24146649810366622,19,60,0.08845239584636555,0.6896978446942355,2,2
0,0.1,0.125,0.06565656565656566,0.17825537294563842,19,60,0.061678969097960716,0.625348045787357,2,2
0,0.1,0.125,0.03787878787878787,0.16561314791403287,19,60,0.09132991367446515,0.6099309064659173,1,1
0,0.1,0.125,0.03282828282828283,0.19089759797724398,19,60,0.11685224571500062,0.6397855006703106,2,1
0,0.1,0.125,0.013131313131313133,0.16561314791403287,19,144,0.18954084824221196,0.6099309064659173,1,0
0,0.20000000000000004,0.25,0.06565656565656566,0.3173198482932996,19,60,0.10759414487676716,0.7484273486645356,2,2
0,0.0,0.125,0.015151515151515152,0.07711757269279393,19,145,0.08670086325534843,0.4550376405073735,1,0
0,0.1,0.25,0.09090909090909091,0.4437420986093552,19,74,0.11172275741273613,0.8212333711457154,3,2
0,0.0,0.125,0.020202020202020204,0.1150442477876106,19,74,0.10334042287001124,0.5347014540579562,1,1
0,0.20000000000000004,0.125,0.04797979797979798,0.19089759797724398,19,60,0.08620042537220067,0.6397855006703106,2,2
0,0.1,0.125,0.05050505050505051,0.3173198482932996,19,74,0.13461779056674592,0.7484273486645356,2,2
0,0.1,0.125,0.025252525252525252,0.14032869785082175,19,60,0.10634305016889778,0.5754872641022999,1,1
0,0.1,0.25,0.06060606060606061,0.30467762326169406,19,74,0.11084699111722757,0.7396617510570282,2,2
0,0.1,0.125,0.03535353535353536,0.08975979772439949,19,74,0.05467283873389216,0.48484067237289885,1,1
0,0.20000000000000004,0.25,0.09090909090909091,0.4437420986093552,19,60,0.11172275741273613,0.8212333711457154,3,2
0,0.20000000000000004,0.125,0.055555555555555566,0.20353982300884954,19,126,0.08094582759914924,0.6533463957925132,2,2
1,0.20000000000000004,0.125,0.06565656565656566,0.1150442477876106,19,144,0.040785687476541974,0.5347014540579562,1,2
0,0.0,0.125,0.020202020202020204,0.24146649810366622,19,60,0.20768172150631806,0.6896978446942355,2,1
0,0.1,0.125,0.045454545454545456,0.19089759797724398,19,5,0.09007881896659575,0.6397855006703106,2,2
0,0.1,0.125,0.045454545454545456,0.1150442477876106,19,60,0.056049042912548475,0.5347014540579562,1,2
0,0.20000000000000004,0.375,0.06565656565656566,0.36788874841972186,19,144,0.12423370449143,0.7804475611013717,2,2
0,0.20000000000000004,0.125,0.039898989898989906,0.16561314791403287,19,60,0.08757662955085699,0.6099309064659173,1,1
0,0.1,0.125,0.020202020202020204,0.16561314791403287,19,5,0.14512698611284874,0.6099309064659173,1,1
0,0.20000000000000004,0.125,0.0404040404040404,0.19089759797724398,19,145,0.09921181033404228,0.6397855006703106,2,1
0,0.20000000000000004,0.125,0.06565656565656566,0.2920353982300885,19,60,0.09921181033404228,0.7304836547385791,2,2
0,0.20000000000000004,0.125,0.04797979797979798,0.24146649810366622,19,144,0.10796947328912797,0.6896978446942355,2,2
5,0.1,0.125,0.025252525252525252,0.1150442477876106,19,5,0.08845239584636555,0.5347014540579562,1,1
5,0.20000000000000004,0.125,0.05050505050505051,0.08723135271807837,19,147,0.03978481171024646,0.4792203774363206,1,2
5,0.20000000000000004,0.125,0.11616161616161617,0.4437420986093552,19,60,0.08920305267108719,0.8212333711457154,3,3
0,0.0,0.125,0.017676767676767676,0.1150442477876106,19,126,0.11284874264981858,0.5347014540579562,1,1
1,0.1,0.125,0.020202020202020204,0.20353982300884954,19,126,0.1764043538095834,0.6533463957925132,2,1
0,0.1,0.125,0.03787878787878787,0.17825537294563842,19,145,0.09783560615538595,0.625348045787357,2,1
1,0.1,0.125,0.0303030303030303,0.10240202275600505,19,144,0.0694357562867509,0.511189027534289,1,1
0,0.30000000000000004,0.25,0.0707070707070707,0.2161820480404551,19,144,0.0694357562867509,0.6661338558317005,2,2
1,0.1,0.125,0.015151515151515152,0.1150442477876106,19,144,0.12423370449143,0.5347014540579562,1,0
0,0.1,0.125,0.03535353535353536,0.10240202275600505,19,145,0.061678969097960716,0.511189027534289,1,1
0,0.1,0.125,0.02777777777777778,0.2161820480404551,19,60,0.1492555986488177,0.6661338558317005,2,1
0,0.30000000000000004,0.125,0.05050505050505051,0.1150442477876106,19,145,0.05129488302264481,0.5347014540579562,1,2
1,0.20000000000000004,0.125,0.025252525252525252,0.19089759797724398,19,144,0.1421243588139622,0.6397855006703106,2,1
0,0.20000000000000004,0.125,0.05050505050505051,0.2920353982300885,19,60,0.12423370449143,0.7304836547385791,2,2
0,0.20000000000000004,0.25,0.0404040404040404,0.16561314791403287,19,60,0.08670086325534843,0.6099309064659173,1,1
5,0.30000000000000004,0.25,0.08080808080808081,0.1529709228824273,19,60,0.04428875265857625,0.5933793956893887,1,2
0,0.1,0.125,0.05050505050505051,0.24146649810366622,19,74,0.10334042287001124,0.6896978446942355,2,2
0,0.0,0.125,0.0303030303030303,0.16561314791403287,19,74,0.10859502064306267,0.6099309064659173,1,1
4,0.0,0.125,0.09090909090909091,0.6207332490518331,19,126,0.15551107218816465,0.8947612663710427,3,2
0,0.0,0.125,0.0303030303030303,0.2161820480404551,19,74,0.13987238833979732,0.6661338558317005,2,1
0,0.1,0.125,0.03484848484848485,0.19089759797724398,19,144,0.1115976479419492,0.6397855006703106,2,1
5,0.4,0.375,0.494949494949495,0.7471554993678887,19,74,0.036657074940573,0.9355986387542541,3,3
0,0.0,0.125,0.02070707070707071,0.24146649810366622,19,60,0.20417865632428375,0.6896978446942355,2,1
5,0.20000000000000004,0.125,0.0404040404040404,0.08217446270543616,19,5,0.045414737895658704,0.467464164174487,1,1
0,0.1,0.125,0.06565656565656566,0.006321112515802781,19,2,0.0050043788314775425,0.09719500876559761,0,2
0,0.1,0.125,0.0404040404040404,0.07711757269279393,19,74,0.04291254847991993,0.4550376405073735,1,1
5,0.1,0.125,0.0404040404040404,0.10998735777496839,19,147,0.05917677968222194,0.525574920078375,1,1
0,0.20000000000000004,0.125,0.0404040404040404,0.07711757269279393,19,148,0.04291254847991993,0.4550376405073735,1,1
3,0.20000000000000004,0.125,0.03535353535353536,0.011378002528445006,19,145,0.011635180783185286,0.1527276477261008,0,1
0,0.0,0.125,0.025252525252525252,0.16561314791403287,19,145,0.12423370449143,0.6099309064659173,1,1
0,0.1,0.125,0.06565656565656566,0.1150442477876106,19,145,0.040785687476541974,0.5347014540579562,1,2
0,0.1,0.125,0.043939393939393945,0.06447534766118837,19,5,0.03415488552483423,0.4206455604826236,0,2
4,0.20000000000000004,0.125,0.1414141414141414,0.24146649810366622,19,126,0.040785687476541974,0.6896978446942355,2,3
0,0.1,0.125,0.0404040404040404,0.16561314791403287,19,145,0.08670086325534843,0.6099309064659173,1,1
0,0.20000000000000004,0.125,0.018181818181818184,0.07711757269279393,19,5,0.07731765294632803,0.4550376405073735,1,1
1,0.1,0.125,0.0303030303030303,0.08470290771175726,19,147,0.05855123232828725,0.4733938331442715,1,1
0,0.30000000000000004,0.125,0.07171717171717172,0.09481668773704172,19,147,0.03152758663830852,0.49577188821284945,1,2
5,0.20000000000000004,0.125,0.09090909090909091,0.1529709228824273,19,64,0.03978481171024646,0.5933793956893887,1,2
0,0.1,0.125,0.05050505050505051,0.02654867256637168,19,146,0.01476291755285875,0.26616479323502107,0,2
0,0.0,0.125,0.0101010101010101,0.08975979772439949,19,74,0.12423370449143,0.48484067237289885,1,0
5,0.20000000000000004,0.125,0.16666666666666666,0.36788874841972186,19,60,0.052796196672088076,0.7804475611013717,2,3
3,0.0,0.125,0.045454545454545456,0.008849557522123892,19,60,0.008257225071937945,0.1266886665979169,0,2
0,0.0,0.125,0.017676767676767676,0.20353982300884954,19,5,0.19241836607031151,0.6533463957925132,2,1
0,0.0,0.125,0.0060606060606060615,0.0012642225031605555,19,2,0.01864131114725385,0.02309992781272563,0,0
0,0.0,0.125,0.02272727272727273,0.17825537294563842,19,126,0.14350056299261854,0.625348045787357,2,1
0,0.1,0.125,0.0303030303030303,0.08975979772439949,19,147,0.061678969097960716,0.48484067237289885,1,1
5,0.20000000000000004,0.125,0.09090909090909091,0.24146649810366622,19,5,0.061678969097960716,0.6896978446942355,2,2
0,0.1,0.125,0.0601010101010101,0.36788874841972186,19,144,0.13411735268359815,0.7804475611013717,2,2
5,0.0,0.125,0.05050505050505051,0.2161820480404551,19,126,0.09295633679469535,0.6661338558317005,2,2
0,0.1,0.125,0.025252525252525252,0.12768647281921616,19,126,0.09746027774302514,0.5560482623491803,1,1
0,0.0,0.125,0.02777777777777778,0.14032869785082175,19,64,0.09921181033404228,0.5754872641022999,1,1
0,0.20000000000000004,0.125,0.09090909090909091,0.2161820480404551,19,126,0.05542349555861378,0.6661338558317005,2,2
0,0.20000000000000004,0.125,0.06818181818181819,0.16055625790139064,19,144,0.05404729137995746,0.6034340517685883,1,2
0,0.0,0.125,0.017676767676767676,0.14032869785082175,19,60,0.13561866633304143,0.5754872641022999,1,1
0,0.20000000000000004,0.125,0.08080808080808081,0.24146649810366622,19,126,0.06868509946202926,0.6896978446942355,2,2
5,0.20000000000000004,0.25,0.09090909090909091,0.24146649810366622,19,2,0.061678969097960716,0.6896978446942355,2,2
5,0.20000000000000004,0.125,0.06565656565656566,0.07711757269279393,19,5,0.02827474039784812,0.4550376405073735,1,2
0,0.1,0.25,0.0404040404040404,0.1150442477876106,19,5,0.061678969097960716,0.5347014540579562,1,1
0,0.1,0.25,0.09090909090909091,0.006321112515802781,19,60,0.0035030651820342797,0.09719500876559761,0,2
4,0.0,0.125,0.21717171717171715,0.22882427307206066,19,144,0.025522332040535466,0.6782510054656081,2,3
0,0.1,0.125,0.045454545454545456,0.0037926675094816682,19,60,0.006005254597773052,0.0631638651129216,0,2
2,0.1,0.125,0.0404040404040404,0.041719342604298354,19,145,0.02539722256974853,0.3410848716097763,0,1
0,0.1,0.125,0.0404040404040404,0.08975979772439949,19,126,0.04916802201926686,0.48484067237289885,1,1
0,0.20000000000000004,0.25,0.06515151515151515,0.36788874841972186,19,144,0.12510947078693857,0.7804475611013717,2,2
0,0.1,0.125,0.03787878787878787,0.16561314791403287,19,145,0.09132991367446515,0.6099309064659173,1,1
0,0.0,0.125,0.020202020202020204,0.24146649810366622,19,5,0.20768172150631806,0.6896978446942355,2,1
3,0.0,0.125,0.0101010101010101,0.0012642225031605555,19,74,0.01476291755285875,0.02309992781272563,0,0
0,0.20000000000000004,0.125,0.05303030303030304,0.2541087231352718,19,144,0.10421618916551982,0.7006290605341858,2,2
4,0.0,0.125,0.0101010101010101,0.26675094816687733,19,5,0.3431752783685725,0.7110446529854595,2,0
0,0.1,0.25,0.09090909090909091,0.5701643489254108,19,60,0.1430001251094708,0.8760956997009386,3,2
5,0.20000000000000004,0.25,0.05050505050505051,0.393173198482933,19,60,0.16589515826348056,0.7948850159843253,3,2
0,0.1,0.125,0.047474747474747475,0.2161820480404551,19,60,0.09783560615538595,0.6661338558317005,2,2
0,0.1,0.125,0.045454545454545456,0.1150442477876106,19,5,0.056049042912548475,0.5347014540579562,1,2
5,0.20000000000000004,0.125,0.09090909090909091,0.16561314791403287,19,60,0.04291254847991993,0.6099309064659173,1,2
0,0.20000000000000004,0.125,0.04797979797979798,0.19089759797724398,19,60,0.08620042537220067,0.6397855006703106,2,2
0,0.1,0.125,0.05505050505050506,0.26675094816687733,19,144,0.10584261228575001,0.7110446529854595,2,2
0,0.0,0.125,0.017676767676767676,0.1150442477876106,19,60,0.11284874264981858,0.5347014540579562,1,1
5,0.20000000000000004,0.125,0.06565656565656566,0.14538558786346395,19,126,0.05079444513949706,0.5828091162215119,1,2
0,0.0,0.125,0.0404040404040404,0.10240202275600505,19,64,0.05542349555861378,0.511189027534289,1,1
0,0.0,0.125,0.0404040404040404,0.0,19,60,0.0047541598899036655,0.0,0,1
0,0.1,0.125,0.06565656565656566,0.17825537294563842,19,60,0.061678969097960716,0.625348045787357,2,2
0,0.0,0.125,0.03535353535353536,0.12262958280657396,19,60,0.07281371199799824,0.5477467257914819,1,1
0,0.0,0.125,0.017676767676767676,0.24146649810366622,19,60,0.22657325159514574,0.6896978446942355,2,1
0,0.1,0.125,0.0404040404040404,0.1529709228824273,19,126,0.08044538971600149,0.5933793956893887,1,1
4,0.0,0.125,0.020202020202020204,0.2920353982300885,19,5,0.24934317527836858,0.7304836547385791,2,1
5,0.1,0.125,0.0404040404040404,0.16561314791403287,19,126,0.08670086325534843,0.6099309064659173,1,1
5,0.1,0.125,0.05050505050505051,0.08975979772439949,19,5,0.040785687476541974,0.48484067237289885,1,2
0,0.1,0.125,0.05050505050505051,0.24146649810366622,19,144,0.10334042287001124,0.6896978446942355,2,2
0,0.1,0.125,0.03787878787878787,0.16561314791403287,19,145,0.09132991367446515,0.6099309064659173,1,1
0,0.1,0.125,0.0404040404040404,0.1150442477876106,19,60,0.061678969097960716,0.5347014540579562,1,1
0,0.20000000000000004,0.125,0.05303030303030304,0.19089759797724398,19,126,0.07919429500813212,0.6397855006703106,2,2
4,0.0,0.125,0.0101010101010101,0.36788874841972186,19,145,0.46828474915551105,0.7804475611013717,2,0
0,0.0,0.125,0.0101010101010101,0.1529709228824273,19,60,0.2024271237332666,0.5933793956893887,1,0
0,0.0,0.125,0.0303030303030303,0.14032869785082175,19,60,0.09295633679469535,0.5754872641022999,1,1
5,0.20000000000000004,0.125,0.06565656565656566,0.2920353982300885,19,2,0.09921181033404228,0.7304836547385791,2,2
0,0.0,0.125,0.020202020202020204,0.16561314791403287,19,126,0.14512698611284874,0.6099309064659173,1,1
0,0.0,0.125,0.025252525252525252,0.06953223767383059,19,144,0.05629926185412236,0.4350314530267094,1,1
0,0.1,0.125,0.0404040404040404,0.04930467762326169,19,148,0.029150506693356684,0.37083634113643416,0,1
1,0.20000000000000004,0.125,0.020202020202020204,0.19089759797724398,19,144,0.16589515826348056,0.6397855006703106,2,1
0,0.0,0.125,0.006565656565656566,0.07711757269279393,19,60,0.13186538220943325,0.4550376405073735,1,0
0,0.0,0.125,0.017676767676767676,0.02654867256637168,19,74,0.03327911922932566,0.26616479323502107,0,1
0,0.30000000000000004,0.125,0.07323232323232323,0.4437420986093552,19,144,0.13561866633304143,0.8212333711457154,3,2
0,0.20000000000000004,0.125,0.06262626262626263,0.19089759797724398,19,144,0.06868509946202926,0.6397855006703106,2,2
5,0.1,0.125,0.09090909090909091,0.24146649810366622,19,126,0.061678969097960716,0.6896978446942355,2,2
0,0.20000000000000004,0.125,0.04797979797979798,0.19089759797724398,19,126,0.08620042537220067,0.6397855006703106,2,2
0,0.1,0.25,0.05050505050505051,0.24146649810366622,19,145,0.10334042287001124,0.6896978446942355,2,2
5,0.20000000000000004,0.125,0.09090909090909091,0.4437420986093552,19,126,0.11172275741273613,0.8212333711457154,3,2
0,0.1,0.125,0.09090909090909091,0.4437420986093552,19,74,0.11172275741273613,0.8212333711457154,3,2
1,0.20000000000000004,0.125,0.025252525252525252,0.19089759797724398,19,144,0.1421243588139622,0.6397855006703106,2,1
5,0.20000000000000004,0.125,0.09090909090909091,0.16561314791403287,19,5,0.04291254847991993,0.6099309064659173,1,2
1,0.0,0.125,0.0303030303030303,0.16561314791403287,19,126,0.10859502064306267,0.6099309064659173,1,1
0,0.0,0.125,0.0303030303030303,0.24146649810366622,19,60,0.15551107218816465,0.6896978446942355,2,1
5,0.20000000000000004,0.25,0.09090909090909091,0.17825537294563842,19,2,0.046040285249593395,0.625348045787357,2,2
0,0.0,0.125,0.025252525252525252,0.24146649810366622,19,60,0.17790566745902664,0.6896978446942355,2,1
0,0.0,0.125,0.03282828282828283,0.20353982300884954,19,126,0.12423370449143,0.6533463957925132,2,1
3,0.0,0.125,0.0404040404040404,0.0037926675094816682,19,144,0.006630801951707743,0.0631638651129216,0,1
0,0.0,0.125,0.025252525252525252,0.16561314791403287,19,126,0.12423370449143,0.6099309064659173,1,1
0,0.0,0.125,0.0101010101010101,0.0037926675094816682,19,74,0.017890654322532215,0.0631638651129216,0,0
0,0.30000000000000004,0.125,0.02777777777777778,0.16561314791403287,19,146,0.11585136994870511,0.6099309064659173,1,1
0,0.0,0.125,0.012626262626262628,0.14032869785082175,19,126,0.16589515826348056,0.5754872641022999,1,0
0,0.1,0.125,0.045454545454545456,0.14032869785082175,19,60,0.06730889528337294,0.5754872641022999,1,2
4,0.0,0.125,0.0303030303030303,0.05941845764854614,19,60,0.04291254847991993,0.40522842116118407,0,1
0,0.1,0.125,0.045454545454545456,0.14032869785082175,19,126,0.06730889528337294,0.5754872641022999,1,2
0,0.0,0.125,0.02272727272727273,0.17825537294563842,19,60,0.14350056299261854,0.625348045787357,2,1
5,0.4,0.125,0.09090909090909091,0.4690265486725663,19,126,0.11797823095208307,0.8333505207796226,3,2
0,0.1,0.125,0.0404040404040404,0.2920353982300885,19,74,0.1492555986488177,0.7304836547385791,2,1
0,0.0,0.125,0.025252525252525252,0.19089759797724398,19,5,0.1421243588139622,0.6397855006703106,2,1
0,0.1,0.25,0.06565656565656566,0.1706700379266751,19,126,0.05917677968222194,0.6162215118077756,2,2
5,0.20000000000000004,0.125,0.0303030303030303,0.07711757269279393,19,157,0.05392218190917052,0.4550376405073735,1,1
0,0.0,0.125,0.021717171717171715,0.17825537294563842,19,60,0.14800450394094833,0.625348045787357,2,1
0,0.0,0.125,0.01868686868686869,0.17825537294563842,19,145,0.16376829726010259,0.625348045787357,2,1
0,0.20000000000000004,0.25,0.06060606060606061,0.24146649810366622,19,64,0.08845239584636555,0.6896978446942355,2,2
0,0.0,0.125,0.0101010101010101,0.07711757269279393,19,74,0.10859502064306267,0.4550376405073735,1,0
0,0.1,0.125,0.025252525252525252,0.06447534766118837,19,60,0.052796196672088076,0.4206455604826236,0,1
0,0.20000000000000004,0.125,0.025252525252525252,0.12768647281921616,19,5,0.09746027774302514,0.5560482623491803,1,1
1,0.1,0.125,0.04696969696969697,0.2161820480404551,19,146,0.09871137245089452,0.6661338558317005,2,2
0,0.1,0.125,0.03535353535353536,0.12768647281921616,19,60,0.07556612035531089,0.5560482623491803,1,1
5,0.1,0.125,0.05050505050505051,0.08975979772439949,19,64,0.040785687476541974,0.48484067237289885,1,2
0,0.1,0.125,0.05050505050505051,0.17825537294563842,19,5,0.07731765294632803,0.625348045787357,2,2
0,0.0,0.125,0.025252525252525252,0.03919089759797724,19,5,0.03490554234955586,0.3302052181086934,0,1
0,0.20000000000000004,0.125,0.0707070707070707,0.1529709228824273,19,145,0.049918678843988484,0.5933793956893887,1,2
4,0.1,0.125,0.0404040404040404,0.2920353982300885,19,2,0.1492555986488177,0.7304836547385791,2,1
0,0.1,0.25,0.04797979797979798,0.17825537294563842,19,145,0.08069560865757537,0.625348045787357,2,2
0,0.20000000000000004,0.25,0.0404040404040404,0.17825537294563842,19,145,0.09295633679469535,0.625348045787357,2,1
0,0.20000000000000004,0.25,0.05303030303030304,0.2541087231352718,19,145,0.10421618916551982,0.7006290605341858,2,2
0,0.1,0.125,0.04797979797979798,0.16561314791403287,19,126,0.07531590141373701,0.6099309064659173,1,2
3,0.0,0.125,0.0404040404040404,0.0037926675094816682,19,144,0.006630801951707743,0.0631638651129216,0,1
0,0.1,0.125,0.03232323232323232,0.013906447534766117,19,60,0.014012260728137119,0.17608538723316491,0,1
0,0.1,0.125,0.0404040404040404,0.07711757269279393,19,5,0.04291254847991993,0.4550376405073735,1,1
0,0.1,0.125,0.03080808080808081,0.013906447534766117,19,60,0.014512698611284873,0.17608538723316491,0,1
0,0.1,0.125,0.015151515151515152,0.07711757269279393,19,126,0.08670086325534843,0.4550376405073735,1,0
5,0.20000000000000004,0.125,0.05050505050505051,0.16561314791403287,19,145,0.07206305517327662,0.6099309064659173,1,2
0,0.20000000000000004,0.125,0.06060606060606061,0.24146649810366622,19,126,0.08845239584636555,0.6896978446942355,2,2
0,0.0,0.125,0.015151515151515152,0.008849557522123892,19,60,0.019141749030401604,0.1266886665979169,0,0
5,0.30000000000000004,0.25,0.1919191919191919,0.4437420986093552,19,74,0.05542349555861378,0.8212333711457154,3,3
0,0.20000000000000004,0.125,0.03282828282828283,0.05941845764854614,19,147,0.04028524959339422,0.40522842116118407,0,1
5,0.20000000000000004,0.125,0.0707070707070707,0.05689001264222503,19,147,0.020267734267484048,0.39713313395895633,0,2
0,0.0,0.125,0.015151515151515152,0.13527180783817952,19,145,0.14425121981734018,0.5679076002887493,1,0
1,0.1,0.125,0.051515151515151514,0.17825537294563842,19,144,0.07606655823845865,0.625348045787357,2,2
0,0.1,0.125,0.025252525252525252,0.08975979772439949,19,74,0.07056174152383335,0.48484067237289885,1,1
0,0.0,0.125,0.015151515151515152,0.13527180783817952,19,145,0.14425121981734018,0.5679076002887493,1,0
5,0.20000000000000004,0.125,0.055555555555555566,0.10240202275600505,19,147,0.042412110596772176,0.511189027534289,1,2
0,0.1,0.125,0.03787878787878787,0.10240202275600505,19,145,0.05842612285750031,0.511189027534289,1,1
0,0.1,0.125,0.05050505050505051,0.2161820480404551,19,144,0.09295633679469535,0.6661338558317005,2,2
0,0.0,0.125,0.002525252525252526,0.06447534766118837,19,145,0.1492555986488177,0.4206455604826236,0,0
0,0.20000000000000004,0.125,0.06565656565656566,0.19089759797724398,19,145,0.06580758163392968,0.6397855006703106,2,2
0,0.30000000000000004,0.125,0.0707070707070707,0.36788874841972186,19,74,0.11647691730263982,0.7804475611013717,2,2
0,0.0,0.125,0.025252525252525252,0.17825537294563842,19,145,0.13311647691730266,0.625348045787357,2,1
0,0.1,0.125,0.0303030303030303,0.14032869785082175,19,126,0.09295633679469535,0.5754872641022999,1,1
4,0.0,0.125,0.11616161616161617,0.6207332490518331,19,144,0.12423370449143,0.8947612663710427,3,3
5,0.20000000000000004,0.125,0.36616161616161613,0.4437420986093552,19,74,0.029400725634930562,0.8212333711457154,3,3
4,0.0,0.125,0.1414141414141414,0.36788874841972186,19,147,0.061678969097960716,0.7804475611013717,2,3
0,0.20000000000000004,0.25,0.06313131313131314,0.1529709228824273,19,144,0.05517327661703991,0.5933793956893887,1,2
3,0.0,0.125,0.025252525252525252,0.16561314791403287,19,64,0.12423370449143,0.6099309064659173,1,1
0,0.0,0.125,0.02777777777777778,0.06447534766118837,19,2,0.04916802201926686,0.4206455604826236,0,1
0,0.1,0.125,0.045454545454545456,0.16561314791403287,19,60,0.07869385712498436,0.6099309064659173,1,2
0,0.1,0.125,0.06565656565656566,0.10240202275600505,19,60,0.036657074940573,0.511189027534289,1,2
0,0.0,0.125,0.017676767676767676,0.24146649810366622,19,5,0.22657325159514574,0.6896978446942355,2,1
0,0.1,0.125,0.0303030303030303,0.1150442477876106,19,145,0.07731765294632803,0.5347014540579562,1,1
0,0.0,0.125,0.017676767676767676,0.1529709228824273,19,5,0.14700362817465282,0.5933793956893887,1,1
0,0.0,0.125,0.017676767676767676,0.16561314791403287,19,126,0.15838859001626424,0.6099309064659173,1,1
0,0.1,0.125,0.045454545454545456,0.12768647281921616,19,5,0.061678969097960716,0.5560482623491803,1,2
3,0.0,0.125,0.0404040404040404,0.013906447534766117,19,2,0.011635180783185286,0.17608538723316491,0,1
0,0.30000000000000004,0.25,0.06464646464646465,0.2920353982300885,19,126,0.1005880145126986,0.7304836547385791,2,2
0,0.0,0.125,0.03535353535353536,0.013906447534766117,19,74,0.01301138496184161,0.17608538723316491,0,1
0,0.20000000000000004,0.125,0.055555555555555566,0.1150442477876106,19,60,0.04729137995746278,0.5347014540579562,1,2
5,0.30000000000000004,0.25,0.1515151515151515,0.2161820480404551,19,126,0.03427999499562117,0.6661338558317005,2,3
0,0.1,0.125,0.05303030303030304,0.1150442477876106,19,64,0.04916802201926686,0.5347014540579562,1,2
3,0.1,0.125,0.05303030303030304,0.006321112515802781,19,64,0.00613036406855999,0.09719500876559761,0,2
0,0.0,0.125,0.005050505050505052,0.08470290771175726,19,5,0.1576379331915426,0.4733938331442715,1,0
0,0.0,0.125,0.0404040404040404,0.17825537294563842,19,5,0.09295633679469535,0.625348045787357,2,1
0,0.0,0.125,0.045454545454545456,0.20353982300884954,19,74,0.09583385462279494,0.6533463957925132,2,2
0,0.30000000000000004,0.375,0.07474747474747476,0.4437420986093552,19,145,0.13311647691730266,0.8212333711457154,3,2
5,0.30000000000000004,0.25,0.1919191919191919,0.4437420986093552,19,74,0.05542349555861378,0.8212333711457154,3,3
0,0.20000000000000004,0.25,0.0404040404040404,0.2161820480404551,19,126,0.11172275741273613,0.6661338558317005,2,1
0,0.1,0.125,0.0404040404040404,0.2161820480404551,19,145,0.11172275741273613,0.6661338558317005,2,1
3,0.1,0.25,0.02727272727272727,0.006321112515802781,19,74,0.011009633429250593,0.09719500876559761,0,1
0,0.20000000000000004,0.125,0.033838383838383834,0.20353982300884954,19,2,0.1213561866633304,0.6533463957925132,2,1
0,0.0,0.125,0.015151515151515152,0.36788874841972186,19,2,0.37445264606530715,0.7804475611013717,2,0
3,0.1,0.125,0.05050505050505051,0.0037926675094816682,19,146,0.005379707243838358,0.0631638651129216,0,2
3,0.0,0.125,0.020202020202020204,0.011378002528445006,19,74,0.017890654322532215,0.1527276477261008,0,1
0,0.20000000000000004,0.125,0.06565656565656566,0.17825537294563842,19,126,0.061678969097960716,0.625348045787357,2,2
0,0.1,0.125,0.025252525252525252,0.16561314791403287,19,60,0.12423370449143,0.6099309064659173,1,1
5,0.4,0.25,0.1414141414141414,0.36788874841972186,19,60,0.061678969097960716,0.7804475611013717,2,3
0,0.20000000000000004,0.125,0.055555555555555566,0.14032869785082175,19,145,0.05692480920805705,0.5754872641022999,1,2
4,0.1,0.125,0.015151515151515152,0.30467762326169406,19,146,0.31189791067183786,0.7396617510570282,2,0
1,0.1,0.125,0.020202020202020204,0.07711757269279393,19,72,0.07206305517327662,0.4550376405073735,1,1
0,0.1,0.125,0.0404040404040404,0.22882427307206066,19,146,0.11797823095208307,0.6782510054656081,2,1
0,0.1,0.125,0.045454545454545456,0.20353982300884954,19,5,0.09583385462279494,0.6533463957925132,2,2
4,0.0,0.125,0.24242424242424243,0.3173198482932996,19,73,0.03165269610909546,0.7484273486645356,2,3
0,0.0,0.125,0.020202020202020204,0.14032869785082175,19,144,0.12423370449143,0.5754872641022999,1,1
0,0.20000000000000004,0.25,0.061616161616161624,0.49431099873577744,19,144,0.17527836857250095,0.8447973600082501,3,2
1,0.1,0.125,0.0404040404040404,0.14032869785082175,19,144,0.07418991617665456,0.5754872641022999,1,1
5,0.20000000000000004,0.25,0.29292929292929293,0.393173198482933,19,74,0.032528462404604025,0.7948850159843253,3,3
0,0.1,0.125,0.055555555555555566,0.2920353982300885,19,60,0.11460027524083573,0.7304836547385791,2,2
5,0.20000000000000004,0.125,0.05050505050505051,0.14032869785082175,19,126,0.061678969097960716,0.5754872641022999,1,2
0,0.1,0.125,0.02777777777777778,0.16561314791403287,19,60,0.11585136994870511,0.6099309064659173,1,1
5,0.4,0.375,0.1919191919191919,0.36788874841972186,19,74,0.046040285249593395,0.7804475611013717,2,3
3,0.0,0.125,0.0101010101010101,0.10240202275600505,19,145,0.13987238833979732,0.511189027534289,1,0
0,0.1,0.125,0.0393939393939394,0.2161820480404551,19,126,0.11397472788690102,0.6661338558317005,2,1
0,0.1,0.125,0.055555555555555566,0.14032869785082175,19,126,0.05692480920805705,0.5754872641022999,1,2
0,0.0,0.125,0.03282828282828283,0.16561314791403287,19,126,0.10221443763292881,0.6099309064659173,1,1
0,0.1,0.125,0.0404040404040404,0.34260429835651074,19,74,0.17427749280620544,0.7649788594410643,2,1
0,0.0,0.125,0.0101010101010101,0.07711757269279393,19,74,0.10859502064306267,0.4550376405073735,1,0
0,0.1,0.125,0.0404040404040404,0.12768647281921616,19,126,0.06793444263730763,0.5560482623491803,1,1
0,0.20000000000000004,0.125,0.03787878787878787,0.07711757269279393,19,5,0.045164518954084826,0.4550376405073735,1,1
5,0.20000000000000004,0.125,0.09090909090909091,0.09734513274336283,19,89,0.02602276992368322,0.5010312467773539,1,2
0,0.0,0.125,0.025252525252525252,0.08470290771175726,19,145,0.06705867634179906,0.4733938331442715,1,1
5,0.4,0.25,0.1919191919191919,0.4437420986093552,19,74,0.05542349555861378,0.8212333711457154,3,3
0,0.1,0.25,0.09090909090909091,0.008849557522123892,19,60,0.0041286125359689735,0.1266886665979169,0,2
3,0.0,0.125,0.0303030303030303,0.0037926675094816682,19,144,0.008507444013511821,0.0631638651129216,0,1
0,0.0,0.125,0.015151515151515152,0.006321112515802781,19,145,0.01663955961466283,0.09719500876559761,0,0
5,0.1,0.125,0.0404040404040404,0.12768647281921616,19,126,0.06793444263730763,0.5560482623491803,1,1
3,0.0,0.125,0.21717171717171715,0.0037926675094816682,20,152,0.0007506568247216313,0.0631638651129216,0,3
0,0.1,0.125,0.02777777777777778,0.013906447534766117,20,152,0.01576379331915426,0.17608538723316491,0,1
3,0.1,0.125,0.09090909090909091,0.02907711757269279,20,152,0.009132991367446516,0.2804991234402392,0,2
3,0.1,0.125,0.0303030303030303,0.018963337547408345,20,152,0.017890654322532215,0.2165618232443025,0,1
5,0.30000000000000004,0.25,0.29292929292929293,0.05436156763590391,20,152,0.0045039409483297885,0.388676910384655,0,3
5,0.20000000000000004,0.125,0.03535353535353536,0.03919089759797724,20,25,0.026898536219191794,0.3302052181086934,0,1
3,0.1,0.125,0.0303030303030303,0.008849557522123892,20,152,0.011635180783185286,0.1266886665979169,0,1
5,0.0,0.125,0.0303030303030303,0.12768647281921616,20,152,0.08519954960590516,0.5560482623491803,1,1
5,0.1,0.125,0.11616161616161617,0.20353982300884954,20,152,0.04166145377205054,0.6533463957925132,2,3
3,0.0,0.125,0.0707070707070707,0.008849557522123892,20,152,0.005379707243838358,0.1266886665979169,0,2
0,0.1,0.125,0.0303030303030303,0.008849557522123892,20,152,0.011635180783185286,0.1266886665979169,0,1
3,0.1,0.125,0.02777777777777778,0.013906447534766117,20,152,0.01576379331915426,0.17608538723316491,0,1
0,0.1,0.125,0.020202020202020204,0.1150442477876106,20,5,0.10334042287001124,0.5347014540579562,1,1
5,0.30000000000000004,0.25,0.29292929292929293,0.05436156763590391,20,152,0.0045039409483297885,0.388676910384655,0,3
0,0.1,0.125,0.02727272727272727,0.013906447534766117,20,152,0.016014012260728138,0.17608538723316491,0,1
3,0.1,0.125,0.02828282828282828,0.01643489254108723,20,152,0.017265106968597524,0.1972259461689183,0,1
0,0.1,0.125,0.02777777777777778,0.01643489254108723,20,152,0.0175153259101714,0.1972259461689183,0,1
3,0.1,0.125,0.02777777777777778,0.018963337547408345,20,152,0.019141749030401604,0.2165618232443025,0,1
3,0.1,0.125,0.0303030303030303,0.013906447534766117,20,152,0.01476291755285875,0.17608538723316491,0,1
3,0.0,0.125,0.1414141414141414,0.0012642225031605555,20,152,0.0012510947078693858,0.02309992781272563,0,3
5,0.0,0.125,0.0303030303030303,0.04424778761061946,20,152,0.033529338170899536,0.351448901722182,0,1
3,0.0,0.125,0.015151515151515152,0.011378002528445006,20,152,0.021643938446140373,0.1527276477261008,0,0
3,0.1,0.125,0.0303030303030303,0.013906447534766117,20,152,0.01476291755285875,0.17608538723316491,0,1
3,0.1,0.125,0.02777777777777778,0.018963337547408345,20,152,0.019141749030401604,0.2165618232443025,0,1
0,0.1,0.125,0.02727272727272727,0.018963337547408345,20,152,0.01939196797197548,0.2165618232443025,0,1
3,0.1,0.125,0.02777777777777778,0.018963337547408345,20,152,0.019141749030401604,0.2165618232443025,0,1
0,0.20000000000000004,0.125,0.0404040404040404,0.0037926675094816682,20,5,0.006630801951707743,0.0631638651129216,0,1
0,0.0,0.125,0.005050505050505052,0.0012642225031605555,20,152,0.02001751532591017,0.02309992781272563,0,0
5,0.30000000000000004,0.125,0.29292929292929293,0.0518331226295828,20,152,0.00437883147754285,0.37996287511601534,0,3
5,0.30000000000000004,0.125,0.29292929292929293,0.0518331226295828,20,152,0.00437883147754285,0.37996287511601534,0,3
3,0.20000000000000004,0.125,0.0404040404040404,0.013906447534766117,20,152,0.011635180783185286,0.17608538723316491,0,1
3,0.1,0.125,0.055555555555555566,0.0037926675094816682,20,113,0.0048792693606906044,0.0631638651129216,0,2
2,0.20000000000000004,0.125,0.0404040404040404,0.08975979772439949,22,5,0.04916802201926686,0.48484067237289885,1,1
5,0.20000000000000004,0.125,0.05050505050505051,0.06953223767383059,22,5,0.032528462404604025,0.4350314530267094,1,2
0,0.1,0.125,0.0303030303030303,0.07711757269279393,22,33,0.05392218190917052,0.4550376405073735,1,1
5,0.1,0.125,0.02777777777777778,0.06447534766118837,22,156,0.04916802201926686,0.4206455604826236,0,1
1,0.30000000000000004,0.125,0.06565656565656566,0.1150442477876106,22,33,0.040785687476541974,0.5347014540579562,1,2
1,0.20000000000000004,0.125,0.0404040404040404,0.16561314791403287,22,45,0.08670086325534843,0.6099309064659173,1,1
4,0.0,0.125,0.24242424242424243,0.393173198482933,22,156,0.03915926435631178,0.7948850159843253,3,3
5,0.1,0.125,0.06565656565656566,0.0518331226295828,22,5,0.02001751532591017,0.37996287511601534,0,2
5,0.20000000000000004,0.125,0.055555555555555566,0.1150442477876106,22,45,0.04729137995746278,0.5347014540579562,1,2
5,0.30000000000000004,0.25,0.09090909090909091,0.08950695322376738,22,5,0.024146127861879144,0.48432504898422213,1,2
5,0.30000000000000004,0.125,0.15505050505050505,0.10240202275600505,22,5,0.01638934067308895,0.511189027534289,1,3
0,0.20000000000000004,0.125,0.02777777777777778,0.04930467762326169,22,5,0.03915926435631178,0.37083634113643416,0,1
0,0.20000000000000004,0.125,0.0303030303030303,0.04930467762326169,22,5,0.036657074940573,0.37083634113643416,0,1
5,0.20000000000000004,0.125,0.0707070707070707,0.14791403286978508,16,5,0.048417365194545224,0.5863669176033826,1,2
5,0.20000000000000004,0.125,0.0404040404040404,0.08470290771175726,16,5,0.046665832603528086,0.4733938331442715,1,1
0,0.1,0.125,0.05858585858585859,0.06447534766118837,16,131,0.026773426748404855,0.4206455604826236,0,2
0,0.30000000000000004,0.25,0.07323232323232323,0.2161820480404551,16,128,0.06730889528337294,0.6661338558317005,2,2
0,0.1,0.125,0.017676767676767676,0.1150442477876106,16,132,0.11284874264981858,0.5347014540579562,1,1
5,0.5000000000000001,0.375,0.1414141414141414,0.08975979772439949,16,131,0.01576379331915426,0.48484067237289885,1,3
5,0.0,0.125,0.0303030303030303,0.06447534766118837,16,5,0.046040285249593395,0.4206455604826236,0,1
0,0.20000000000000004,0.125,0.05050505050505051,0.09987357774968393,16,121,0.04503940948329788,0.5061359183252554,1,2
5,0.4,0.375,0.09595959595959597,0.14032869785082175,16,5,0.03490554234955586,0.5754872641022999,1,3
0,0.20000000000000004,0.125,0.06060606060606061,0.14032869785082175,16,131,0.052796196672088076,0.5754872641022999,1,2
0,0.1,0.25,0.0404040404040404,0.14032869785082175,16,5,0.07418991617665456,0.5754872641022999,1,1
0,0.20000000000000004,0.125,0.06565656565656566,0.17825537294563842,16,132,0.061678969097960716,0.625348045787357,2,2
0,0.1,0.125,0.025252525252525252,0.07964601769911504,16,5,0.06343050168897785,0.4613282458492318,1,1
0,0.0,0.125,0.012626262626262628,0.0518331226295828,16,131,0.06868509946202926,0.37996287511601534,0,0
3,0.1,0.125,0.015151515151515152,0.06447534766118837,16,5,0.07418991617665456,0.4206455604826236,0,0
0,0.20000000000000004,0.25,0.09090909090909091,0.14032869785082175,16,98,0.036657074940573,0.5754872641022999,1,2
0,0.0,0.125,0.015151515151515152,0.08975979772439949,16,131,0.09921181033404228,0.48484067237289885,1,0
0,0.30000000000000004,0.125,0.05303030303030304,0.10745891276864727,16,127,0.04616539472038033,0.520882747241415,1,2
0,0.20000000000000004,0.25,0.0404040404040404,0.1150442477876106,16,5,0.061678969097960716,0.5347014540579562,1,1
5,0.20000000000000004,0.125,0.05050505050505051,0.12010113780025283,16,131,0.05329663455523583,0.5434670516654636,1,2
5,0.20000000000000004,0.125,0.04292929292929293,0.06447534766118837,16,131,0.03490554234955586,0.4206455604826236,0,2
0,0.20000000000000004,0.125,0.05050505050505051,0.14032869785082175,16,128,0.061678969097960716,0.5754872641022999,1,2
0,0.0,0.125,0.025252525252525252,0.09481668773704172,16,121,0.07418991617665456,0.49577188821284945,1,1
0,0.0,0.125,0.015151515151515152,0.046776232616940576,16,131,0.056674590266483166,0.36134887078477873,0,0
0,0.20000000000000004,0.125,0.0404040404040404,0.07711757269279393,16,5,0.04291254847991993,0.4550376405073735,1,1
4,0.30000000000000004,0.125,0.09090909090909091,0.49431099873577744,16,5,0.12423370449143,0.8447973600082501,3,2
4,0.0,0.125,0.017676767676767676,0.10240202275600505,16,127,0.10146378080820717,0.511189027534289,1,1
0,0.1,0.125,0.035858585858585854,0.06447534766118837,16,131,0.04041035906418115,0.4206455604826236,0,1
5,0.0,0.125,0.025252525252525252,0.09987357774968393,16,5,0.07781809082947579,0.5061359183252554,1,1
0,0.20000000000000004,0.125,0.0404040404040404,0.07711757269279393,16,131,0.04291254847991993,0.4550376405073735,1,1
0,0.20000000000000004,0.125,0.09090909090909091,0.08470290771175726,16,131,0.02289503315400976,0.4733938331442715,1,2
5,0.1,0.125,0.05050505050505051,0.046776232616940576,16,5,0.023145252095583636,0.36134887078477873,0,2
0,0.1,0.125,0.0404040404040404,0.07458912768647281,16,128,0.04166145377205054,0.448592348148912,1,1
0,0.0,0.125,0.02272727272727273,0.05941845764854614,16,128,0.05304641561366195,0.40522842116118407,0,1
0,0.1,0.25,0.045454545454545456,0.1529709228824273,16,5,0.07306393093957211,0.5933793956893887,1,2
0,0.30000000000000004,0.25,0.06565656565656566,0.16561314791403287,16,5,0.05755035656199174,0.6099309064659173,1,2
0,0.1,0.125,0.05050505050505051,0.06447534766118837,16,5,0.030401601401226074,0.4206455604826236,0,2
0,0.30000000000000004,0.125,0.05050505050505051,0.14032869785082175,16,128,0.061678969097960716,0.5754872641022999,1,2
0,0.1,0.125,0.020202020202020204,0.08470290771175726,16,124,0.07831852871262354,0.4733938331442715,1,1
4,0.1,0.125,0.3434343434343434,0.2161820480404551,16,124,0.015263355436006506,0.6661338558317005,2,3
0,0.20000000000000004,0.125,0.06565656565656566,0.07711757269279393,16,131,0.02827474039784812,0.4550376405073735,1,2
0,0.20000000000000004,0.125,0.06565656565656566,0.07711757269279393,16,131,0.02827474039784812,0.4550376405073735,1,2
0,0.20000000000000004,0.125,0.0303030303030303,0.14032869785082175,16,132,0.09295633679469535,0.5754872641022999,1,1
5,0.20000000000000004,0.125,0.06060606060606061,0.09734513274336283,16,131,0.03753284123608157,0.5010312467773539,1,2
1,0.0,0.125,0.015151515151515152,0.07711757269279393,16,132,0.08670086325534843,0.4550376405073735,1,0
4,0.0,0.125,0.06313131313131314,0.5448798988621997,16,5,0.18891530088827724,0.8661441682994742,3,2
0,0.1,0.125,0.015151515151515152,0.06447534766118837,16,121,0.07418991617665456,0.4206455604826236,0,0
5,0.20000000000000004,0.125,0.05050505050505051,0.09481668773704172,16,131,0.04291254847991993,0.49577188821284945,1,2
0,0.1,0.125,0.06565656565656566,0.10240202275600505,16,5,0.036657074940573,0.511189027534289,1,2
5,0.1,0.125,0.06060606060606061,0.07711757269279393,16,5,0.030401601401226074,0.4550376405073735,1,2
0,0.1,0.125,0.03535353535353536,0.08975979772439949,16,131,0.05467283873389216,0.48484067237289885,1,1
0,0.30000000000000004,0.125,0.05050505050505051,0.07711757269279393,16,127,0.035656199174277495,0.4550376405073735,1,2
5,0.1,0.125,0.06565656565656566,0.08975979772439949,16,5,0.032528462404604025,0.48484067237289885,1,2
5,0.20000000000000004,0.125,0.06565656565656566,0.10240202275600505,16,132,0.036657074940573,0.511189027534289,1,2
2,0.20000000000000004,0.125,0.05050505050505051,0.018963337547408345,16,131,0.011635180783185286,0.2165618232443025,0,2
0,0.1,0.125,0.045454545454545456,0.08975979772439949,16,5,0.04466408107093707,0.48484067237289885,1,2
0,0.1,0.25,0.04292929292929293,0.14538558786346395,16,5,0.07293882146878518,0.5828091162215119,1,2
0,0.1,0.125,0.014646464646464647,0.0037926675094816682,16,5,0.014387589140497934,0.0631638651129216,0,0
5,0.20000000000000004,0.125,0.043434343434343436,0.08470290771175726,16,120,0.043913424246215436,0.4733938331442715,1,2
1,0.1,0.125,0.0303030303030303,0.14032869785082175,16,5,0.09295633679469535,0.5754872641022999,1,1
0,0.20000000000000004,0.125,0.0303030303030303,0.07964601769911504,16,132,0.05542349555861378,0.4613282458492318,1,1
5,0.20000000000000004,0.125,0.0303030303030303,0.10240202275600505,16,5,0.0694357562867509,0.511189027534289,1,1
4,0.0,0.0,0.797979797979798,0.0518331226295828,16,5,0.0011259852370824473,0.37996287511601534,0,3
0,0.0,0.125,0.007575757575757576,0.05436156763590391,16,5,0.09208057049918678,0.388676910384655,0,0
0,0.20000000000000004,0.125,0.03282828282828283,0.06953223767383059,16,122,0.04616539472038033,0.4350314530267094,1,1
0,0.1,0.125,0.025252525252525252,0.08975979772439949,16,5,0.07056174152383335,0.48484067237289885,1,1
0,0.1,0.125,0.011111111111111113,0.08975979772439949,16,5,0.11822844989365694,0.48484067237289885,1,0
5,0.30000000000000004,0.125,0.09595959595959597,0.1529709228824273,16,5,0.03790816964844239,0.5933793956893887,1,3
0,0.20000000000000004,0.125,0.021717171717171715,0.07711757269279393,16,131,0.06868509946202926,0.4550376405073735,1,1
0,0.1,0.125,0.011111111111111113,0.08975979772439949,16,5,0.11822844989365694,0.48484067237289885,1,0
1,0.20000000000000004,0.25,0.025252525252525252,0.16561314791403287,16,132,0.12423370449143,0.6099309064659173,1,1
0,0.0,0.125,0.020202020202020204,0.0518331226295828,16,121,0.05129488302264481,0.37996287511601534,0,1
5,0.30000000000000004,0.125,0.05303030303030304,0.14032869785082175,16,128,0.05917677968222194,0.5754872641022999,1,2
0,0.20000000000000004,0.125,0.04848484848484849,0.12768647281921616,16,123,0.05842612285750031,0.5560482623491803,1,2
4,0.0,0.125,0.0101010101010101,0.2161820480404551,16,5,0.2806205429751032,0.6661338558317005,2,0
4,0.0,0.125,0.06565656565656566,0.16055625790139064,16,131,0.055798823970974604,0.6034340517685883,1,2
0,0.1,0.125,0.03787878787878787,0.08217446270543616,16,131,0.04779181784061053,0.467464164174487,1,1
0,0.1,0.125,0.020202020202020204,0.1150442477876106,16,132,0.10334042287001124,0.5347014540579562,1,1
5,0.1,0.125,0.03535353535353536,0.08975979772439949,16,123,0.05467283873389216,0.48484067237289885,1,1
0,0.1,0.125,0.05252525252525253,0.12768647281921616,16,98,0.05467283873389216,0.5560482623491803,1,2
0,0.20000000000000004,0.125,0.05050505050505051,0.08975979772439949,16,124,0.040785687476541974,0.48484067237289885,1,2
0,0.20000000000000004,0.25,0.09090909090909091,0.16561314791403287,16,131,0.04291254847991993,0.6099309064659173,1,2
0,0.1,0.125,0.06565656565656566,0.10493046776232616,16,131,0.03753284123608157,0.5160874497267196,1,2
0,0.1,0.125,0.0404040404040404,0.1150442477876106,16,122,0.061678969097960716,0.5347014540579562,1,1
0,0.1,0.125,0.025252525252525252,0.06700379266750947,16,121,0.054547729263105214,0.4279674126018356,1,1
0,0.30000000000000004,0.125,0.04797979797979798,0.08470290771175726,16,121,0.04041035906418115,0.4733938331442715,1,2
5,0.7000000000000001,0.25,0.1313131313131313,0.22882427307206066,16,5,0.04153634430126361,0.6782510054656081,2,3
0,0.30000000000000004,0.25,0.051010101010101006,0.213653603034134,16,120,0.09120480420367821,0.6636588635660514,2,2
5,0.1,0.125,0.03535353535353536,0.08975979772439949,16,122,0.05467283873389216,0.48484067237289885,1,1
0,0.20000000000000004,0.125,0.045454545454545456,0.08975979772439949,16,119,0.04466408107093707,0.48484067237289885,1,2
5,0.30000000000000004,0.25,0.7474747474747475,0.7218710493046776,16,121,0.023270361566370575,0.9279674126018358,3,3
0,0.1,0.125,0.02676767676767677,0.12768647281921616,16,132,0.09333166520705617,0.5560482623491803,1,1
4,0.0,0.0,0.03787878787878787,0.07711757269279393,16,123,0.045164518954084826,0.4550376405073735,1,1
0,0.1,0.125,0.05303030303030304,0.10872313527180782,16,120,0.046665832603528086,0.5232546148293287,1,2
0,0.20000000000000004,0.125,0.05050505050505051,0.08470290771175726,16,131,0.03878393594395096,0.4733938331442715,1,2
4,0.0,0.125,0.0060606060606060615,0.22882427307206066,16,128,0.3705742524709121,0.6782510054656081,2,0
0,0.20000000000000004,0.25,0.05050505050505051,0.08975979772439949,16,121,0.040785687476541974,0.48484067237289885,1,2
5,0.1,0.125,0.03282828282828283,0.14032869785082175,16,122,0.08745152008007005,0.5754872641022999,1,1
0,0.20000000000000004,0.125,0.05050505050505051,0.09481668773704172,16,131,0.04291254847991993,0.49577188821284945,1,2
4,0.0,0.125,0.020202020202020204,0.14032869785082175,16,132,0.12423370449143,0.5754872641022999,1,1
4,0.0,0.0,0.0707070707070707,0.05941845764854614,16,5,0.02101839109220568,0.40522842116118407,0,2
0,0.1,0.125,0.03282828282828283,0.16561314791403287,16,5,0.10221443763292881,0.6099309064659173,1,1
0,0.0,0.125,0.0101010101010101,0.06447534766118837,16,5,0.09295633679469535,0.4206455604826236,0,0
0,0.30000000000000004,0.125,0.09090909090909091,0.12768647281921616,16,5,0.033529338170899536,0.5560482623491803,1,2
1,0.1,0.25,0.0404040404040404,0.1529709228824273,16,131,0.08044538971600149,0.5933793956893887,1,1
0,0.1,0.25,0.04242424242424242,0.1529709228824273,16,120,0.07731765294632803,0.5933793956893887,1,2
5,0.20000000000000004,0.125,0.0303030303030303,0.10240202275600505,16,5,0.0694357562867509,0.511189027534289,1,1
0,0.1,0.125,0.033838383838383834,0.10240202275600505,16,121,0.06380583010133867,0.511189027534289,1,1
0,0.30000000000000004,0.125,0.06060606060606061,0.10240202275600505,16,123,0.03928437382709871,0.511189027534289,1,2
0,0.20000000000000004,0.125,0.05050505050505051,0.10240202275600505,16,131,0.046040285249593395,0.511189027534289,1,2
0,0.30000000000000004,0.125,0.09090909090909091,0.08470290771175726,16,98,0.02289503315400976,0.4733938331442715,1,2
5,0.20000000000000004,0.125,0.0404040404040404,0.10240202275600505,16,121,0.05542349555861378,0.511189027534289,1,1
0,0.1,0.125,0.03131313131313132,0.10240202275600505,16,122,0.0678093331665207,0.511189027534289,1,1
0,0.1,0.25,0.05050505050505051,0.24146649810366622,16,131,0.10334042287001124,0.6896978446942355,2,2
0,0.20000000000000004,0.125,0.0404040404040404,0.0720606826801517,16,120,0.04041035906418115,0.4418892440961124,1,1
0,0.20000000000000004,0.125,0.06060606060606061,0.14032869785082175,16,131,0.052796196672088076,0.5754872641022999,1,2
0,0.20000000000000004,0.125,0.033838383838383834,0.08975979772439949,16,119,0.056674590266483166,0.48484067237289885,1,1
0,0.1,0.125,0.00909090909090909,0.07711757269279393,16,5,0.11435005629926186,0.4550376405073735,1,0
5,0.20000000000000004,0.125,0.05050505050505051,0.09481668773704172,16,5,0.04291254847991993,0.49577188821284945,1,2
4,0.1,0.125,0.1515151515151515,0.26675094816687733,16,119,0.0421618916551983,0.7110446529854595,2,3
0,0.1,0.125,0.017676767676767676,0.09481668773704172,16,132,0.09470786938571249,0.49577188821284945,1,1
5,0.30000000000000004,0.125,0.0707070707070707,0.08217446270543616,16,122,0.02802452145627424,0.467464164174487,1,2
5,0.20000000000000004,0.125,0.1616161616161616,0.08470290771175726,16,122,0.01313649443262855,0.4733938331442715,1,3
0,0.20000000000000004,0.125,0.03535353535353536,0.09481668773704172,16,132,0.05755035656199174,0.49577188821284945,1,1
5,0.20000000000000004,0.125,0.11616161616161617,0.1150442477876106,16,131,0.024146127861879144,0.5347014540579562,1,3
0,0.1,0.125,0.0404040404040404,0.14032869785082175,16,5,0.07418991617665456,0.5754872641022999,1,1
4,0.1,0.125,0.012626262626262628,0.1150442477876106,16,131,0.1381208557487802,0.5347014540579562,1,0
3,0.1,0.125,0.015151515151515152,0.0012642225031605555,16,5,0.011635180783185286,0.02309992781272563,0,0
0,0.0,0.125,0.015151515151515152,0.12768647281921616,16,131,0.13674465157012386,0.5560482623491803,1,0
5,0.30000000000000004,0.25,0.16666666666666666,0.43109987357774965,16,5,0.061678969097960716,0.814942765803857,3,3
5,0.20000000000000004,0.125,0.15656565656565655,0.08470290771175726,16,128,0.013511822844989363,0.4733938331442715,1,3
0,0.1,0.125,0.02777777777777778,0.05941845764854614,16,119,0.04579006630801952,0.40522842116118407,0,1
0,0.20000000000000004,0.125,0.045454545454545456,0.1150442477876106,16,128,0.056049042912548475,0.5347014540579562,1,2
4,0.0,0.125,0.0060606060606060615,0.22882427307206066,16,128,0.3705742524709121,0.6782510054656081,2,0
0,0.20000000000000004,0.125,0.0707070707070707,0.08975979772439949,16,5,0.030401601401226074,0.48484067237289885,1,2
0,0.20000000000000004,0.125,0.04646464646464647,0.12262958280657396,16,121,0.058301013386713375,0.5477467257914819,1,2
5,0.20000000000000004,0.125,0.05050505050505051,0.07964601769911504,16,5,0.036657074940573,0.4613282458492318,1,2
0,0.1,0.125,0.03787878787878787,0.10998735777496839,16,120,0.06230451645189541,0.525574920078375,1,1
0,0.20000000000000004,0.125,0.06565656565656566,0.1150442477876106,16,122,0.040785687476541974,0.5347014540579562,1,2
5,0.5000000000000001,0.125,0.21717171717171715,0.36788874841972186,16,5,0.040785687476541974,0.7804475611013717,2,3
4,0.0,0.125,0.0404040404040404,0.019721871049304673,16,131,0.014512698611284873,0.2220274311642776,0,1
1,0.20000000000000004,0.125,0.03535353535353536,0.0518331226295828,16,132,0.03390466658326035,0.37996287511601534,0,1
0,0.1,0.125,0.019191919191919194,0.09481668773704172,16,5,0.08970349055423495,0.49577188821284945,1,1
5,0.20000000000000004,0.125,0.09090909090909091,0.1150442477876106,16,131,0.030401601401226074,0.5347014540579562,1,2
0,0.20000000000000004,0.125,0.05050505050505051,0.10240202275600505,16,5,0.046040285249593395,0.511189027534289,1,2
0,0.1,0.125,0.0404040404040404,0.08975979772439949,16,131,0.04916802201926686,0.48484067237289885,1,1
4,0.0,0.125,0.09090909090909091,0.49431099873577744,16,120,0.12423370449143,0.8447973600082501,3,2
5,0.4,0.125,0.08080808080808081,0.17825537294563842,16,128,0.05129488302264481,0.625348045787357,2,2
0,0.1,0.125,0.020202020202020204,0.1150442477876106,16,132,0.10334042287001124,0.5347014540579562,1,1
5,0.20000000000000004,0.125,0.0707070707070707,0.14032869785082175,16,5,0.046040285249593395,0.5754872641022999,1,2
1,0.4,0.25,0.09090909090909091,0.16561314791403287,16,5,0.04291254847991993,0.6099309064659173,1,2
2,0.0,0.125,0.06565656565656566,0.10240202275600505,16,119,0.036657074940573,0.511189027534289,1,2
0,0.1,0.125,0.03535353535353536,0.08975979772439949,16,132,0.05467283873389216,0.48484067237289885,1,1
5,0.20000000000000004,0.125,0.045454545454545456,0.10745891276864727,16,119,0.05254597773051419,0.520882747241415,1,2
4,0.0,0.125,0.1313131313131313,0.0518331226295828,16,5,0.010258976604528961,0.37996287511601534,0,3
5,0.1,0.125,0.0404040404040404,0.06447534766118837,16,5,0.036657074940573,0.4206455604826236,0,1
0,0.30000000000000004,0.125,0.055555555555555566,0.10240202275600505,16,124,0.042412110596772176,0.511189027534289,1,2
0,0.20000000000000004,0.125,0.055555555555555566,0.14032869785082175,16,119,0.05692480920805705,0.5754872641022999,1,2
4,0.0,0.125,0.24242424242424243,0.36788874841972186,16,127,0.036657074940573,0.7804475611013717,2,3
5,0.30000000000000004,0.125,0.025252525252525252,0.06953223767383059,16,121,0.05629926185412236,0.4350314530267094,1,1
0,0.0,0.125,0.017676767676767676,0.1150442477876106,16,5,0.11284874264981858,0.5347014540579562,1,1
4,0.0,0.125,0.03131313131313132,0.08975979772439949,16,123,0.06017765544851745,0.48484067237289885,1,1
5,0.30000000000000004,0.25,0.08080808080808081,0.12768647281921616,16,123,0.03740773176529463,0.5560482623491803,1,2
5,0.30000000000000004,0.125,0.1919191919191919,0.1150442477876106,16,119,0.01476291755285875,0.5347014540579562,1,3
5,0.30000000000000004,0.125,0.16666666666666666,0.14032869785082175,16,132,0.020517953209057926,0.5754872641022999,1,3
2,0.1,0.125,0.05050505050505051,0.011378002528445006,16,121,0.008507444013511821,0.1527276477261008,0,2
0,0.30000000000000004,0.25,0.07424242424242425,0.20353982300884954,16,131,0.06280495433504316,0.6533463957925132,2,2
0,0.30000000000000004,0.125,0.05303030303030304,0.1150442477876106,16,132,0.04916802201926686,0.5347014540579562,1,2
0,0.30000000000000004,0.125,0.05303030303030304,0.08975979772439949,16,127,0.03915926435631178,0.48484067237289885,1,2
5,0.4,0.25,0.09595959595959597,0.14032869785082175,16,5,0.03490554234955586,0.5754872641022999,1,3
0,0.30000000000000004,0.125,0.10101010101010101,0.08470290771175726,16,131,0.020768172150631804,0.4733938331442715,1,3
5,0.1,0.125,0.0404040404040404,0.07711757269279393,16,5,0.04291254847991993,0.4550376405073735,1,1
0,0.1,0.25,0.043434343434343436,0.19089759797724398,16,5,0.09358188414863004,0.6397855006703106,2,2
4,0.0,0.0,0.03787878787878787,0.07711757269279393,16,123,0.045164518954084826,0.4550376405073735,1,1
0,0.20000000000000004,0.125,0.0404040404040404,0.10240202275600505,16,124,0.05542349555861378,0.511189027534289,1,1
0,0.0,0.125,0.0101010101010101,0.06953223767383059,16,121,0.09921181033404228,0.4350314530267094,1,0
0,0.20000000000000004,0.125,0.045454545454545456,0.1150442477876106,16,132,0.056049042912548475,0.5347014540579562,1,2
0,0.30000000000000004,0.125,0.055555555555555566,0.09481668773704172,16,128,0.03953459276867259,0.49577188821284945,1,2
4,0.4,0.375,0.21717171717171715,0.6207332490518331,16,120,0.06868509946202926,0.8947612663710427,3,3
4,0.1,0.125,0.007575757575757576,0.07711757269279393,16,121,0.12423370449143,0.4550376405073735,1,0
5,0.30000000000000004,0.25,0.06565656565656566,0.07711757269279393,16,119,0.02827474039784812,0.4550376405073735,1,2
4,0.0,0.125,0.04292929292929293,0.1529709228824273,16,131,0.0765669961216064,0.5933793956893887,1,2
5,0.20000000000000004,0.125,0.06313131313131314,0.06447534766118837,16,119,0.025021894157387713,0.4206455604826236,0,2
0,0.1,0.125,0.045454545454545456,0.04930467762326169,16,121,0.02639809833604404,0.37083634113643416,0,2
5,0.20000000000000004,0.125,0.06060606060606061,0.08975979772439949,16,5,0.03490554234955586,0.48484067237289885,1,2
5,0.20000000000000004,0.125,0.0707070707070707,0.14032869785082175,16,121,0.046040285249593395,0.5754872641022999,1,2
2,0.20000000000000004,0.125,0.04292929292929293,0.08723135271807837,16,121,0.04553984736644564,0.4792203774363206,1,2
5,0.20000000000000004,0.125,0.0404040404040404,0.09481668773704172,16,119,0.05167021143500563,0.49577188821284945,1,1
4,0.0,0.0,0.004040404040404042,0.1150442477876106,16,122,0.22256974852996372,0.5347014540579562,1,0
4,0.0,0.0,0.0404040404040404,0.10240202275600505,16,127,0.05542349555861378,0.511189027534289,1,1
0,0.20000000000000004,0.375,0.055555555555555566,0.17825537294563842,16,131,0.07131239834855498,0.625348045787357,2,2
4,0.1,0.125,0.1515151515151515,0.7471554993678887,16,5,0.11647691730263982,0.9355986387542541,3,3
5,0.20000000000000004,0.125,0.0404040404040404,0.07711757269279393,16,121,0.04291254847991993,0.4550376405073735,1,1
5,0.6000000000000001,0.375,0.24242424242424243,0.30467762326169406,16,120,0.030401601401226074,0.7396617510570282,2,3
0,0.0,0.125,0.024242424242424242,0.09481668773704172,16,121,0.07644188665081945,0.49577188821284945,1,1
4,0.0,0.125,0.08080808080808081,0.16561314791403287,16,120,0.04779181784061053,0.6099309064659173,1,2
5,0.30000000000000004,0.125,0.25252525252525254,0.20353982300884954,15,55,0.019517077442762418,0.6533463957925132,2,3
5,0.1,0.125,0.0404040404040404,0.08975979772439949,15,16,0.04916802201926686,0.48484067237289885,1,1
5,0.1,0.125,0.05050505050505051,0.14032869785082175,15,112,0.061678969097960716,0.5754872641022999,1,2
5,0.30000000000000004,0.125,0.05050505050505051,0.10240202275600505,15,143,0.046040285249593395,0.511189027534289,1,2
0,0.1,0.125,0.02777777777777778,0.02654867256637168,15,63,0.024146127861879144,0.26616479323502107,0,1
0,0.20000000000000004,0.125,0.05050505050505051,0.24146649810366622,15,61,0.10334042287001124,0.6896978446942355,2,2
0,0.1,0.125,0.09090909090909091,0.16055625790139064,15,24,0.04166145377205054,0.6034340517685883,1,2
0,0.1,0.125,0.06565656565656566,0.1150442477876106,15,24,0.040785687476541974,0.5347014540579562,1,2
0,0.0,0.125,0.0303030303030303,0.14032869785082175,15,63,0.09295633679469535,0.5754872641022999,1,1
0,0.1,0.125,0.0303030303030303,0.1150442477876106,15,61,0.07731765294632803,0.5347014540579562,1,1
0,0.1,0.125,0.0303030303030303,0.16561314791403287,15,61,0.10859502064306267,0.6099309064659173,1,1
0,0.1,0.125,0.0404040404040404,0.2161820480404551,15,58,0.11172275741273613,0.6661338558317005,2,1
0,0.0,0.125,0.02777777777777778,0.1150442477876106,15,112,0.08257225071937944,0.5347014540579562,1,1
0,0.1,0.125,0.05252525252525253,0.20353982300884954,15,61,0.08482422119354434,0.6533463957925132,2,2
0,0.0,0.125,0.02777777777777778,0.1150442477876106,15,112,0.08257225071937944,0.5347014540579562,1,1
0,0.0,0.125,0.02777777777777778,0.10745891276864727,15,112,0.0775678718879019,0.520882747241415,1,1
5,0.20000000000000004,0.125,0.24242424242424243,0.013906447534766117,15,112,0.0016264231202302018,0.17608538723316491,0,3
5,0.1,0.125,0.21717171717171715,0.08470290771175726,15,112,0.009633429250594268,0.4733938331442715,1,3
5,0.1,0.125,0.05050505050505051,0.24146649810366622,15,61,0.10334042287001124,0.6896978446942355,2,2
0,0.0,0.125,0.02777777777777778,0.02654867256637168,15,63,0.024146127861879144,0.26616479323502107,0,1
0,0.1,0.125,0.0404040404040404,0.17825537294563842,15,63,0.09295633679469535,0.625348045787357,2,1
3,0.1,0.125,0.04090909090909091,0.008849557522123892,15,63,0.009007881896659577,0.1266886665979169,0,2
0,0.20000000000000004,0.125,0.0707070707070707,0.2920353982300885,15,106,0.09295633679469535,0.7304836547385791,2,2
1,0.4,0.25,0.06565656565656566,0.49431099873577744,15,112,0.16589515826348056,0.8447973600082501,3,2
5,0.1,0.125,0.0404040404040404,0.18836915297092288,15,61,0.0979607156261729,0.6370011343714552,2,1
0,0.1,0.125,0.05252525252525253,0.14032869785082175,15,61,0.05967721756536969,0.5754872641022999,1,2
0,0.20000000000000004,0.125,0.031818181818181815,0.17825537294563842,15,63,0.11222319529588388,0.625348045787357,2,1
3,0.1,0.125,0.03282828282828283,0.011378002528445006,15,61,0.012385837607906918,0.1527276477261008,0,1
3,0.1,0.125,0.05050505050505051,0.0012642225031605555,15,61,0.00437883147754285,0.02309992781272563,0,2
3,0.1,0.125,0.06565656565656566,0.0012642225031605555,15,80,0.0032528462404604027,0.02309992781272563,0,2
0,0.1,0.125,0.0404040404040404,0.09481668773704172,15,55,0.05167021143500563,0.49577188821284945,1,1
4,0.0,0.125,0.29292929292929293,0.24146649810366622,15,36,0.02001751532591017,0.6896978446942355,2,3
3,0.0,0.125,0.020202020202020204,0.0012642225031605555,15,80,0.00950831977980733,0.02309992781272563,0,1
3,0.0,0.25,0.025252525252525252,0.006321112515802781,15,80,0.011635180783185286,0.09719500876559761,0,1
0,0.1,0.125,0.06565656565656566,0.34260429835651074,15,62,0.11585136994870511,0.7649788594410643,2,2
5,0.30000000000000004,0.125,0.1414141414141414,0.2920353982300885,15,63,0.04916802201926686,0.7304836547385791,2,3
0,0.0,0.125,0.015151515151515152,0.0518331226295828,15,5,0.061678969097960716,0.37996287511601534,0,0
0,0.1,0.25,0.05454545454545455,0.02654867256637168,15,61,0.01376204178656324,0.26616479323502107,0,2
3,0.20000000000000004,0.25,0.05808080808080808,0.013906447534766117,15,106,0.008382334542724882,0.17608538723316491,0,2
5,0.1,0.125,0.08080808080808081,0.10998735777496839,15,63,0.032528462404604025,0.525574920078375,1,2
3,0.1,0.125,0.06565656565656566,0.0012642225031605555,15,80,0.0032528462404604027,0.02309992781272563,0,2
5,0.1,0.125,0.0303030303030303,0.08975979772439949,15,143,0.061678969097960716,0.48484067237289885,1,1
0,0.1,0.125,0.0404040404040404,0.3173198482932996,15,106,0.16176654572751156,0.7484273486645356,2,1
0,0.0,0.125,0.025252525252525252,0.12768647281921616,15,106,0.09746027774302514,0.5560482623491803,1,1
0,0.1,0.125,0.0404040404040404,0.1150442477876106,15,112,0.061678969097960716,0.5347014540579562,1,1
0,0.1,0.125,0.0404040404040404,0.1150442477876106,15,112,0.061678969097960716,0.5347014540579562,1,1
5,0.1,0.125,0.0404040404040404,0.06447534766118837,15,143,0.036657074940573,0.4206455604826236,0,1
3,0.30000000000000004,0.25,0.05050505050505051,0.6965865992414665,15,5,0.2910046290504191,0.9201299370939466,3,2
0,0.1,0.25,0.05050505050505051,0.19089759797724398,15,106,0.08257225071937944,0.6397855006703106,2,2
0,0.0,0.125,0.020202020202020204,0.1150442477876106,15,63,0.10334042287001124,0.5347014540579562,1,1
0,0.0,0.125,0.0303030303030303,0.02654867256637168,21,83,0.02264481421243588,0.26616479323502107,0,1
0,0.0,0.125,0.02272727272727273,0.018963337547408345,21,17,0.022269485800075067,0.2165618232443025,0,1
0,0.20000000000000004,0.375,0.06313131313131314,0.36788874841972186,21,81,0.12848742649818592,0.7804475611013717,2,2
0,0.1,0.25,0.0707070707070707,0.36788874841972186,21,5,0.11647691730263982,0.7804475611013717,2,2
0,0.0,0.125,0.03535353535353536,0.021491782553729452,21,83,0.017139997497810585,0.23435083015365588,0,1
0,0.30000000000000004,0.125,0.07575757575757576,0.43109987357774965,21,18,0.1278618791442512,0.814942765803857,3,2
2,0.0,0.125,0.005050505050505052,0.04424778761061946,21,87,0.0908294757913174,0.351448901722182,0,0
0,0.0,0.125,0.02272727272727273,0.20353982300884954,21,96,0.16276742149380707,0.6533463957925132,2,1
0,0.20000000000000004,0.125,0.055555555555555566,0.26675094816687733,21,107,0.10496684599024146,0.7110446529854595,2,2
0,0.0,0.125,0.025252525252525252,0.36788874841972186,21,5,0.2672338296009008,0.7804475611013717,2,1
0,0.20000000000000004,0.125,0.06060606060606061,0.26675094816687733,21,107,0.09746027774302514,0.7110446529854595,2,2
0,0.20000000000000004,0.125,0.0303030303030303,0.10240202275600505,21,5,0.0694357562867509,0.511189027534289,1,1
1,0.0,0.125,0.0303030303030303,0.14032869785082175,21,86,0.09295633679469535,0.5754872641022999,1,1
5,0.20000000000000004,0.25,0.06060606060606061,0.1529709228824273,21,83,0.05717502814963092,0.5933793956893887,1,2
5,0.20000000000000004,0.125,0.04797979797979798,0.1150442477876106,21,5,0.0535468534968097,0.5347014540579562,1,2
0,0.0,0.125,0.03686868686868687,0.006321112515802781,21,81,0.008507444013511821,0.09719500876559761,0,1
0,0.1,0.125,0.0404040404040404,0.393173198482933,21,83,0.19929938696359314,0.7948850159843253,3,1
0,0.20000000000000004,0.25,0.06565656565656566,0.16561314791403287,21,83,0.05755035656199174,0.6099309064659173,1,2
4,0.4,0.25,0.055555555555555566,0.2793931731984829,21,19,0.10984611535093206,0.7209961843869239,2,2
0,0.20000000000000004,0.25,0.05050505050505051,0.24146649810366622,21,91,0.10334042287001124,0.6896978446942355,2,2
1,0.0,0.25,0.21717171717171715,0.797724399494311,21,153,0.08807706743400474,0.9500360936372076,3,3
1,0.1,0.125,0.02777777777777778,0.24146649810366622,21,153,0.16589515826348056,0.6896978446942355,2,1
1,0.30000000000000004,0.25,0.06060606060606061,0.30467762326169406,21,153,0.11084699111722757,0.7396617510570282,2,2
1,0.30000000000000004,0.375,0.0994949494949495,0.8134007585335019,21,87,0.18716376829726009,0.9543157677632259,3,3
0,0.0,0.125,0.015151515151515152,0.07711757269279393,21,5,0.08670086325534843,0.4550376405073735,1,0
0,0.20000000000000004,0.125,0.007575757575757576,0.30467762326169406,21,82,0.4458901538846491,0.7396617510570282,2,0
4,0.0,0.125,0.1414141414141414,0.7471554993678887,21,83,0.12423370449143,0.9355986387542541,3,3
4,0.0,0.125,0.007070707070707071,0.6207332490518331,21,153,0.9190541724008507,0.8947612663710427,3,0
1,0.1,0.375,0.03686868686868687,0.36788874841972186,21,83,0.20092581008382335,0.7804475611013717,2,1
1,0.1,0.125,0.025252525252525252,0.08343868520859671,21,153,0.0661829100462905,0.47045477982881323,1,1
1,0.1,0.25,0.04696969696969697,0.4437420986093552,21,87,0.19842362066808458,0.8212333711457154,3,2
1,0.1,0.125,0.025252525252525252,0.36788874841972186,21,83,0.2672338296009008,0.7804475611013717,2,1
0,0.20000000000000004,0.125,0.02777777777777778,0.12768647281921616,21,83,0.0908294757913174,0.5560482623491803,1,1
1,0.1,0.125,0.025252525252525252,0.2920353982300885,21,83,0.21356186663330415,0.7304836547385791,2,1
3,0.1,0.125,0.023232323232323233,0.006321112515802781,21,96,0.012385837607906918,0.09719500876559761,0,1
0,0.0,0.125,0.025252525252525252,0.06447534766118837,21,5,0.052796196672088076,0.4206455604826236,0,1
1,0.4,0.375,0.1101010101010101,0.8040455120101138,21,83,0.1686475666207932,0.9517892131587091,3,3
0,0.1,0.125,0.06060606060606061,0.5448798988621997,21,83,0.19567121231077195,0.8661441682994742,3,2
0,0.20000000000000004,0.25,0.05050505050505051,0.16561314791403287,21,87,0.07206305517327662,0.6099309064659173,1,2
0,0.1,0.125,0.05050505050505051,0.4437420986093552,21,83,0.1867884398848993,0.8212333711457154,3,2
0,0.20000000000000004,0.125,0.0404040404040404,0.14032869785082175,21,5,0.07418991617665456,0.5754872641022999,1,1
5,0.1,0.125,0.11111111111111112,0.6207332490518331,21,83,0.12948830226448144,0.8947612663710427,3,3
0,0.0,0.125,0.007575757575757576,0.07079646017699115,21,86,0.11535093206555734,0.43848612973084466,1,0
0,0.20000000000000004,0.125,0.07575757575757576,0.34260429835651074,21,5,0.10221443763292881,0.7649788594410643,2,2
0,0.0,0.125,0.02272727272727273,0.20986093552465232,21,96,0.16752158138371076,0.6598432504898424,2,1
0,0.1,0.125,0.02676767676767677,0.19089759797724398,21,96,0.13624421368697612,0.6397855006703106,2,1
0,0.20000000000000004,0.125,0.05050505050505051,0.393173198482933,21,83,0.16589515826348056,0.7948850159843253,3,2
0,0.20000000000000004,0.375,0.08585858585858586,0.6713021491782554,21,83,0.17690479169273116,0.9119830875528516,3,2
0,0.0,0.125,0.020202020202020204,0.14032869785082175,21,81,0.12423370449143,0.5754872641022999,1,1
0,0.0,0.125,0.06565656565656566,0.008849557522123892,21,5,0.005755035656199174,0.1266886665979169,0,2
5,0.1,0.125,0.05050505050505051,0.393173198482933,21,83,0.16589515826348056,0.7948850159843253,3,2
0,0.30000000000000004,0.125,0.05050505050505051,0.20353982300884954,21,136,0.08770173902164392,0.6533463957925132,2,2
0,0.20000000000000004,0.125,0.0404040404040404,0.08975979772439949,21,86,0.04916802201926686,0.48484067237289885,1,1
0,0.1,0.125,0.0101010101010101,0.03919089759797724,21,86,0.061678969097960716,0.3302052181086934,0,0
3,0.20000000000000004,0.125,0.05050505050505051,0.0037926675094816682,21,81,0.005379707243838358,0.0631638651129216,0,2
0,0.1,0.125,0.02272727272727273,0.008849557522123892,21,81,0.014512698611284873,0.1266886665979169,0,1
0,0.0,0.125,0.031818181818181815,0.26675094816687733,21,96,0.16489428249718505,0.7110446529854595,2,1
1,0.1,0.25,0.0303030303030303,0.3299620733249052,21,153,0.21030902039284372,0.756883572238837,2,1
0,0.30000000000000004,0.375,0.09090909090909091,0.5448798988621997,21,83,0.13674465157012386,0.8661441682994742,3,2
0,0.20000000000000004,0.25,0.06060606060606061,0.26675094816687733,21,83,0.09746027774302514,0.7110446529854595,2,2
5,0.30000000000000004,0.25,0.10101010101010101,0.49431099873577744,21,83,0.11284874264981858,0.8447973600082501,3,3
0,0.0,0.125,0.02777777777777778,0.43109987357774965,21,83,0.2910046290504191,0.814942765803857,3,1
0,0.0,0.125,0.02777777777777778,0.4184576485461441,21,83,0.2827474039784812,0.8084459111065281,3,1
0,0.1,0.125,0.0404040404040404,0.03286978508217446,21,5,0.02101839109220568,0.30045374858203555,0,1
0,0.20000000000000004,0.125,0.05050505050505051,0.19089759797724398,21,5,0.08257225071937944,0.6397855006703106,2,2
4,0.0,0.125,0.08080808080808081,0.20353982300884954,21,81,0.05817590391592643,0.6533463957925132,2,2
0,0.0,0.125,0.02777777777777778,0.24146649810366622,21,83,0.16589515826348056,0.6896978446942355,2,1
5,0.30000000000000004,0.125,0.08333333333333334,0.4437420986093552,21,83,0.12085574878018265,0.8212333711457154,3,2
0,0.20000000000000004,0.125,0.03282828282828283,0.12768647281921616,21,83,0.08007006130364068,0.5560482623491803,1,1
0,0.20000000000000004,0.25,0.0707070707070707,0.4690265486725663,21,5,0.14775428499937446,0.8333505207796226,3,2
0,0.1,0.125,0.02777777777777778,0.17825537294563842,21,96,0.12423370449143,0.625348045787357,2,1
0,0.1,0.125,0.0303030303030303,0.09734513274336283,21,86,0.06643312898786437,0.5010312467773539,1,1
1,0.4,0.125,0.09090909090909091,0.797724399494311,21,83,0.19929938696359314,0.9500360936372076,3,2
4,0.1,0.125,0.20707070707070707,0.6207332490518331,21,83,0.07181283623170273,0.8947612663710427,3,3
0,0.20000000000000004,0.25,0.1414141414141414,0.9999999999999999,21,83,0.16589515826348056,1.0000000000000002,3,3
0,0.20000000000000004,0.25,0.07575757575757576,0.6713021491782554,21,83,0.1977980733141499,0.9119830875528516,3,2
0,0.20000000000000004,0.375,0.0787878787878788,0.797724399494311,21,83,0.22657325159514574,0.9500360936372076,3,2
0,0.1,0.125,0.0404040404040404,0.3173198482932996,21,96,0.16176654572751156,0.7484273486645356,2,1
5,0.20000000000000004,0.125,0.08080808080808081,0.36788874841972186,21,96,0.10334042287001124,0.7804475611013717,2,2
0,0.20000000000000004,0.125,0.0404040404040404,0.24146649810366622,21,91,0.12423370449143,0.6896978446942355,2,1
0,0.20000000000000004,0.25,0.10101010101010101,0.4437420986093552,21,83,0.10146378080820717,0.8212333711457154,3,3
1,0.20000000000000004,0.125,0.0404040404040404,0.4690265486725663,21,83,0.23683222819967473,0.8333505207796226,3,1
0,0.0,0.125,0.025252525252525252,0.26675094816687733,21,96,0.19567121231077195,0.7110446529854595,2,1
0,0.0,0.125,0.11616161616161617,0.006321112515802781,21,5,0.00262729888652571,0.09719500876559761,0,3
1,0.1,0.125,0.020202020202020204,0.14032869785082175,21,91,0.12423370449143,0.5754872641022999,1,1
5,0.20000000000000004,0.125,0.025252525252525252,0.10240202275600505,21,83,0.07956962342049292,0.511189027534289,1,1
0,0.0,0.125,0.024242424242424242,0.02907711757269279,21,17,0.028524959339421996,0.2804991234402392,0,1
5,0.30000000000000004,0.25,0.11616161616161617,0.4690265486725663,21,83,0.09420743150256473,0.8333505207796226,3,3
0,0.1,0.125,0.020202020202020204,0.17825537294563842,21,5,0.15551107218816465,0.625348045787357,2,1
1,0.20000000000000004,0.125,0.05050505050505051,0.4437420986093552,21,83,0.1867884398848993,0.8212333711457154,3,2
0,0.0,0.125,0.02777777777777778,0.0316055625790139,21,81,0.027524083573126485,0.2940084562235743,0,1
3,0.0,0.125,0.03282828282828283,0.024020227560050567,21,17,0.019767296384336292,0.2507992162524493,0,1
1,0.4,0.375,0.04848484848484849,0.33147914032869785,21,96,0.14537720505442261,0.7578632566773231,2,2
1,0.20000000000000004,0.125,0.03535353535353536,0.43489254108723135,21,5,0.24446390591767797,0.8168505723419615,3,1
0,0.1,0.25,0.09090909090909091,0.36788874841972186,21,87,0.09295633679469535,0.7804475611013717,2,2
0,0.0,0.125,0.0303030303030303,0.5448798988621997,21,133,0.3431752783685725,0.8661441682994742,3,1
1,0.4,0.25,0.06060606060606061,0.4437420986093552,21,83,0.16001501313649444,0.8212333711457154,3,2
0,0.0,0.125,0.005050505050505052,0.10240202275600505,21,5,0.1867884398848993,0.511189027534289,1,0
1,0.1,0.125,0.0404040404040404,0.49431099873577744,21,83,0.24934317527836858,0.8447973600082501,3,1
0,0.20000000000000004,0.25,0.09090909090909091,0.4690265486725663,21,83,0.11797823095208307,0.8333505207796226,3,2
0,0.20000000000000004,0.125,0.0404040404040404,0.26675094816687733,21,153,0.13674465157012386,0.7110446529854595,2,1
5,0.1,0.125,0.025252525252525252,0.07711757269279393,21,83,0.061678969097960716,0.4550376405073735,1,1
0,0.20000000000000004,0.125,0.03535353535353536,0.08470290771175726,21,5,0.0519204303765795,0.4733938331442715,1,1
3,0.1,0.125,0.045454545454545456,0.13780025284450062,21,83,0.0661829100462905,0.5717232133649583,1,2
3,0.1,0.125,0.015151515151515152,0.005056890012642224,21,5,0.015388464906793445,0.08079818500567182,0,0
0,0.1,0.125,0.04242424242424242,0.3173198482932996,21,5,0.15551107218816465,0.7484273486645356,2,2
0,0.1,0.125,0.015151515151515152,0.005056890012642224,21,5,0.015388464906793445,0.08079818500567182,0,0
0,0.20000000000000004,0.125,0.0404040404040404,0.16561314791403287,21,83,0.08670086325534843,0.6099309064659173,1,1
0,0.0,0.125,0.025252525252525252,0.011378002528445006,21,81,0.015263355436006506,0.1527276477261008,0,1
0,0.1,0.125,0.03636363636363636,0.2920353982300885,21,83,0.16226698361065933,0.7304836547385791,2,1
0,0.20000000000000004,0.25,0.05050505050505051,0.30467762326169406,21,83,0.12948830226448144,0.7396617510570282,2,2
0,0.1,0.25,0.05050505050505051,0.013906447534766117,21,81,0.00950831977980733,0.17608538723316491,0,2
0,0.0,0.125,0.06565656565656566,0.03919089759797724,21,19,0.01576379331915426,0.3302052181086934,0,2
0,0.1,0.125,0.015151515151515152,0.006321112515802781,21,153,0.01663955961466283,0.09719500876559761,0,0
3,0.30000000000000004,0.25,0.06818181818181819,0.013906447534766117,21,81,0.007256349305642438,0.17608538723316491,0,2
5,0.20000000000000004,0.125,0.05050505050505051,0.6207332490518331,21,83,0.25972726135368446,0.8947612663710427,3,2
0,0.0,0.125,0.025252525252525252,0.3552465233881163,21,83,0.25822594770424123,0.7728678972878211,2,1
0,0.0,0.125,0.02272727272727273,0.49431099873577744,21,83,0.3840860753159014,0.8447973600082501,3,1
0,0.20000000000000004,0.375,0.10101010101010101,0.7471554993678887,21,133,0.16977355185787565,0.9355986387542541,3,3
0,0.0,0.125,0.020202020202020204,0.4184576485461441,21,133,0.35355936444388836,0.8084459111065281,3,1
5,0.1,0.125,0.09090909090909091,0.6207332490518331,21,17,0.15551107218816465,0.8947612663710427,3,2
5,0.20000000000000004,0.25,0.06565656565656566,0.7471554993678887,21,17,0.24934317527836858,0.9355986387542541,3,2
0,0.20000000000000004,0.25,0.057575757575757586,0.6207332490518331,21,17,0.2325785061929188,0.8947612663710427,3,2
0,0.1,0.125,0.05050505050505051,0.5448798988621997,21,83,0.22844989365694982,0.8661441682994742,3,2
0,0.20000000000000004,0.25,0.06565656565656566,0.34260429835651074,21,83,0.11585136994870511,0.7649788594410643,2,2
0,0.0,0.125,0.03535353535353536,0.4437420986093552,21,83,0.24934317527836858,0.8212333711457154,3,1
0,0.1,0.25,0.06565656565656566,0.36788874841972186,21,81,0.12423370449143,0.7804475611013717,2,2
0,0.0,0.125,0.025252525252525252,0.5195954487989886,21,5,0.37445264606530715,0.8557285758482007,3,1
0,0.0,0.125,0.020202020202020204,0.20353982300884954,21,81,0.1764043538095834,0.6533463957925132,2,1
0,0.0,0.125,0.02373737373737374,0.26675094816687733,21,96,0.20455398473664457,0.7110446529854595,2,1
0,0.0,0.125,0.055555555555555566,0.02654867256637168,21,22,0.013511822844989363,0.26616479323502107,0,2
0,0.0,0.125,0.015151515151515152,0.14032869785082175,21,87,0.1492555986488177,0.5754872641022999,1,0
3,0.1,0.125,0.020202020202020204,0.011378002528445006,21,5,0.017890654322532215,0.1527276477261008,0,1
0,0.1,0.125,0.017676767676767676,0.14032869785082175,21,5,0.13561866633304143,0.5754872641022999,1,1
0,0.1,0.125,0.020202020202020204,0.0037926675094816682,21,0,0.011635180783185286,0.0631638651129216,0,1
3,0.1,0.125,0.03282828282828283,0.013906447534766117,21,5,0.01388715125735018,0.17608538723316491,0,1
0,0.1,0.25,0.03787878787878787,0.011378002528445006,21,5,0.011009633429250593,0.1527276477261008,0,1
0,0.1,0.125,0.020202020202020204,0.006321112515802781,21,81,0.01376204178656324,0.09719500876559761,0,1
0,0.20000000000000004,0.125,0.0404040404040404,0.1529709228824273,21,5,0.08044538971600149,0.5933793956893887,1,1
0,0.0,0.125,0.015151515151515152,0.0037926675094816682,21,96,0.014137370198924056,0.0631638651129216,0,0
0,0.0,0.125,0.011111111111111113,0.22882427307206066,21,5,0.2821218566245465,0.6782510054656081,2,0
0,0.20000000000000004,0.125,0.04141414141414142,0.10998735777496839,21,65,0.0580507944451395,0.525574920078375,1,2
4,0.0,0.125,0.005050505050505052,0.1150442477876106,21,153,0.20768172150631806,0.5347014540579562,1,0
0,0.1,0.125,0.03535353535353536,0.1529709228824273,21,83,0.08945327161266106,0.5933793956893887,1,1
0,0.20000000000000004,0.125,0.0404040404040404,0.24146649810366622,21,91,0.12423370449143,0.6896978446942355,2,1
3,0.1,0.125,0.05050505050505051,0.013906447534766117,21,96,0.00950831977980733,0.17608538723316491,0,2
3,0.0,0.125,0.02272727272727273,0.011378002528445006,21,81,0.01638934067308895,0.1527276477261008,0,1
5,0.20000000000000004,0.25,0.08080808080808081,0.4184576485461441,21,83,0.11722757412736143,0.8084459111065281,3,2
0,0.1,0.125,0.055555555555555566,0.36788874841972186,21,81,0.14350056299261854,0.7804475611013717,2,2
1,0.9,0.625,0.1515151515151515,0.14032869785082175,21,5,0.02264481421243588,0.5754872641022999,1,3
0,0.20000000000000004,0.125,0.0303030303030303,0.20353982300884954,21,82,0.13199049168022017,0.6533463957925132,2,1
3,0.1,0.125,0.02272727272727273,0.013906447534766117,21,96,0.01839109220567997,0.17608538723316491,0,1
5,0.0,0.125,0.05050505050505051,0.008849557522123892,21,5,0.007506568247216314,0.1266886665979169,0,2
5,0.20000000000000004,0.125,0.0303030303030303,0.1529709228824273,21,86,0.10071312398348553,0.5933793956893887,1,1
0,0.20000000000000004,0.125,0.0404040404040404,0.08975979772439949,21,5,0.04916802201926686,0.48484067237289885,1,1
3,0.0,0.125,0.02777777777777778,0.021491782553729452,21,17,0.020768172150631804,0.23435083015365588,0,1
5,0.20000000000000004,0.125,0.0404040404040404,0.06953223767383059,21,5,0.03915926435631178,0.4350314530267094,1,1
5,0.20000000000000004,0.125,0.08080808080808081,0.12768647281921616,21,81,0.03740773176529463,0.5560482623491803,1,2
0,0.30000000000000004,0.125,0.0404040404040404,0.16561314791403287,21,83,0.08670086325534843,0.6099309064659173,1,1
0,0.20000000000000004,0.125,0.0303030303030303,0.12768647281921616,21,137,0.08519954960590516,0.5560482623491803,1,1
5,0.1,0.125,0.0404040404040404,0.08470290771175726,21,39,0.046665832603528086,0.4733938331442715,1,1
0,0.30000000000000004,0.125,0.06060606060606061,0.16561314791403287,21,86,0.061678969097960716,0.6099309064659173,1,2
5,0.30000000000000004,0.25,0.1919191919191919,0.9241466498103665,21,83,0.1148504941824096,0.9825203671238529,3,3
1,0.20000000000000004,0.125,0.045454545454545456,0.26675094816687733,21,19,0.12423370449143,0.7110446529854595,2,2
5,0.20000000000000004,0.25,0.06565656565656566,0.6965865992414665,21,83,0.23270361566370576,0.9201299370939466,3,2
3,0.0,0.125,0.05050505050505051,0.02781289506953223,21,83,0.015263355436006506,0.27343508301536557,0,2
0,0.20000000000000004,0.125,0.0303030303030303,0.16561314791403287,21,19,0.10859502064306267,0.6099309064659173,1,1
0,0.0,0.125,0.0101010101010101,0.16561314791403287,21,107,0.21806580758163394,0.6099309064659173,1,0
0,0.1,0.125,0.0303030303030303,0.16561314791403287,21,96,0.10859502064306267,0.6099309064659173,1,1
0,0.1,0.125,0.04797979797979798,0.24146649810366622,21,96,0.10796947328912797,0.6896978446942355,2,2
1,0.1,0.125,0.020202020202020204,0.16561314791403287,21,5,0.14512698611284874,0.6099309064659173,1,1
0,0.30000000000000004,0.125,0.045454545454545456,0.16561314791403287,21,109,0.07869385712498436,0.6099309064659173,1,2
0,0.20000000000000004,0.125,0.0303030303030303,0.12010113780025283,21,86,0.08044538971600149,0.5434670516654636,1,1
0,0.0,0.125,0.007575757575757576,0.046776232616940576,21,137,0.08132115601151006,0.36134887078477873,0,0
0,0.0,0.125,0.0101010101010101,0.1529709228824273,21,19,0.2024271237332666,0.5933793956893887,1,0
3,0.1,0.125,0.020202020202020204,0.0037926675094816682,21,0,0.011635180783185286,0.0631638651129216,0,1
0,0.20000000000000004,0.125,0.0303030303030303,0.2161820480404551,21,19,0.13987238833979732,0.6661338558317005,2,1
0,0.20000000000000004,0.25,0.055555555555555566,0.006321112515802781,21,5,0.005880145126986113,0.09719500876559761,0,2
4,0.0,0.125,0.0,0.07711757269279393,21,5,0.21806580758163394,0.4550376405073735,1,0
4,0.0,0.125,0.05050505050505051,0.016687737041719344,21,153,0.010634305016889778,0.19923687738475815,0,2
0,0.1,0.125,0.03535353535353536,0.006321112515802781,21,5,0.008882772425872638,0.09719500876559761,0,1
0,0.0,0.125,0.0303030303030303,0.1150442477876106,21,81,0.07731765294632803,0.5347014540579562,1,1
0,0.20000000000000004,0.25,0.08080808080808081,0.36788874841972186,21,83,0.10334042287001124,0.7804475611013717,2,2
4,0.0,0.125,0.08080808080808081,0.20353982300884954,21,81,0.05817590391592643,0.6533463957925132,2,2
0,0.20000000000000004,0.25,0.06565656565656566,0.34260429835651074,21,81,0.11585136994870511,0.7649788594410643,2,2
5,0.4,0.375,0.1919191919191919,0.6207332490518331,21,81,0.07731765294632803,0.8947612663710427,3,3
5,0.30000000000000004,0.375,0.24242424242424243,0.8735777496839443,21,83,0.08670086325534843,0.9700938434567394,3,3
0,0.30000000000000004,0.25,0.07575757575757576,0.22376738305941846,21,81,0.06755911422494681,0.6734557079509129,2,2
0,0.20000000000000004,0.25,0.09090909090909091,0.3173198482932996,21,17,0.08044538971600149,0.7484273486645356,2,2
0,0.0,0.125,0.020202020202020204,0.26675094816687733,21,81,0.22844989365694982,0.7110446529854595,2,1
0,0.1,0.125,0.0404040404040404,0.20353982300884954,21,81,0.1054672838733892,0.6533463957925132,2,1
0,0.1,0.25,0.05050505050505051,0.34260429835651074,21,83,0.14512698611284874,0.7649788594410643,2,2
3,0.1,0.125,0.0303030303030303,0.011378002528445006,21,5,0.01313649443262855,0.1527276477261008,0,1
0,0.1,0.25,0.06565656565656566,0.4437420986093552,21,83,0.1492555986488177,0.8212333711457154,3,2
0,0.0,0.125,0.03787878787878787,0.0518331226295828,21,81,0.032028024521456276,0.37996287511601534,0,1
1,0.0,0.125,0.02828282828282828,0.49431099873577744,21,5,0.32841236081571373,0.8447973600082501,3,1
0,0.0,0.125,0.0303030303030303,0.30467762326169406,21,17,0.19454522707368946,0.7396617510570282,2,1
0,0.20000000000000004,0.125,0.0303030303030303,0.10240202275600505,21,5,0.0694357562867509,0.511189027534289,1,1
5,0.20000000000000004,0.125,0.11616161616161617,0.8735777496839443,21,83,0.17427749280620544,0.9700938434567394,3,3
1,0.1,0.125,0.017676767676767676,0.1150442477876106,21,19,0.11284874264981858,0.5347014540579562,1,1
0,0.30000000000000004,0.125,0.05050505050505051,0.22882427307206066,21,5,0.09821093456774677,0.6782510054656081,2,2
0,0.30000000000000004,0.25,0.04797979797979798,0.12768647281921616,21,0,0.05892656074064807,0.5560482623491803,1,2
0,0.0,0.125,0.006565656565656566,0.16561314791403287,21,107,0.26448142124358814,0.6099309064659173,1,0
3,0.1,0.125,0.0303030303030303,0.0037926675094816682,21,5,0.008507444013511821,0.0631638651129216,0,1
5,0.20000000000000004,0.125,0.045454545454545456,0.018963337547408345,21,153,0.012761166020267735,0.2165618232443025,0,2
0,0.30000000000000004,0.125,0.0691919191919192,0.16561314791403287,21,5,0.054923057675466035,0.6099309064659173,1,2
3,0.0,0.125,0.011111111111111113,0.008849557522123892,21,17,0.02289503315400976,0.1266886665979169,0,0
3,0.0,0.125,0.026262626262626262,0.02654867256637168,21,83,0.025147003628174652,0.26616479323502107,0,1
0,0.1,0.125,0.055555555555555566,0.3173198482932996,21,5,0.12423370449143,0.7484273486645356,2,2
0,0.1,0.125,0.02272727272727273,0.011378002528445006,21,81,0.01638934067308895,0.1527276477261008,0,1
0,0.1,0.125,0.025252525252525252,0.2920353982300885,21,153,0.21356186663330415,0.7304836547385791,2,1
5,0.1,0.125,0.03535353535353536,0.14032869785082175,21,136,0.08257225071937944,0.5754872641022999,1,1
0,0.20000000000000004,0.125,0.05050505050505051,0.36788874841972186,21,153,0.15551107218816465,0.7804475611013717,2,2
0,0.1,0.125,0.03535353535353536,0.10240202275600505,21,39,0.061678969097960716,0.511189027534289,1,1
0,0.20000000000000004,0.125,0.043939393939393945,0.30467762326169406,21,153,0.1452520955836357,0.7396617510570282,2,2
4,0.0,0.125,0.0707070707070707,0.1150442477876106,21,5,0.038158388590016266,0.5347014540579562,1,2
0,0.1,0.125,0.020202020202020204,0.0720606826801517,21,19,0.06793444263730763,0.4418892440961124,1,1
0,0.20000000000000004,0.125,0.045454545454545456,0.16561314791403287,21,19,0.07869385712498436,0.6099309064659173,1,2
0,0.1,0.125,0.02777777777777778,0.008849557522123892,21,19,0.012510947078693857,0.1266886665979169,0,1
0,0.0,0.125,0.024242424242424242,0.018963337547408345,21,87,0.02114350056299262,0.2165618232443025,0,1
0,0.1,0.125,0.03282828282828283,0.006321112515802781,21,5,0.00938321030902039,0.09719500876559761,0,1
5,0.0,0.125,0.0303030303030303,0.0037926675094816682,21,5,0.008507444013511821,0.0631638651129216,0,1
0,0.0,0.125,0.0303030303030303,0.30467762326169406,21,83,0.19454522707368946,0.7396617510570282,2,1
5,0.0,0.125,0.4444444444444444,0.0037926675094816682,21,5,0.0,0.0631638651129216,0,3
1,0.0,0.0,0.025252525252525252,0.14032869785082175,21,86,0.10634305016889778,0.5754872641022999,1,1
0,0.0,0.125,0.0,0.07711757269279393,21,5,0.21806580758163394,0.4550376405073735,1,0
5,0.20000000000000004,0.125,0.22727272727272727,0.6207332490518331,21,83,0.06568247216314274,0.8947612663710427,3,3
0,0.20000000000000004,0.125,0.0404040404040404,0.20353982300884954,21,96,0.1054672838733892,0.6533463957925132,2,1
4,0.1,0.0,0.0303030303030303,0.2920353982300885,21,19,0.1867884398848993,0.7304836547385791,2,1
0,0.1,0.125,0.0303030303030303,0.0037926675094816682,21,19,0.008507444013511821,0.0631638651129216,0,1
5,0.20000000000000004,0.25,0.07575757575757576,0.24146649810366622,21,86,0.0726886025272113,0.6896978446942355,2,2
0,0.1,0.125,0.025252525252525252,0.16561314791403287,21,153,0.12423370449143,0.6099309064659173,1,1
3,0.1,0.125,0.0303030303030303,0.0012642225031605555,21,87,0.006881020893281621,0.02309992781272563,0,1
1,0.20000000000000004,0.125,0.03535353535353536,0.7471554993678887,21,153,0.41611409983735764,0.9355986387542541,3,1
0,0.1,0.125,0.05050505050505051,0.34260429835651074,21,83,0.14512698611284874,0.7649788594410643,2,2
5,0.20000000000000004,0.125,0.0303030303030303,0.1150442477876106,21,83,0.07731765294632803,0.5347014540579562,1,1
0,0.0,0.125,0.03686868686868687,0.006321112515802781,21,81,0.008507444013511821,0.09719500876559761,0,1
0,0.1,0.125,0.0404040404040404,0.20353982300884954,21,83,0.1054672838733892,0.6533463957925132,2,1
0,0.1,0.125,0.03535353535353536,0.16561314791403287,21,19,0.09645940197672963,0.6099309064659173,1,1
0,0.30000000000000004,0.25,0.10101010101010101,0.49431099873577744,21,83,0.11284874264981858,0.8447973600082501,3,3
0,0.0,0.125,0.0303030303030303,0.26675094816687733,21,96,0.17114975603653196,0.7110446529854595,2,1
0,0.0,0.125,0.0303030303030303,0.20353982300884954,21,81,0.13199049168022017,0.6533463957925132,2,1
5,0.20000000000000004,0.25,0.10606060606060606,0.19089759797724398,21,81,0.042662329538346054,0.6397855006703106,2,3
0,0.1,0.25,0.0404040404040404,0.008849557522123892,21,86,0.009132991367446516,0.1266886665979169,0,1
0,0.1,0.125,0.0303030303030303,0.26675094816687733,21,153,0.17114975603653196,0.7110446529854595,2,1
5,0.5000000000000001,0.25,0.1818181818181818,0.6713021491782554,21,96,0.08807706743400474,0.9119830875528516,3,3
5,0.0,0.125,0.05050505050505051,0.008849557522123892,21,5,0.007506568247216314,0.1266886665979169,0,2
5,0.20000000000000004,0.125,0.045454545454545456,0.12768647281921616,21,83,0.061678969097960716,0.5560482623491803,1,2
0,0.0,0.125,0.055555555555555566,0.008849557522123892,21,5,0.006881020893281621,0.1266886665979169,0,2
1,0.4,0.5,0.09090909090909091,0.7471554993678887,21,153,0.1867884398848993,0.9355986387542541,3,2
0,0.20000000000000004,0.25,0.07575757575757576,0.6207332490518331,21,83,0.18316026523207807,0.8947612663710427,3,2
0,0.1,0.125,0.05050505050505051,0.49431099873577744,21,83,0.20768172150631806,0.8447973600082501,3,2
0,0.0,0.125,0.020202020202020204,0.1731984829329962,21,81,0.15138245965219568,0.6193152521398373,2,1
0,0.1,0.125,0.07575757575757576,0.49431099873577744,21,83,0.14625297134993118,0.8447973600082501,3,2
3,0.0,0.125,0.015151515151515152,0.013906447534766117,21,83,0.024146127861879144,0.17608538723316491,0,0
0,0.1,0.125,0.05050505050505051,0.4437420986093552,21,83,0.1867884398848993,0.8212333711457154,3,2
3,0.0,0.125,0.021212121212121213,0.006321112515802781,21,81,0.013261603903415487,0.09719500876559761,0,1
0,0.0,0.125,0.020202020202020204,0.26675094816687733,21,96,0.22844989365694982,0.7110446529854595,2,1
0,0.30000000000000004,0.125,0.06060606060606061,0.22882427307206066,21,19,0.08407356436882271,0.6782510054656081,2,2
0,0.0,0.125,0.055555555555555566,0.008849557522123892,21,5,0.006881020893281621,0.1266886665979169,0,2
0,0.1,0.125,0.0404040404040404,0.2920353982300885,21,83,0.1492555986488177,0.7304836547385791,2,1
3,0.0,0.125,0.0404040404040404,0.013906447534766117,21,83,0.011635180783185286,0.17608538723316491,0,1
0,0.1,0.25,0.06060606060606061,0.4184576485461441,21,83,0.15100713123983486,0.8084459111065281,3,2
4,0.0,0.125,0.020202020202020204,0.6207332490518331,21,83,0.5204553984736645,0.8947612663710427,3,1
0,0.20000000000000004,0.25,0.06060606060606061,0.2920353982300885,21,96,0.10634305016889778,0.7304836547385791,2,2
0,0.0,0.125,0.025252525252525252,0.49431099873577744,21,81,0.3565619917427749,0.8447973600082501,3,1
0,0.0,0.125,0.025252525252525252,0.26675094816687733,21,83,0.19567121231077195,0.7110446529854595,2,1
0,0.0,0.125,0.02272727272727273,0.36788874841972186,21,83,0.28787689228074564,0.7804475611013717,2,1
0,0.1,0.125,0.0404040404040404,0.6965865992414665,21,5,0.34943075190791945,0.9201299370939466,3,1
0,0.1,0.125,0.025252525252525252,0.21112515802781287,21,17,0.1563868384836732,0.6611323089615346,2,1
5,0.1,0.125,0.06565656565656566,0.16561314791403287,21,40,0.05755035656199174,0.6099309064659173,1,2
4,0.0,0.125,0.014141414141414142,0.4437420986093552,21,19,0.46828474915551105,0.8212333711457154,3,0
0,0.0,0.125,0.0404040404040404,0.36788874841972186,21,5,0.1867884398848993,0.7804475611013717,2,1
0,0.20000000000000004,0.125,0.03838383838383838,0.1150442477876106,21,5,0.06430626798448642,0.5347014540579562,1,1
0,0.1,0.125,0.015151515151515152,0.14032869785082175,21,19,0.1492555986488177,0.5754872641022999,1,0
0,0.1,0.125,0.025252525252525252,0.10240202275600505,21,83,0.07956962342049292,0.511189027534289,1,1
0,0.1,0.125,0.0303030303030303,0.1529709228824273,21,81,0.10071312398348553,0.5933793956893887,1,1
5,0.30000000000000004,0.125,0.06262626262626263,0.06953223767383059,21,139,0.026898536219191794,0.4350314530267094,1,2
3,0.0,0.125,0.025252525252525252,0.008849557522123892,21,96,0.013386713374202424,0.1266886665979169,0,1
0,0.20000000000000004,0.25,0.06060606060606061,0.20353982300884954,21,81,0.07506568247216314,0.6533463957925132,2,2
0,0.1,0.125,0.015151515151515152,0.1150442477876106,21,5,0.12423370449143,0.5347014540579562,1,0
0,0.1,0.125,0.012626262626262628,0.1125158027812895,21,19,0.13536844739146756,0.5302155305764671,1,0
0,0.0,0.125,0.002525252525252526,0.07711757269279393,21,19,0.17427749280620544,0.4550376405073735,1,0
5,0.30000000000000004,0.125,0.0404040404040404,0.1150442477876106,21,5,0.061678969097960716,0.5347014540579562,1,1
5,0.20000000000000004,0.125,0.05303030303030304,0.16561314791403287,21,81,0.06918553734517702,0.6099309064659173,1,2
0,0.20000000000000004,0.125,0.0303030303030303,0.14791403286978508,21,40,0.09771049668459901,0.5863669176033826,1,1
0,0.0,0.125,0.0101010101010101,0.1529709228824273,21,19,0.2024271237332666,0.5933793956893887,1,0
0,0.30000000000000004,0.125,0.055555555555555566,0.24146649810366622,21,5,0.09533341673964718,0.6896978446942355,2,2
5,0.5000000000000001,0.375,0.24242424242424243,0.7218710493046776,21,96,0.0716877267609158,0.9279674126018358,3,3
1,0.20000000000000004,0.125,0.03232323232323232,0.40581542351453853,21,18,0.2448392343300388,0.801742807053728,3,1
1,0.20000000000000004,0.125,0.04494949494949495,0.5195954487989886,21,18,0.24021018391092205,0.8557285758482007,3,2
5,0.1,0.125,0.02777777777777778,0.06953223767383059,21,5,0.05254597773051419,0.4350314530267094,1,1
0,0.0,0.125,0.0303030303030303,0.008849557522123892,21,81,0.011635180783185286,0.1266886665979169,0,1
1,0.1,0.125,0.03434343434343434,0.6207332490518331,21,83,0.3545602402101839,0.8947612663710427,3,1
1,0.20000000000000004,0.25,0.04646464646464647,0.7471554993678887,21,83,0.3342925059426998,0.9355986387542541,3,2
0,0.20000000000000004,0.125,0.06565656565656566,0.2920353982300885,21,83,0.09921181033404228,0.7304836547385791,2,2
0,0.1,0.125,0.0404040404040404,0.20353982300884954,21,96,0.1054672838733892,0.6533463957925132,2,1
1,0.30000000000000004,0.25,0.049494949494949494,0.6207332490518331,21,83,0.2642312023020143,0.8947612663710427,3,2
4,0.0,0.125,0.005050505050505052,0.19089759797724398,21,22,0.3327911922932566,0.6397855006703106,2,0
1,0.20000000000000004,0.125,0.05050505050505051,0.36788874841972186,21,96,0.15551107218816465,0.7804475611013717,2,2
0,0.20000000000000004,0.375,0.09090909090909091,0.4184576485461441,21,81,0.1054672838733892,0.8084459111065281,3,2
4,0.0,0.125,0.0,0.2920353982300885,21,81,0.7497810584261229,0.7304836547385791,2,0
0,0.1,0.125,0.0404040404040404,0.7471554993678887,21,17,0.37445264606530715,0.9355986387542541,3,1
5,0.1,0.125,0.0404040404040404,0.08975979772439949,21,38,0.04916802201926686,0.48484067237289885,1,1
0,0.0,0.125,0.025252525252525252,0.14032869785082175,21,22,0.10634305016889778,0.5754872641022999,1,1
0,0.0,0.125,0.025252525252525252,0.011378002528445006,21,81,0.015263355436006506,0.1527276477261008,0,1
0,0.20000000000000004,0.375,0.1919191919191919,0.9999999999999999,21,82,0.12423370449143,1.0000000000000002,3,3
1,0.0,0.125,0.025252525252525252,0.16561314791403287,21,87,0.12423370449143,0.6099309064659173,1,1
1,0.5000000000000001,0.375,0.1616161616161616,0.9999999999999999,21,87,0.14625297134993118,1.0000000000000002,3,3
1,0.20000000000000004,0.125,0.0303030303030303,0.24146649810366622,21,5,0.15551107218816465,0.6896978446942355,2,1
0,0.1,0.125,0.09090909090909091,0.006321112515802781,21,5,0.0035030651820342797,0.09719500876559761,0,2
4,0.0,0.125,0.015151515151515152,0.6207332490518331,21,19,0.6246715876391843,0.8947612663710427,3,0
1,0.30000000000000004,0.125,0.0707070707070707,0.4184576485461441,21,18,0.13199049168022017,0.8084459111065281,3,2
4,0.1,0.125,0.08080808080808081,0.7471554993678887,21,81,0.20768172150631806,0.9355986387542541,3,2
5,0.30000000000000004,0.25,0.09090909090909091,0.3299620733249052,21,96,0.08357312648567496,0.756883572238837,2,2
0,0.20000000000000004,0.25,0.055555555555555566,0.36788874841972186,21,81,0.14350056299261854,0.7804475611013717,2,2
5,0.4,0.25,0.09090909090909091,0.40581542351453853,21,83,0.10233954710371575,0.801742807053728,3,2
0,0.0,0.125,0.020202020202020204,0.19089759797724398,21,18,0.16589515826348056,0.6397855006703106,2,1
0,0.0,0.125,0.02777777777777778,0.26675094816687733,21,83,0.18265982734893033,0.7110446529854595,2,1
0,0.20000000000000004,0.125,0.055555555555555566,0.393173198482933,21,91,0.1531339922432128,0.7948850159843253,3,2
0,0.1,0.125,0.06060606060606061,0.5448798988621997,21,83,0.19567121231077195,0.8661441682994742,3,2
1,0.30000000000000004,0.125,0.07575757575757576,0.2161820480404551,21,5,0.06530714375078192,0.6661338558317005,2,2
0,0.0,0.125,0.020202020202020204,0.12768647281921616,21,86,0.11384961841611409,0.5560482623491803,1,1
3,0.1,0.125,0.020202020202020204,0.02654867256637168,21,83,0.030401601401226074,0.26616479323502107,0,1
0,0.20000000000000004,0.125,0.05050505050505051,0.2161820480404551,21,96,0.09295633679469535,0.6661338558317005,2,2
0,0.1,0.125,0.06060606060606061,0.34260429835651074,21,83,0.12423370449143,0.7649788594410643,2,2
0,0.1,0.25,0.06060606060606061,0.9494310998735777,21,17,0.3386713374202427,0.988501598432505,3,2
0,0.20000000000000004,0.375,0.07323232323232323,0.5448798988621997,21,83,0.16589515826348056,0.8661441682994742,3,2
0,0.1,0.125,0.0404040404040404,0.2920353982300885,21,83,0.1492555986488177,0.7304836547385791,2,1
5,0.4,0.25,0.05050505050505051,0.43109987357774965,21,83,0.18153384211184787,0.814942765803857,3,2
4,0.0,0.125,0.0101010101010101,0.20353982300884954,21,5,0.2649818591267359,0.6533463957925132,2,0
1,0.30000000000000004,0.125,0.03787878787878787,0.2920353982300885,21,19,0.15713749530839485,0.7304836547385791,2,1
0,0.20000000000000004,0.125,0.05050505050505051,0.393173198482933,21,83,0.16589515826348056,0.7948850159843253,3,2
1,0.1,0.125,0.015151515151515152,0.1529709228824273,21,19,0.16176654572751156,0.5933793956893887,1,0
5,0.20000000000000004,0.25,0.15404040404040403,0.7471554993678887,21,83,0.11460027524083573,0.9355986387542541,3,3
0,0.0,0.125,0.020202020202020204,0.49431099873577744,21,83,0.41611409983735764,0.8447973600082501,3,1
1,0.0,0.125,0.007575757575757576,0.10240202275600505,21,19,0.16001501313649444,0.511189027534289,1,0
5,0.30000000000000004,0.25,0.08333333333333334,0.5448798988621997,21,83,0.1478793944701614,0.8661441682994742,3,2
1,0.20000000000000004,0.125,0.02272727272727273,0.14032869785082175,21,19,0.11460027524083573,0.5754872641022999,1,1
0,0.1,0.125,0.03535353535353536,0.4437420986093552,21,81,0.24934317527836858,0.8212333711457154,3,1
4,0.0,0.125,0.00909090909090909,0.20353982300884954,21,19,0.27899411985487305,0.6533463957925132,2,0
3,0.0,0.125,0.017676767676767676,0.011378002528445006,21,81,0.019642186913549353,0.1527276477261008,0,1
5,0.1,0.25,0.08080808080808081,0.36788874841972186,21,83,0.10334042287001124,0.7804475611013717,2,2
0,0.1,0.375,0.06717171717171717,0.36788874841972186,21,81,0.12173151507569123,0.7804475611013717,2,2
5,0.30000000000000004,0.25,0.10101010101010101,0.49431099873577744,21,83,0.11284874264981858,0.8447973600082501,3,3
5,0.20000000000000004,0.125,0.06565656565656566,0.16561314791403287,21,86,0.05755035656199174,0.6099309064659173,1,2
4,0.0,0.125,0.08080808080808081,0.2161820480404551,21,81,0.061678969097960716,0.6661338558317005,2,2
0,0.30000000000000004,0.125,0.06565656565656566,0.16561314791403287,21,5,0.05755035656199174,0.6099309064659173,1,2
3,0.1,0.125,0.020202020202020204,0.006321112515802781,21,5,0.01376204178656324,0.09719500876559761,0,1
5,0.4,0.375,0.24242424242424243,0.49431099873577744,21,96,0.04916802201926686,0.8447973600082501,3,3
0,0.20000000000000004,0.125,0.07323232323232323,0.14032869785082175,21,22,0.04466408107093707,0.5754872641022999,1,2
0,0.1,0.125,0.0404040404040404,0.2161820480404551,21,96,0.11172275741273613,0.6661338558317005,2,1
3,0.1,0.125,0.020202020202020204,0.02654867256637168,21,83,0.030401601401226074,0.26616479323502107,0,1
0,0.1,0.125,0.06313131313131314,0.36788874841972186,21,153,0.12848742649818592,0.7804475611013717,2,2
1,0.0,0.25,0.0303030303030303,0.6965865992414665,21,136,0.43700738145877643,0.9201299370939466,3,1
0,0.0,0.125,0.015151515151515152,0.0012642225031605555,21,5,0.011635180783185286,0.02309992781272563,0,0
0,0.1,0.125,0.03535353535353536,0.006321112515802781,21,5,0.008882772425872638,0.09719500876559761,0,1
0,0.1,0.125,0.055555555555555566,0.16561314791403287,21,96,0.06643312898786437,0.6099309064659173,1,2
5,0.20000000000000004,0.125,0.0404040404040404,0.1327433628318584,21,0,0.07043663205304641,0.5639888625348048,1,1
0,0.1,0.25,0.0404040404040404,0.2161820480404551,21,96,0.11172275741273613,0.6661338558317005,2,1
5,0.20000000000000004,0.125,0.10858585858585859,0.49431099873577744,21,107,0.10559239334417614,0.8447973600082501,3,3
5,0.1,0.125,0.03535353535353536,0.1529709228824273,21,19,0.08945327161266106,0.5933793956893887,1,1
4,0.0,0.125,0.0060606060606060615,0.4184576485461441,21,153,0.663705742524709,0.8084459111065281,3,0
4,0.1,0.25,0.0404040404040404,0.9999999999999999,21,153,0.4995621168522457,1.0000000000000002,3,1
3,0.0,0.125,0.020202020202020204,0.0,21,5,0.008507444013511821,0.0,0,1
0,0.1,0.125,0.02929292929292929,0.006321112515802781,21,153,0.0103840860753159,0.09719500876559761,0,1
0,0.1,0.125,0.025252525252525252,0.0518331226295828,21,83,0.043788314775428494,0.37996287511601534,0,1
0,0.1,0.125,0.025252525252525252,0.14032869785082175,21,81,0.10634305016889778,0.5754872641022999,1,1
0,0.1,0.125,0.0303030303030303,0.20353982300884954,21,96,0.13199049168022017,0.6533463957925132,2,1
0,0.0,0.125,0.015151515151515152,0.06447534766118837,21,5,0.07418991617665456,0.4206455604826236,0,0
2,0.20000000000000004,0.125,0.03535353535353536,0.020227560050568895,21,5,0.01651445014387589,0.22563679488501598,0,1
5,0.1,0.25,0.06565656565656566,0.19089759797724398,21,44,0.06580758163392968,0.6397855006703106,2,2
0,0.1,0.125,0.025252525252525252,0.10240202275600505,21,5,0.07956962342049292,0.511189027534289,1,1
4,0.1,0.125,0.0303030303030303,0.26675094816687733,21,96,0.17114975603653196,0.7110446529854595,2,1
5,0.20000000000000004,0.125,0.06565656565656566,0.02654867256637168,21,81,0.011635180783185286,0.26616479323502107,0,2
4,0.0,0.125,0.007575757575757576,0.08975979772439949,21,5,0.1421243588139622,0.48484067237289885,1,0
4,0.0,0.125,0.0101010101010101,0.6207332490518331,21,5,0.7810584261228575,0.8947612663710427,3,0
5,0.30000000000000004,0.375,0.29292929292929293,0.7471554993678887,21,5,0.061678969097960716,0.9355986387542541,3,3
0,0.0,0.125,0.020202020202020204,0.08975979772439949,21,5,0.08257225071937944,0.48484067237289885,1,1
5,0.0,0.125,0.0404040404040404,0.021491782553729452,21,22,0.015388464906793445,0.23435083015365588,0,1
1,0.20000000000000004,0.125,0.02777777777777778,0.2920353982300885,21,96,0.19929938696359314,0.7304836547385791,2,1
0,0.1,0.125,0.0404040404040404,0.16561314791403287,21,81,0.08670086325534843,0.6099309064659173,1,1
0,0.20000000000000004,0.25,0.08585858585858586,0.7471554993678887,21,83,0.19667208807706743,0.9355986387542541,3,2
5,0.0,0.125,0.0404040404040404,0.021491782553729452,21,22,0.015388464906793445,0.23435083015365588,0,1
0,0.20000000000000004,0.125,0.02272727272727273,0.09481668773704172,21,5,0.07994495183285374,0.49577188821284945,1,1
0,0.1,0.125,0.04797979797979798,0.24146649810366622,21,96,0.10796947328912797,0.6896978446942355,2,2
0,0.20000000000000004,0.125,0.0404040404040404,0.08975979772439949,21,5,0.04916802201926686,0.48484067237289885,1,1
0,0.1,0.125,0.03131313131313132,0.2161820480404551,21,96,0.13649443262855,0.6661338558317005,2,1
0,0.1,0.25,0.059595959595959605,0.7471554993678887,21,87,0.2711122231952959,0.9355986387542541,3,2
0,0.1,0.125,0.025252525252525252,0.49431099873577744,21,83,0.3565619917427749,0.8447973600082501,3,1
1,0.20000000000000004,0.25,0.05050505050505051,0.797724399494311,21,83,0.3327911922932566,0.9500360936372076,3,2
0,0.0,0.125,0.020202020202020204,0.4184576485461441,21,17,0.35355936444388836,0.8084459111065281,3,1
1,0.30000000000000004,0.25,0.05050505050505051,0.4437420986093552,21,83,0.1867884398848993,0.8212333711457154,3,2
0,0.1,0.125,0.03535353535353536,0.4437420986093552,21,81,0.24934317527836858,0.8212333711457154,3,1
0,0.20000000000000004,0.375,0.0404040404040404,0.34260429835651074,21,83,0.17427749280620544,0.7649788594410643,2,1
0,0.0,0.125,0.015151515151515152,0.07711757269279393,21,86,0.08670086325534843,0.4550376405073735,1,0
0,0.30000000000000004,0.375,0.1095959595959596,0.9494310998735777,21,83,0.19967471537595397,0.988501598432505,3,3
5,0.20000000000000004,0.25,0.06060606060606061,0.1529709228824273,21,83,0.05717502814963092,0.5933793956893887,1,2
3,0.1,0.125,0.017676767676767676,0.021491782553729452,21,81,0.028650068810208932,0.23435083015365588,0,1
1,0.20000000000000004,0.125,0.05303030303030304,0.4184576485461441,21,83,0.16927311397472788,0.8084459111065281,3,2
1,0.30000000000000004,0.25,0.0707070707070707,0.6207332490518331,21,83,0.19454522707368946,0.8947612663710427,3,2
1,0.20000000000000004,0.125,0.05050505050505051,0.36788874841972186,21,17,0.15551107218816465,0.7804475611013717,2,2
1,0.30000000000000004,0.125,0.06565656565656566,0.4437420986093552,21,153,0.1492555986488177,0.8212333711457154,3,2
0,0.1,0.25,0.06060606060606061,0.49431099873577744,21,83,0.17790566745902664,0.8447973600082501,3,2
4,0.20000000000000004,0.125,0.2828282828282828,0.8988621997471554,21,19,0.07681721506318027,0.9763844487985978,3,3
5,0.30000000000000004,0.25,0.06565656565656566,0.8735777496839443,21,133,0.2910046290504191,0.9700938434567394,3,2
0,0.20000000000000004,0.125,0.0696969696969697,0.6207332490518331,21,136,0.19704741648942825,0.8947612663710427,3,2
0,0.1,0.125,0.0404040404040404,0.07711757269279393,21,5,0.04291254847991993,0.4550376405073735,1,1
0,0.0,0.125,0.020202020202020204,0.10240202275600505,21,153,0.09295633679469535,0.511189027534289,1,1
0,0.20000000000000004,0.125,0.03535353535353536,0.14032869785082175,21,5,0.08257225071937944,0.5754872641022999,1,1
5,0.30000000000000004,0.25,0.11616161616161617,0.393173198482933,21,5,0.07919429500813212,0.7948850159843253,3,3
0,0.0,0.125,0.02676767676767677,0.02907711757269279,21,87,0.026523207806830977,0.2804991234402392,0,1
3,0.20000000000000004,0.25,0.05303030303030304,0.011378002528445006,21,81,0.008132115601151006,0.1527276477261008,0,2
0,0.0,0.125,0.02828282828282828,0.24146649810366622,21,17,0.16376829726010259,0.6896978446942355,2,1
4,0.0,0.125,0.007575757575757576,0.2920353982300885,21,81,0.4281246090329038,0.7304836547385791,2,0
0,0.1,0.125,0.03535353535353536,0.4437420986093552,21,81,0.24934317527836858,0.8212333711457154,3,1
5,0.30000000000000004,0.125,0.1919191919191919,0.14032869785082175,21,139,0.017890654322532215,0.5754872641022999,1,3
4,0.0,0.125,0.0707070707070707,0.2920353982300885,21,81,0.09295633679469535,0.7304836547385791,2,2
1,0.1,0.125,0.025252525252525252,0.1706700379266751,21,19,0.1278618791442512,0.6162215118077756,2,1
0,0.1,0.125,0.0404040404040404,0.2161820480404551,21,96,0.11172275741273613,0.6661338558317005,2,1
0,0.0,0.125,0.02777777777777778,0.20986093552465232,21,96,0.14512698611284874,0.6598432504898424,2,1
4,0.0,0.125,0.021717171717171715,0.8735777496839443,21,83,0.6942324533967221,0.9700938434567394,3,1
4,0.0,0.125,0.0101010101010101,0.19089759797724398,21,83,0.24934317527836858,0.6397855006703106,2,0
0,0.30000000000000004,0.125,0.09090909090909091,0.7218710493046776,21,83,0.18053296634555235,0.9279674126018358,3,2
0,0.1,0.125,0.02272727272727273,0.09734513274336283,21,5,0.08194670336544475,0.5010312467773539,1,1
5,0.30000000000000004,0.375,0.1818181818181818,0.9999999999999999,21,153,0.13086450644313774,1.0000000000000002,3,3
0,0.0,0.125,0.014141414141414142,0.19089759797724398,21,91,0.20768172150631806,0.6397855006703106,2,0
0,0.1,0.125,0.05050505050505051,0.6207332490518331,21,153,0.25972726135368446,0.8947612663710427,3,2
0,0.1,0.125,0.0303030303030303,0.12768647281921616,21,17,0.08519954960590516,0.5560482623491803,1,1
0,0.1,0.125,0.025252525252525252,0.12768647281921616,21,153,0.09746027774302514,0.5560482623491803,1,1
0,0.1,0.125,0.025252525252525252,0.01643489254108723,21,18,0.018766420618040788,0.1972259461689183,0,1
0,0.1,0.125,0.025252525252525252,0.03919089759797724,21,91,0.03490554234955586,0.3302052181086934,0,1
0,0.0,0.125,0.0,0.04424778761061946,21,153,0.13674465157012386,0.351448901722182,0,0
1,0.30000000000000004,0.25,0.05050505050505051,0.4184576485461441,21,107,0.1764043538095834,0.8084459111065281,3,2
1,0.4,0.25,0.08585858585858586,0.7471554993678887,21,153,0.19667208807706743,0.9355986387542541,3,2
0,0.1,0.125,0.031818181818181815,0.393173198482933,21,18,0.240335293381709,0.7948850159843253,3,1
5,0.20000000000000004,0.25,0.06565656565656566,0.08470290771175726,21,47,0.030776929813586887,0.4733938331442715,1,2
0,0.1,0.125,0.02272727272727273,0.08975979772439949,21,47,0.07606655823845865,0.48484067237289885,1,1
0,0.20000000000000004,0.125,0.0303030303030303,0.12768647281921616,21,86,0.08519954960590516,0.5560482623491803,1,1
1,0.30000000000000004,0.125,0.045454545454545456,0.4437420986093552,21,133,0.20380332791192293,0.8212333711457154,3,2
5,0.20000000000000004,0.125,0.06060606060606061,0.07964601769911504,21,5,0.03127736769673464,0.4613282458492318,1,2
0,0.20000000000000004,0.125,0.04242424242424242,0.16561314791403287,21,5,0.08332290754410109,0.6099309064659173,1,2
0,0.1,0.125,0.0707070707070707,0.16561314791403287,21,5,0.05392218190917052,0.6099309064659173,1,2
4,0.0,0.125,0.494949494949495,0.7471554993678887,21,5,0.036657074940573,0.9355986387542541,3,3
0,0.20000000000000004,0.125,0.025252525252525252,0.17193426042983564,21,91,0.1287376454397598,0.6177683819738065,2,1
0,0.30000000000000004,0.125,0.03838383838383838,0.1150442477876106,21,39,0.06430626798448642,0.5347014540579562,1,1
5,0.20000000000000004,0.125,0.11616161616161617,0.1150442477876106,21,5,0.024146127861879144,0.5347014540579562,1,3
0,0.20000000000000004,0.125,0.0404040404040404,0.08975979772439949,21,5,0.04916802201926686,0.48484067237289885,1,1
0,0.0,0.125,0.005050505050505052,0.0518331226295828,21,83,0.10334042287001124,0.37996287511601534,0,0
4,0.0,0.125,0.055555555555555566,0.14032869785082175,21,5,0.05692480920805705,0.5754872641022999,1,2
0,0.0,0.125,0.025252525252525252,0.2920353982300885,21,5,0.21356186663330415,0.7304836547385791,2,1
1,0.30000000000000004,0.125,0.11616161616161617,0.1150442477876106,21,0,0.024146127861879144,0.5347014540579562,1,3
5,0.20000000000000004,0.375,0.10101010101010101,0.1529709228824273,21,47,0.03603152758663831,0.5933793956893887,1,3
1,0.30000000000000004,0.125,0.0303030303030303,0.24146649810366622,21,96,0.15551107218816465,0.6896978446942355,2,1
0,0.20000000000000004,0.125,0.039898989898989906,0.24146649810366622,21,22,0.1254847991992994,0.6896978446942355,2,1
2,0.1,0.25,0.045454545454545456,0.09481668773704172,21,5,0.046916051545101964,0.49577188821284945,1,2
0,0.1,0.125,0.03535353535353536,0.17825537294563842,21,19,0.10334042287001124,0.625348045787357,2,1
5,0.20000000000000004,0.25,0.16666666666666666,0.2161820480404551,21,83,0.03127736769673464,0.6661338558317005,2,3
5,0.30000000000000004,0.25,0.09090909090909091,0.30467762326169406,21,81,0.07731765294632803,0.7396617510570282,2,2
5,0.20000000000000004,0.125,0.06565656565656566,0.36788874841972186,21,81,0.12423370449143,0.7804475611013717,2,2
5,0.30000000000000004,0.125,0.07575757575757576,0.2161820480404551,21,96,0.06530714375078192,0.6661338558317005,2,2
0,0.1,0.125,0.025252525252525252,0.06953223767383059,21,137,0.05629926185412236,0.4350314530267094,1,1
0,0.1,0.125,0.0,0.06953223767383059,21,86,0.19929938696359314,0.4350314530267094,1,0
1,0.1,0.125,0.018181818181818184,0.2920353982300885,21,18,0.2672338296009008,0.7304836547385791,2,1
0,0.1,0.125,0.0404040404040404,0.36788874841972186,21,83,0.1867884398848993,0.7804475611013717,2,1
1,0.20000000000000004,0.125,0.025252525252525252,0.36788874841972186,21,18,0.2672338296009008,0.7804475611013717,2,1
1,0.1,0.125,0.018181818181818184,0.2920353982300885,21,18,0.2672338296009008,0.7304836547385791,2,1
1,0.1,0.125,0.020202020202020204,0.12768647281921616,21,19,0.11384961841611409,0.5560482623491803,1,1
1,0.4,0.125,0.06565656565656566,0.36788874841972186,21,5,0.12423370449143,0.7804475611013717,2,2
1,0.1,0.125,0.0303030303030303,0.16561314791403287,21,86,0.10859502064306267,0.6099309064659173,1,1
1,0.30000000000000004,0.125,0.06565656565656566,0.595448798988622,21,83,0.19929938696359314,0.8856347323914613,3,2
0,0.0,0.125,0.02777777777777778,0.1327433628318584,21,86,0.09420743150256473,0.5639888625348048,1,1
0,0.0,0.125,0.025252525252525252,0.20353982300884954,21,136,0.15100713123983486,0.6533463957925132,2,1
0,0.20000000000000004,0.125,0.0404040404040404,0.4690265486725663,21,133,0.23683222819967473,0.8333505207796226,3,1
0,0.0,0.125,0.015151515151515152,0.12768647281921616,21,83,0.13674465157012386,0.5560482623491803,1,0
4,0.0,0.125,0.05050505050505051,0.4437420986093552,21,153,0.1867884398848993,0.8212333711457154,3,2
0,0.20000000000000004,0.25,0.06565656565656566,0.6207332490518331,21,83,0.20768172150631806,0.8947612663710427,3,2
1,0.0,0.125,0.04797979797979798,0.6713021491782554,21,83,0.2928812711122232,0.9119830875528516,3,2
5,0.30000000000000004,0.25,0.13383838383838384,0.3552465233881163,21,91,0.06280495433504316,0.7728678972878211,2,3
5,0.20000000000000004,0.125,0.06565656565656566,0.08975979772439949,21,81,0.032528462404604025,0.48484067237289885,1,2
5,0.30000000000000004,0.25,0.08585858585858586,0.5448798988621997,21,83,0.1440010008757663,0.8661441682994742,3,2
0,0.0,0.125,0.025252525252525252,0.6207332490518331,21,81,0.4458901538846491,0.8947612663710427,3,1
0,0.0,0.125,0.015151515151515152,0.07711757269279393,21,86,0.08670086325534843,0.4550376405073735,1,0
0,0.1,0.125,0.0404040404040404,0.01643489254108723,21,81,0.012886275491054673,0.1972259461689183,0,1
0,0.1,0.125,0.02272727272727273,0.09734513274336283,21,5,0.08194670336544475,0.5010312467773539,1,1
4,0.0,0.125,0.020202020202020204,0.6207332490518331,21,96,0.5204553984736645,0.8947612663710427,3,1
0,0.1,0.25,0.06565656565656566,0.4184576485461441,21,81,0.14087326410609283,0.8084459111065281,3,2
0,0.20000000000000004,0.375,0.06616161616161617,0.5448798988621997,21,83,0.18140873264106094,0.8661441682994742,3,2
0,0.20000000000000004,0.375,0.06565656565656566,0.4184576485461441,21,87,0.14087326410609283,0.8084459111065281,3,2
0,0.20000000000000004,0.25,0.06060606060606061,0.2920353982300885,21,83,0.10634305016889778,0.7304836547385791,2,2
2,0.20000000000000004,0.25,0.0404040404040404,0.02654867256637168,21,39,0.017890654322532215,0.26616479323502107,0,1
1,0.0,0.125,0.005050505050505052,0.18584070796460175,21,23,0.3244088577505317,0.6341652057337321,2,0
5,0.20000000000000004,0.25,0.16666666666666666,0.8735777496839443,21,83,0.12423370449143,0.9700938434567394,3,3
0,0.1,0.125,0.03535353535353536,0.17825537294563842,21,83,0.10334042287001124,0.625348045787357,2,1
4,0.0,0.125,0.002525252525252526,0.08975979772439949,21,5,0.19929938696359314,0.48484067237289885,1,0
0,0.0,0.125,0.02272727272727273,0.013906447534766117,21,18,0.01839109220567997,0.17608538723316491,0,1
0,0.20000000000000004,0.25,0.05050505050505051,0.01643489254108723,21,81,0.010634305016889778,0.1972259461689183,0,2
0,0.1,0.125,0.05050505050505051,0.2161820480404551,21,5,0.09295633679469535,0.6661338558317005,2,2
0,0.0,0.125,0.017676767676767676,0.1150442477876106,21,96,0.11284874264981858,0.5347014540579562,1,1
1,0.30000000000000004,0.125,0.09090909090909091,0.4437420986093552,21,91,0.11172275741273613,0.8212333711457154,3,2
0,0.0,0.125,0.03282828282828283,0.26675094816687733,21,87,0.16101588890278995,0.7110446529854595,2,1
0,0.1,0.125,0.06565656565656566,0.24146649810366622,21,153,0.08257225071937944,0.6896978446942355,2,2
2,0.20000000000000004,0.125,0.05050505050505051,0.04424778761061946,21,19,0.02201926685850119,0.351448901722182,0,2
0,0.1,0.25,0.05656565656565657,0.1150442477876106,21,18,0.04654072313274115,0.5347014540579562,1,2
0,0.0,0.125,0.05050505050505051,0.49431099873577744,21,83,0.20768172150631806,0.8447973600082501,3,2
0,0.1,0.125,0.05656565656565657,0.021491782553729452,21,5,0.011384961841611408,0.23435083015365588,0,2
5,0.1,0.125,0.06565656565656566,0.10240202275600505,21,81,0.036657074940573,0.511189027534289,1,2
0,0.0,0.125,0.02676767676767677,0.19721871049304676,21,96,0.14049793569373203,0.6466948540785811,2,1
0,0.1,0.125,0.02777777777777778,0.20353982300884954,21,96,0.14087326410609283,0.6533463957925132,2,1
0,0.1,0.125,0.025252525252525252,0.36788874841972186,21,81,0.2672338296009008,0.7804475611013717,2,1
0,0.0,0.125,0.015151515151515152,0.10240202275600505,21,153,0.11172275741273613,0.511189027534289,1,0
1,0.20000000000000004,0.125,0.0404040404040404,0.14032869785082175,21,86,0.07418991617665456,0.5754872641022999,1,1
1,0.1,0.125,0.03535353535353536,0.36788874841972186,21,83,0.20768172150631806,0.7804475611013717,2,1
5,0.1,0.125,0.05050505050505051,0.6713021491782554,21,136,0.2806205429751032,0.9119830875528516,3,2
0,0.20000000000000004,0.25,0.07575757575757576,0.36788874841972186,21,83,0.10947078693857125,0.7804475611013717,2,2
5,0.20000000000000004,0.125,0.09090909090909091,0.2920353982300885,21,96,0.07418991617665456,0.7304836547385791,2,2
0,0.1,0.25,0.07575757575757576,0.49431099873577744,21,83,0.14625297134993118,0.8447973600082501,3,2
0,0.20000000000000004,0.125,0.03737373737373738,0.12515802781289506,21,153,0.07093706993619417,0.5519232752397649,1,1
0,0.1,0.125,0.05050505050505051,0.49431099873577744,21,83,0.20768172150631806,0.8447973600082501,3,2
5,0.20000000000000004,0.25,0.06818181818181819,0.6965865992414665,21,83,0.22507193794570246,0.9201299370939466,3,2
0,0.1,0.125,0.03535353535353536,0.1529709228824273,21,19,0.08945327161266106,0.5933793956893887,1,1
0,0.20000000000000004,0.125,0.0404040404040404,0.19089759797724398,21,96,0.09921181033404228,0.6397855006703106,2,1
0,0.0,0.125,0.025252525252525252,0.4184576485461441,21,83,0.3030151382459652,0.8084459111065281,3,1
0,0.1,0.25,0.05050505050505051,0.4437420986093552,21,83,0.1867884398848993,0.8212333711457154,3,2
1,0.1,0.25,0.033838383838383834,0.6965865992414665,21,81,0.4017265106968597,0.9201299370939466,3,1
0,0.20000000000000004,0.125,0.025252525252525252,0.213653603034134,21,96,0.15813837107469036,0.6636588635660514,2,1
0,0.0,0.125,0.02676767676767677,0.02907711757269279,21,87,0.026523207806830977,0.2804991234402392,0,1
0,0.20000000000000004,0.125,0.06060606060606061,0.23640960809102401,21,91,0.08670086325534843,0.6852119212127463,2,2
5,0.20000000000000004,0.375,0.29292929292929293,0.9999999999999999,21,83,0.08257225071937944,1.0000000000000002,3,3
0,0.20000000000000004,0.25,0.07575757575757576,0.3552465233881163,21,83,0.10584261228575001,0.7728678972878211,2,2
0,0.0,0.125,0.017676767676767676,0.2161820480404551,21,87,0.20380332791192293,0.6661338558317005,2,1
0,0.20000000000000004,0.25,0.1313131313131313,0.6713021491782554,21,83,0.1197297635431002,0.9119830875528516,3,3
3,0.1,0.125,0.0303030303030303,0.0012642225031605555,21,87,0.006881020893281621,0.02309992781272563,0,1
0,0.1,0.125,0.017676767676767676,0.14032869785082175,21,19,0.13561866633304143,0.5754872641022999,1,1
0,0.20000000000000004,0.125,0.0303030303030303,0.06447534766118837,21,5,0.046040285249593395,0.4206455604826236,0,1
2,0.1,0.125,0.03282828282828283,0.04424778761061946,21,5,0.03152758663830852,0.351448901722182,0,1
0,0.1,0.125,0.04797979797979798,0.07711757269279393,21,5,0.037157512823720755,0.4550376405073735,1,2
5,0.20000000000000004,0.125,0.05050505050505051,0.02907711757269279,21,5,0.01576379331915426,0.2804991234402392,0,2
5,0.20000000000000004,0.25,0.09090909090909091,0.24146649810366622,21,96,0.061678969097960716,0.6896978446942355,2,2
0,0.0,0.125,0.025252525252525252,0.19089759797724398,21,17,0.1421243588139622,0.6397855006703106,2,1
0,0.1,0.125,0.03535353535353536,0.10240202275600505,21,153,0.061678969097960716,0.511189027534289,1,1
5,0.20000000000000004,0.125,0.07575757575757576,0.1150442477876106,21,5,0.035906418115851366,0.5347014540579562,1,2
1,0.1,0.125,0.015151515151515152,0.17825537294563842,21,19,0.1867884398848993,0.625348045787357,2,0
0,0.30000000000000004,0.25,0.06565656565656566,0.26675094816687733,21,87,0.0908294757913174,0.7110446529854595,2,2
0,0.1,0.125,0.0303030303030303,0.18584070796460175,21,5,0.12110596772175652,0.6341652057337321,2,1
0,0.1,0.125,0.0404040404040404,0.10493046776232616,21,39,0.056674590266483166,0.5160874497267196,1,1
0,0.20000000000000004,0.375,0.1095959595959596,0.6207332490518331,21,153,0.13111472538471164,0.8947612663710427,3,3
0,0.1,0.125,0.025252525252525252,0.17825537294563842,21,19,0.13311647691730266,0.625348045787357,2,1
2,0.20000000000000004,0.125,0.05050505050505051,0.03919089759797724,21,22,0.02001751532591017,0.3302052181086934,0,2
0,0.20000000000000004,0.125,0.03535353535353536,0.19089759797724398,21,39,0.11034655323407981,0.6397855006703106,2,1
0,0.20000000000000004,0.125,0.0404040404040404,0.08217446270543616,21,153,0.045414737895658704,0.467464164174487,1,1
1,0.4,0.375,0.10101010101010101,0.5701643489254108,21,83,0.12986363067684223,0.8760956997009386,3,3
5,0.4,0.25,0.0707070707070707,0.393173198482933,21,83,0.12423370449143,0.7948850159843253,3,2
4,0.0,0.125,0.07575757575757576,0.2920353982300885,21,5,0.08745152008007005,0.7304836547385791,2,2
0,0.20000000000000004,0.125,0.08080808080808081,0.7471554993678887,21,18,0.20768172150631806,0.9355986387542541,3,2
0,0.1,0.125,0.015151515151515152,0.08975979772439949,21,86,0.09921181033404228,0.48484067237289885,1,0
0,0.0,0.125,0.02777777777777778,0.26675094816687733,21,153,0.18265982734893033,0.7110446529854595,2,1
5,0.30000000000000004,0.25,0.08080808080808081,0.2920353982300885,21,96,0.08257225071937944,0.7304836547385791,2,2
0,0.0,0.125,0.025252525252525252,0.006321112515802781,21,5,0.011635180783185286,0.09719500876559761,0,1
0,0.20000000000000004,0.125,0.05050505050505051,0.12768647281921616,21,22,0.056424371324909295,0.5560482623491803,1,2
0,0.20000000000000004,0.375,0.07171717171717172,0.4184576485461441,21,153,0.13036406855999,0.8084459111065281,3,2
4,0.0,0.125,0.02373737373737374,0.9999999999999999,21,153,0.7460277743025148,1.0000000000000002,3,1
0,0.1,0.125,0.03535353535353536,0.3299620733249052,21,17,0.1867884398848993,0.756883572238837,2,1
1,0.30000000000000004,0.125,0.06565656565656566,0.4437420986093552,21,18,0.1492555986488177,0.8212333711457154,3,2
3,0.0,0.125,0.005050505050505052,0.006321112515802781,21,5,0.02827474039784812,0.09719500876559761,0,0
5,0.1,0.125,0.0404040404040404,0.13527180783817952,21,5,0.0716877267609158,0.5679076002887493,1,1
0,0.0,0.125,0.02272727272727273,0.018963337547408345,21,87,0.022269485800075067,0.2165618232443025,0,1
1,0.20000000000000004,0.125,0.0303030303030303,0.2793931731984829,21,153,0.1790316526961091,0.7209961843869239,2,1
0,0.0,0.125,0.025252525252525252,0.4437420986093552,21,81,0.3207806830977105,0.8212333711457154,3,1
1,0.5000000000000001,0.25,0.09090909090909091,0.7471554993678887,21,83,0.1867884398848993,0.9355986387542541,3,2
5,0.20000000000000004,0.125,0.06565656565656566,0.1529709228824273,21,5,0.05329663455523583,0.5933793956893887,1,2
1,0.30000000000000004,0.125,0.04696969696969697,0.6207332490518331,21,83,0.27586638308519956,0.8947612663710427,3,2
5,0.1,0.125,0.0404040404040404,0.2920353982300885,21,83,0.1492555986488177,0.7304836547385791,2,1
5,0.20000000000000004,0.25,0.06565656565656566,0.393173198482933,21,133,0.1326160390341549,0.7948850159843253,3,2
1,0.30000000000000004,0.25,0.0797979797979798,0.9494310998735777,21,83,0.26623295383460527,0.988501598432505,3,2
5,0.6000000000000001,0.375,0.11616161616161617,0.6207332490518331,21,96,0.12423370449143,0.8947612663710427,3,3
5,0.30000000000000004,0.25,0.09090909090909091,0.40581542351453853,21,83,0.10233954710371575,0.801742807053728,3,2
0,0.1,0.125,0.03535353535353536,0.006321112515802781,21,5,0.008882772425872638,0.09719500876559761,0,1
0,0.20000000000000004,0.125,0.06565656565656566,0.20353982300884954,21,86,0.0700613036406856,0.6533463957925132,2,2
0,0.0,0.125,0.005050505050505052,0.03919089759797724,21,5,0.08257225071937944,0.3302052181086934,0,0
0,0.20000000000000004,0.125,0.0303030303030303,0.08217446270543616,21,86,0.05692480920805705,0.467464164174487,1,1
0,0.20000000000000004,0.25,0.06060606060606061,0.36788874841972186,21,83,0.13311647691730266,0.7804475611013717,2,2
0,0.20000000000000004,0.25,0.11616161616161617,0.393173198482933,21,83,0.07919429500813212,0.7948850159843253,3,3
0,0.20000000000000004,0.375,0.10101010101010101,0.7471554993678887,21,107,0.16977355185787565,0.9355986387542541,3,3
0,0.0,0.125,0.09090909090909091,0.49431099873577744,21,83,0.12423370449143,0.8447973600082501,3,2
0,0.1,0.125,0.020202020202020204,0.06447534766118837,21,91,0.061678969097960716,0.4206455604826236,0,1
0,0.1,0.125,0.06565656565656566,0.36788874841972186,21,83,0.12423370449143,0.7804475611013717,2,2
5,0.30000000000000004,0.25,0.1919191919191919,0.8735777496839443,21,83,0.10859502064306267,0.9700938434567394,3,3
0,0.0,0.125,0.03535353535353536,0.26675094816687733,21,17,0.15200800700613037,0.7110446529854595,2,1
0,0.1,0.25,0.055555555555555566,0.36788874841972186,21,17,0.14350056299261854,0.7804475611013717,2,2
2,0.1,0.125,0.0303030303030303,0.018963337547408345,21,5,0.017890654322532215,0.2165618232443025,0,1
4,0.0,0.125,0.005050505050505052,0.05941845764854614,21,5,0.11585136994870511,0.40522842116118407,0,0
3,0.1,0.125,0.002525252525252526,0.011378002528445006,21,5,0.044163643187789314,0.1527276477261008,0,0
0,0.0,0.125,0.015151515151515152,0.20353982300884954,21,83,0.211810334042287,0.6533463957925132,2,0
5,0.1,0.25,0.09090909090909091,0.0316055625790139,21,83,0.009758538721381207,0.2940084562235743,0,2
0,0.20000000000000004,0.25,0.06060606060606061,0.6207332490518331,21,17,0.22256974852996372,0.8947612663710427,3,2
5,0.20000000000000004,0.125,0.05050505050505051,0.2920353982300885,21,96,0.12423370449143,0.7304836547385791,2,2
1,0.4,0.125,0.055555555555555566,0.24146649810366622,21,153,0.09533341673964718,0.6896978446942355,2,2
0,0.0,0.125,0.020202020202020204,0.021491782553729452,21,83,0.0262729888652571,0.23435083015365588,0,1
0,0.1,0.25,0.06565656565656566,0.36788874841972186,21,81,0.12423370449143,0.7804475611013717,2,2
0,0.1,0.125,0.03535353535353536,0.17825537294563842,21,91,0.10334042287001124,0.625348045787357,2,1
2,0.30000000000000004,0.125,0.0101010101010101,0.036662452591656125,21,96,0.05855123232828725,0.3187583788800661,0,0
0,0.30000000000000004,0.25,0.09090909090909091,0.36788874841972186,21,5,0.09295633679469535,0.7804475611013717,2,2
4,0.1,0.25,0.020202020202020204,0.16561314791403287,21,5,0.14512698611284874,0.6099309064659173,1,1
0,0.1,0.125,0.020202020202020204,0.19089759797724398,21,5,0.16589515826348056,0.6397855006703106,2,1
0,0.20000000000000004,0.125,0.05050505050505051,0.19089759797724398,21,5,0.08257225071937944,0.6397855006703106,2,2
0,0.20000000000000004,0.125,0.06565656565656566,0.19089759797724398,21,87,0.06580758163392968,0.6397855006703106,2,2
0,0.1,0.125,0.0303030303030303,0.046776232616940576,21,39,0.03515576129112974,0.36134887078477873,0,1
0,0.0,0.125,0.005050505050505052,0.06447534766118837,21,153,0.12423370449143,0.4206455604826236,0,0
0,0.1,0.125,0.03282828282828283,0.16561314791403287,21,19,0.10221443763292881,0.6099309064659173,1,1
0,0.20000000000000004,0.25,0.05050505050505051,0.393173198482933,21,5,0.16589515826348056,0.7948850159843253,3,2
1,0.30000000000000004,0.125,0.06060606060606061,0.49431099873577744,21,18,0.17790566745902664,0.8447973600082501,3,2
0,0.1,0.125,0.0404040404040404,0.0720606826801517,21,5,0.04041035906418115,0.4418892440961124,1,1
0,0.0,0.125,0.017676767676767676,0.011378002528445006,21,133,0.019642186913549353,0.1527276477261008,0,1
0,0.1,0.125,0.0101010101010101,0.06447534766118837,21,19,0.09295633679469535,0.4206455604826236,0,0
0,0.20000000000000004,0.25,0.07323232323232323,0.393173198482933,21,83,0.12048042036782182,0.7948850159843253,3,2
1,0.0,0.125,0.01868686868686869,0.26675094816687733,21,81,0.24058551232328287,0.7110446529854595,2,1
0,0.1,0.125,0.0303030303030303,0.16561314791403287,21,81,0.10859502064306267,0.6099309064659173,1,1
1,0.1,0.375,0.04696969696969697,0.4437420986093552,21,81,0.19842362066808458,0.8212333711457154,3,2
1,0.4,0.25,0.10808080808080808,0.8169405815423514,21,81,0.17427749280620544,0.9552954522017121,3,3
0,0.0,0.125,0.002525252525252526,0.07711757269279393,21,23,0.17427749280620544,0.4550376405073735,1,0
0,0.0,0.125,0.02676767676767677,0.22629582806573956,21,81,0.1602652320780683,0.675879137877694,2,1
1,0.20000000000000004,0.125,0.05050505050505051,0.36788874841972186,21,83,0.15551107218816465,0.7804475611013717,2,2
5,0.30000000000000004,0.25,0.10606060606060606,0.393173198482933,21,91,0.08620042537220067,0.7948850159843253,3,3
5,0.20000000000000004,0.25,0.06060606060606061,0.393173198482933,21,91,0.1421243588139622,0.7948850159843253,3,2
1,0.20000000000000004,0.25,0.02777777777777778,0.3173198482932996,21,83,0.21593894657825596,0.7484273486645356,2,1
1,0.0,0.25,0.09090909090909091,0.6207332490518331,21,87,0.15551107218816465,0.8947612663710427,3,2
1,0.4,0.25,0.05050505050505051,0.36788874841972186,21,5,0.15551107218816465,0.7804475611013717,2,2
1,0.4,0.125,0.06565656565656566,0.5372945638432364,21,83,0.18015763793319156,0.8631019903062804,3,2
1,0.30000000000000004,0.125,0.0404040404040404,0.34260429835651074,21,83,0.17427749280620544,0.7649788594410643,2,1
2,0.20000000000000004,0.125,0.0101010101010101,0.036662452591656125,21,96,0.05855123232828725,0.3187583788800661,0,0
1,0.0,0.125,0.04797979797979798,0.6713021491782554,21,83,0.2928812711122232,0.9119830875528516,3,2
1,0.30000000000000004,0.125,0.04848484848484849,0.6839443742098609,21,83,0.2957587889403228,0.9161080746622667,3,2
1,0.4,0.25,0.0707070707070707,0.7471554993678887,21,83,0.23370449143000124,0.9355986387542541,3,2
1,0.7000000000000001,0.25,0.09090909090909091,0.9367888748419722,21,83,0.23370449143000124,0.985510982778179,3,2
0,0.20000000000000004,0.125,0.055555555555555566,0.36788874841972186,21,83,0.14350056299261854,0.7804475611013717,2,2
0,0.0,0.125,0.09090909090909091,0.49431099873577744,21,83,0.12423370449143,0.8447973600082501,3,2
4,0.0,0.125,0.020202020202020204,0.6207332490518331,21,96,0.5204553984736645,0.8947612663710427,3,1
5,0.30000000000000004,0.375,0.1919191919191919,0.8735777496839443,21,83,0.10859502064306267,0.9700938434567394,3,3
0,0.0,0.125,0.020202020202020204,0.10493046776232616,21,5,0.09508319779807331,0.5160874497267196,1,1
0,0.20000000000000004,0.125,0.05050505050505051,0.20353982300884954,21,96,0.08770173902164392,0.6533463957925132,2,2
0,0.20000000000000004,0.125,0.0303030303030303,0.09481668773704172,21,0,0.06480670586763417,0.49577188821284945,1,1
5,0.4,0.5,0.3686868686868687,0.8735777496839443,21,83,0.05755035656199174,0.9700938434567394,3,3
5,0.4,0.25,0.05050505050505051,0.43109987357774965,21,83,0.18153384211184787,0.814942765803857,3,2
5,0.1,0.125,0.03535353535353536,0.029835651074589124,21,22,0.02176904791692731,0.28462411054965453,0,1
0,0.20000000000000004,0.125,0.045959595959595964,0.021491782553729452,21,81,0.01376204178656324,0.23435083015365588,0,2
0,0.30000000000000004,0.25,0.1414141414141414,0.9999999999999999,21,83,0.16589515826348056,1.0000000000000002,3,3
1,0.20000000000000004,0.25,0.04242424242424242,0.4437420986093552,21,83,0.2156887276366821,0.8212333711457154,3,2
1,0.4,0.125,0.05050505050505051,0.4184576485461441,21,83,0.1764043538095834,0.8084459111065281,3,2
0,0.1,0.125,0.0404040404040404,0.3173198482932996,21,83,0.16176654572751156,0.7484273486645356,2,1
3,0.1,0.125,0.06565656565656566,0.013906447534766117,21,5,0.007506568247216314,0.17608538723316491,0,2
0,0.0,0.125,0.015151515151515152,0.08975979772439949,21,96,0.09921181033404228,0.48484067237289885,1,0
1,0.4,0.25,0.0707070707070707,0.7471554993678887,21,83,0.23370449143000124,0.9355986387542541,3,2
1,0.0,0.25,0.0404040404040404,0.7471554993678887,21,83,0.37445264606530715,0.9355986387542541,3,1
4,0.0,0.125,0.005050505050505052,0.595448798988622,21,5,1.0,0.8856347323914613,3,0
0,0.20000000000000004,0.25,0.07575757575757576,0.4437420986093552,21,81,0.13161516326785938,0.8212333711457154,3,2
0,0.1,0.125,0.045454545454545456,0.011378002528445006,21,81,0.00938321030902039,0.1527276477261008,0,2
0,0.30000000000000004,0.375,0.09090909090909091,0.8735777496839443,21,5,0.21806580758163394,0.9700938434567394,3,2
0,0.1,0.125,0.10101010101010101,0.36788874841972186,21,17,0.08444889278118353,0.7804475611013717,2,3
1,0.20000000000000004,0.125,0.0404040404040404,0.36788874841972186,21,83,0.1867884398848993,0.7804475611013717,2,1
0,0.20000000000000004,0.25,0.09090909090909091,0.49431099873577744,21,83,0.12423370449143,0.8447973600082501,3,2
0,0.1,0.125,0.05707070707070708,0.4184576485461441,21,83,0.15901413737019893,0.8084459111065281,3,2
1,0.30000000000000004,0.375,0.1414141414141414,0.6965865992414665,21,153,0.11585136994870511,0.9201299370939466,3,3
5,0.30000000000000004,0.125,0.06060606060606061,0.16561314791403287,21,86,0.061678969097960716,0.6099309064659173,1,2
5,0.20000000000000004,0.125,0.09090909090909091,0.12768647281921616,21,86,0.033529338170899536,0.5560482623491803,1,2
1,0.4,0.375,0.0994949494949495,0.8134007585335019,21,87,0.18716376829726009,0.9543157677632259,3,3
1,0.1,0.125,0.03535353535353536,0.1150442477876106,21,19,0.06868509946202926,0.5347014540579562,1,1
0,0.20000000000000004,0.125,0.06060606060606061,0.8735777496839443,21,83,0.31189791067183786,0.9700938434567394,3,2
0,0.1,0.125,0.03535353535353536,0.1150442477876106,21,86,0.06868509946202926,0.5347014540579562,1,1
5,0.4,0.125,0.09090909090909091,0.36788874841972186,21,17,0.09295633679469535,0.7804475611013717,2,2
5,0.20000000000000004,0.25,0.09090909090909091,0.4690265486725663,21,96,0.11797823095208307,0.8333505207796226,3,2
0,0.20000000000000004,0.25,0.06565656565656566,0.7471554993678887,21,83,0.24934317527836858,0.9355986387542541,3,2
1,0.0,0.25,0.1313131313131313,0.8735777496839443,21,87,0.15551107218816465,0.9700938434567394,3,3
1,0.20000000000000004,0.125,0.055555555555555566,0.2920353982300885,21,153,0.11460027524083573,0.7304836547385791,2,2
1,0.30000000000000004,0.125,0.03535353535353536,0.22882427307206066,21,153,0.13123983485549856,0.6782510054656081,2,1
4,0.1,0.125,0.0404040404040404,0.7471554993678887,21,19,0.37445264606530715,0.9355986387542541,3,1
0,0.30000000000000004,0.125,0.055555555555555566,0.36788874841972186,21,153,0.14350056299261854,0.7804475611013717,2,2
0,0.0,0.125,0.017676767676767676,0.19089759797724398,21,83,0.18115851369948707,0.6397855006703106,2,1
3,0.0,0.125,0.020202020202020204,0.006321112515802781,21,96,0.01376204178656324,0.09719500876559761,0,1
1,0.1,0.125,0.0303030303030303,0.2920353982300885,21,5,0.1867884398848993,0.7304836547385791,2,1
1,0.0,0.125,0.0404040404040404,0.7471554993678887,21,5,0.37445264606530715,0.9355986387542541,3,1
1,0.20000000000000004,0.25,0.09090909090909091,0.49431099873577744,21,5,0.12423370449143,0.8447973600082501,3,2
0,0.1,0.125,0.025252525252525252,0.2161820480404551,21,83,0.16001501313649444,0.6661338558317005,2,1
0,0.1,0.125,0.0404040404040404,0.2161820480404551,21,81,0.11172275741273613,0.6661338558317005,2,1
1,0.1,0.125,0.0404040404040404,0.36788874841972186,21,83,0.1867884398848993,0.7804475611013717,2,1
1,0.1,0.125,0.0303030303030303,0.19089759797724398,21,5,0.12423370449143,0.6397855006703106,2,1
0,0.1,0.125,0.03535353535353536,0.14032869785082175,21,87,0.08257225071937944,0.5754872641022999,1,1
0,0.1,0.125,0.03636363636363636,0.08975979772439949,21,87,0.0535468534968097,0.48484067237289885,1,1
1,0.6000000000000001,0.75,0.1919191919191919,0.7471554993678887,21,96,0.09295633679469535,0.9355986387542541,3,3
5,0.20000000000000004,0.125,0.06565656565656566,0.5701643489254108,21,83,0.19091705242086826,0.8760956997009386,3,2
3,0.0,0.125,0.02070707070707071,0.006321112515802781,21,5,0.013511822844989363,0.09719500876559761,0,1
0,0.20000000000000004,0.25,0.09090909090909091,0.45638432364096077,21,18,0.1148504941824096,0.8273692894709705,3,2
0,0.0,0.125,0.025252525252525252,0.22882427307206066,21,5,0.16889778556236706,0.6782510054656081,2,1
0,0.1,0.125,0.0303030303030303,0.07711757269279393,21,38,0.05392218190917052,0.4550376405073735,1,1
4,0.0,0.125,0.0015151515151515162,0.14032869785082175,21,5,0.32553484298761415,0.5754872641022999,1,0
5,0.30000000000000004,0.25,0.11111111111111112,0.4437420986093552,21,5,0.09295633679469535,0.8212333711457154,3,3
0,0.1,0.125,0.05050505050505051,0.14032869785082175,21,83,0.061678969097960716,0.5754872641022999,1,2
5,0.1,0.125,0.03535353535353536,0.10240202275600505,21,5,0.061678969097960716,0.511189027534289,1,1
5,0.20000000000000004,0.125,0.06060606060606061,0.13527180783817952,21,83,0.050919554610283996,0.5679076002887493,1,2
4,0.0,0.125,0.16666666666666666,0.19089759797724398,21,5,0.027774302514700363,0.6397855006703106,2,3
4,0.5000000000000001,0.25,0.1919191919191919,0.8735777496839443,21,96,0.10859502064306267,0.9700938434567394,3,3
0,0.1,0.125,0.017676767676767676,0.02654867256637168,21,83,0.03327911922932566,0.26616479323502107,0,1
4,0.0,0.125,0.015151515151515152,0.1150442477876106,21,5,0.12423370449143,0.5347014540579562,1,0
5,0.1,0.125,0.03535353535353536,0.08975979772439949,21,5,0.05467283873389216,0.48484067237289885,1,1
0,0.0,0.125,0.011111111111111113,0.006321112515802781,21,5,0.02001751532591017,0.09719500876559761,0,0
0,0.20000000000000004,0.125,0.0303030303030303,0.2161820480404551,21,38,0.13987238833979732,0.6661338558317005,2,1
0,0.30000000000000004,0.125,0.06060606060606061,0.24146649810366622,21,86,0.08845239584636555,0.6896978446942355,2,2
0,0.30000000000000004,0.125,0.06565656565656566,0.36788874841972186,21,81,0.12423370449143,0.7804475611013717,2,2
0,0.20000000000000004,0.125,0.0303030303030303,0.16561314791403287,21,19,0.10859502064306267,0.6099309064659173,1,1
4,0.0,0.125,0.0030303030303030307,0.08975979772439949,21,5,0.19154259977480295,0.48484067237289885,1,0
0,0.0,0.125,0.007575757575757576,0.16561314791403287,21,107,0.24934317527836858,0.6099309064659173,1,0
5,0.1,0.125,0.0303030303030303,0.19089759797724398,21,5,0.12423370449143,0.6397855006703106,2,1
0,0.1,0.125,0.020202020202020204,0.08975979772439949,21,137,0.08257225071937944,0.48484067237289885,1,1
5,0.20000000000000004,0.25,0.06565656565656566,0.7471554993678887,21,133,0.24934317527836858,0.9355986387542541,3,2
3,0.1,0.125,0.0303030303030303,0.011378002528445006,21,153,0.01313649443262855,0.1527276477261008,0,1
0,0.20000000000000004,0.125,0.04292929292929293,0.03413400758533502,21,5,0.020517953209057926,0.3067443539238939,0,2
5,0.20000000000000004,0.125,0.0404040404040404,0.14032869785082175,21,86,0.07418991617665456,0.5754872641022999,1,1
0,0.0,0.125,0.00808080808080808,0.2920353982300885,21,81,0.41611409983735764,0.7304836547385791,2,0
0,0.20000000000000004,0.125,0.0404040404040404,0.1150442477876106,21,39,0.061678969097960716,0.5347014540579562,1,1
0,0.0,0.125,0.0,0.1529709228824273,21,83,0.40573001376204176,0.5933793956893887,1,0
5,0.30000000000000004,0.125,0.06565656565656566,0.08217446270543616,21,27,0.03002627298886526,0.467464164174487,1,2
5,0.20000000000000004,0.25,0.06565656565656566,0.08470290771175726,21,47,0.030776929813586887,0.4733938331442715,1,2
5,0.20000000000000004,0.25,0.03535353535353536,0.49431099873577744,21,83,0.27711747779306894,0.8447973600082501,3,1
0,0.1,0.125,0.025252525252525252,0.08470290771175726,21,0,0.06705867634179906,0.4733938331442715,1,1
0,0.1,0.125,0.02272727272727273,0.024020227560050567,21,81,0.02602276992368322,0.2507992162524493,0,1
0,0.0,0.125,0.0303030303030303,0.01643489254108723,21,5,0.01638934067308895,0.1972259461689183,0,1
0,0.0,0.125,0.0404040404040404,0.01643489254108723,21,5,0.012886275491054673,0.1972259461689183,0,1
0,0.30000000000000004,0.375,0.09090909090909091,0.9999999999999999,21,87,0.24934317527836858,1.0000000000000002,3,2
0,0.1,0.125,0.0303030303030303,0.08975979772439949,21,86,0.061678969097960716,0.48484067237289885,1,1
0,0.0,0.125,0.03131313131313132,0.008849557522123892,21,81,0.011384961841611408,0.1266886665979169,0,1
0,0.20000000000000004,0.25,0.10101010101010101,0.02654867256637168,21,81,0.007631677718003253,0.26616479323502107,0,3
0,0.30000000000000004,0.25,0.06565656565656566,0.2920353982300885,21,86,0.09921181033404228,0.7304836547385791,2,2
3,0.0,0.125,0.02070707070707071,0.006321112515802781,21,5,0.013511822844989363,0.09719500876559761,0,1
4,0.1,0.0,0.005050505050505052,0.19089759797724398,21,96,0.3327911922932566,0.6397855006703106,2,0
0,0.1,0.25,0.05808080808080808,0.4184576485461441,21,87,0.15663705742524708,0.8084459111065281,3,2
0,0.0,0.125,0.02373737373737374,0.22882427307206066,21,83,0.17652946328037034,0.6782510054656081,2,1
0,0.0,0.125,0.0,0.0518331226295828,21,19,0.15551107218816465,0.37996287511601534,0,0
3,0.1,0.125,0.020202020202020204,0.006321112515802781,21,5,0.01376204178656324,0.09719500876559761,0,1
4,0.1,0.0,0.10101010101010101,0.34260429835651074,21,5,0.07869385712498436,0.7649788594410643,2,3
0,0.1,0.125,0.0404040404040404,0.2920353982300885,21,5,0.1492555986488177,0.7304836547385791,2,1
0,0.0,0.125,0.03434343434343434,0.45638432364096077,21,17,0.2621043412986363,0.8273692894709705,3,1
4,0.1,0.125,0.00808080808080808,0.08975979772439949,21,47,0.1381208557487802,0.48484067237289885,1,0
1,0.0,0.125,0.00808080808080808,0.08975979772439949,21,87,0.1381208557487802,0.48484067237289885,1,0
4,0.0,0.125,0.06060606060606061,0.393173198482933,21,81,0.1421243588139622,0.7948850159843253,3,2
0,0.0,0.125,0.03535353535353536,0.45638432364096077,21,83,0.25634930564243713,0.8273692894709705,3,1
4,0.0,0.125,0.0404040404040404,0.22882427307206066,21,81,0.11797823095208307,0.6782510054656081,2,1
5,0.1,0.125,0.0404040404040404,0.12768647281921616,21,39,0.06793444263730763,0.5560482623491803,1,1
0,0.20000000000000004,0.375,0.09090909090909091,0.4184576485461441,21,81,0.1054672838733892,0.8084459111065281,3,2
0,0.20000000000000004,0.25,0.07575757575757576,0.03919089759797724,21,81,0.01388715125735018,0.3302052181086934,0,2
4,0.0,0.125,0.08080808080808081,0.8735777496839443,21,81,0.24233704491430003,0.9700938434567394,3,2
0,0.1,0.125,0.0404040404040404,0.30467762326169406,21,81,0.15551107218816465,0.7396617510570282,2,1
0,0.1,0.125,0.025252525252525252,0.12768647281921616,21,35,0.09746027774302514,0.5560482623491803,1,1
5,0.20000000000000004,0.125,0.0303030303030303,0.08975979772439949,21,87,0.061678969097960716,0.48484067237289885,1,1
0,0.30000000000000004,0.375,0.11111111111111112,0.8735777496839443,21,83,0.18153384211184787,0.9700938434567394,3,3
4,0.1,0.25,0.09090909090909091,0.8735777496839443,21,17,0.21806580758163394,0.9700938434567394,3,2
0,0.0,0.125,0.005050505050505052,0.05689001264222503,21,153,0.11172275741273613,0.39713313395895633,0,0
5,0.0,0.125,0.0303030303030303,0.02654867256637168,21,86,0.02264481421243588,0.26616479323502107,0,1
0,0.20000000000000004,0.25,0.05808080808080808,0.2920353982300885,21,17,0.11034655323407981,0.7304836547385791,2,2
0,0.1,0.25,0.05050505050505051,0.5448798988621997,21,153,0.22844989365694982,0.8661441682994742,3,2
0,0.20000000000000004,0.125,0.09090909090909091,0.6965865992414665,21,83,0.17427749280620544,0.9201299370939466,3,2
0,0.1,0.125,0.05050505050505051,0.2161820480404551,21,81,0.09295633679469535,0.6661338558317005,2,2
4,0.0,0.125,0.0,0.06447534766118837,21,83,0.1867884398848993,0.4206455604826236,0,0
0,0.0,0.125,0.015151515151515152,0.03919089759797724,21,5,0.04916802201926686,0.3302052181086934,0,0
5,0.20000000000000004,0.125,0.03282828282828283,0.1529709228824273,21,81,0.09483297885649943,0.5933793956893887,1,1
1,0.1,0.125,0.0303030303030303,0.2920353982300885,21,82,0.1867884398848993,0.7304836547385791,2,1
0,0.0,0.125,0.017676767676767676,0.26675094816687733,21,83,0.24934317527836858,0.7110446529854595,2,1
0,0.0,0.125,0.02777777777777778,0.49431099873577744,21,83,0.3327911922932566,0.8447973600082501,3,1
4,0.1,0.125,0.025252525252525252,0.5448798988621997,21,153,0.3923433003878393,0.8661441682994742,3,1
0,0.1,0.125,0.02777777777777778,0.2920353982300885,21,153,0.19929938696359314,0.7304836547385791,2,1
0,0.20000000000000004,0.25,0.05050505050505051,0.4437420986093552,21,83,0.1867884398848993,0.8212333711457154,3,2
0,0.1,0.125,0.05050505050505051,0.393173198482933,21,83,0.16589515826348056,0.7948850159843253,3,2
0,0.20000000000000004,0.25,0.0404040404040404,0.36788874841972186,21,83,0.1867884398848993,0.7804475611013717,2,1
0,0.1,0.25,0.0404040404040404,0.7471554993678887,21,83,0.37445264606530715,0.9355986387542541,3,1
0,0.20000000000000004,0.25,0.16666666666666666,0.8735777496839443,21,83,0.12423370449143,0.9700938434567394,3,3
0,0.20000000000000004,0.375,0.0707070707070707,0.34260429835651074,21,96,0.10859502064306267,0.7649788594410643,2,2
0,0.0,0.125,0.025252525252525252,0.19089759797724398,21,19,0.1421243588139622,0.6397855006703106,2,1
0,0.1,0.125,0.045454545454545456,0.19089759797724398,21,91,0.09007881896659575,0.6397855006703106,2,2
0,0.0,0.125,0.0303030303030303,0.011378002528445006,21,81,0.01313649443262855,0.1527276477261008,0,1
0,0.20000000000000004,0.25,0.06565656565656566,0.24146649810366622,21,5,0.08257225071937944,0.6896978446942355,2,2
0,0.1,0.125,0.015151515151515152,0.10240202275600505,21,5,0.11172275741273613,0.511189027534289,1,0
1,0.1,0.125,0.020202020202020204,0.17825537294563842,21,153,0.15551107218816465,0.625348045787357,2,1
5,0.1,0.125,0.039898989898989906,0.07711757269279393,21,40,0.04341298636306768,0.4550376405073735,1,1
5,0.20000000000000004,0.125,0.06565656565656566,0.20353982300884954,21,96,0.0700613036406856,0.6533463957925132,2,2
0,0.0,0.125,0.025252525252525252,0.22882427307206066,21,96,0.16889778556236706,0.6782510054656081,2,1
5,0.4,0.25,0.2626262626262626,0.7471554993678887,21,96,0.06868509946202926,0.9355986387542541,3,3
5,0.20000000000000004,0.125,0.05050505050505051,0.24146649810366622,21,87,0.10334042287001124,0.6896978446942355,2,2
0,0.0,0.125,0.025252525252525252,0.14032869785082175,21,5,0.10634305016889778,0.5754872641022999,1,1
0,0.1,0.125,0.1919191919191919,0.1150442477876106,21,5,0.01476291755285875,0.5347014540579562,1,3
1,0.0,0.125,0.015151515151515152,0.36788874841972186,21,19,0.37445264606530715,0.7804475611013717,2,0
4,0.0,0.125,0.015151515151515152,0.1150442477876106,21,5,0.12423370449143,0.5347014540579562,1,0
2,0.30000000000000004,0.125,0.1414141414141414,0.05941845764854614,21,81,0.010759414487676717,0.40522842116118407,0,3
0,0.1,0.25,0.045454545454545456,0.5195954487989886,21,5,0.23795821343675716,0.8557285758482007,3,2
2,0.20000000000000004,0.125,0.0404040404040404,0.025284450063211124,21,5,0.017265106968597524,0.25863669176033843,0,1
5,0.1,0.125,0.05050505050505051,0.0,21,5,0.0038783935943950956,0.0,0,2
0,0.20000000000000004,0.25,0.09090909090909091,0.4184576485461441,21,17,0.1054672838733892,0.8084459111065281,3,2
0,0.1,0.125,0.025252525252525252,0.0518331226295828,21,5,0.043788314775428494,0.37996287511601534,0,1
0,0.1,0.25,0.08080808080808081,0.8735777496839443,21,83,0.24233704491430003,0.9700938434567394,3,2
0,0.20000000000000004,0.25,0.09090909090909091,0.6207332490518331,21,83,0.15551107218816465,0.8947612663710427,3,2
0,0.1,0.25,0.05050505050505051,0.7471554993678887,21,83,0.31189791067183786,0.9355986387542541,3,2
0,0.1,0.25,0.05050505050505051,0.6207332490518331,21,83,0.25972726135368446,0.8947612663710427,3,2
1,0.30000000000000004,0.125,0.045454545454545456,0.595448798988622,21,153,0.2721130989615914,0.8856347323914613,3,2
0,0.1,0.25,0.017676767676767676,0.14032869785082175,21,19,0.13561866633304143,0.5754872641022999,1,1
0,0.1,0.125,0.012626262626262628,0.1150442477876106,21,153,0.1381208557487802,0.5347014540579562,1,0
0,0.20000000000000004,0.25,0.09090909090909091,0.19089759797724398,21,83,0.04916802201926686,0.6397855006703106,2,2
0,0.20000000000000004,0.375,0.09090909090909091,0.6965865992414665,21,87,0.17427749280620544,0.9201299370939466,3,2
0,0.1,0.25,0.09090909090909091,0.5195954487989886,21,83,0.13048917803077692,0.8557285758482007,3,2
5,0.20000000000000004,0.125,0.0404040404040404,0.08217446270543616,21,153,0.045414737895658704,0.467464164174487,1,1
4,0.20000000000000004,0.25,0.11616161616161617,0.2920353982300885,21,5,0.05917677968222194,0.7304836547385791,2,3
0,0.0,0.125,0.007575757575757576,0.12768647281921616,21,96,0.19567121231077195,0.5560482623491803,1,0
2,0.1,0.125,0.03535353535353536,0.0518331226295828,21,96,0.03390466658326035,0.37996287511601534,0,1
5,0.20000000000000004,0.125,0.05050505050505051,0.3299620733249052,21,96,0.13987238833979732,0.756883572238837,2,2
1,0.20000000000000004,0.125,0.04797979797979798,0.6839443742098609,21,83,0.2982609783560616,0.9161080746622667,3,2
0,0.1,0.125,0.02777777777777778,0.008849557522123892,21,19,0.012510947078693857,0.1266886665979169,0,1
5,0.1,0.125,0.045454545454545456,0.08975979772439949,21,5,0.04466408107093707,0.48484067237289885,1,2
5,0.5000000000000001,0.25,0.24242424242424243,0.49431099873577744,21,96,0.04916802201926686,0.8447973600082501,3,3
0,0.1,0.125,0.02777777777777778,0.008849557522123892,21,19,0.012510947078693857,0.1266886665979169,0,1
0,0.1,0.125,0.0404040404040404,0.2161820480404551,21,96,0.11172275741273613,0.6661338558317005,2,1
5,0.5000000000000001,0.375,0.24242424242424243,0.49431099873577744,21,96,0.04916802201926686,0.8447973600082501,3,3
0,0.20000000000000004,0.375,0.08080808080808081,0.6965865992414665,21,83,0.19379457024896785,0.9201299370939466,3,2
0,0.0,0.125,0.0303030303030303,0.393173198482933,21,136,0.24934317527836858,0.7948850159843253,3,1
0,0.20000000000000004,0.375,0.08080808080808081,0.9494310998735777,21,83,0.26323032653571876,0.988501598432505,3,2
4,0.0,0.125,0.02878787878787879,0.8735777496839443,21,83,0.5677467784311273,0.9700938434567394,3,1
4,0.0,0.125,0.002525252525252526,0.10998735777496839,21,19,0.23933441761541346,0.525574920078375,1,0
0,0.20000000000000004,0.125,0.06565656565656566,0.22882427307206066,21,96,0.07831852871262354,0.6782510054656081,2,2
0,0.20000000000000004,0.125,0.045454545454545456,0.2920353982300885,21,91,0.13561866633304143,0.7304836547385791,2,2
0,0.30000000000000004,0.125,0.06060606060606061,0.16561314791403287,21,86,0.061678969097960716,0.6099309064659173,1,2
0,0.1,0.25,0.06060606060606061,0.3173198482932996,21,17,0.11535093206555734,0.7484273486645356,2,2
0,0.20000000000000004,0.125,0.020202020202020204,0.0012642225031605555,21,86,0.00950831977980733,0.02309992781272563,0,1
5,0.20000000000000004,0.375,0.11111111111111112,0.2920353982300885,21,17,0.061678969097960716,0.7304836547385791,2,3
0,0.0,0.125,0.0303030303030303,0.6207332490518331,21,83,0.39009132991367446,0.8947612663710427,3,1
0,0.1,0.125,0.0404040404040404,0.6207332490518331,21,83,0.31189791067183786,0.8947612663710427,3,1
0,0.30000000000000004,0.125,0.06565656565656566,0.8735777496839443,21,83,0.2910046290504191,0.9700938434567394,3,2
5,0.30000000000000004,0.25,0.09090909090909091,0.8230088495575221,21,83,0.20555486050294008,0.9568938847066106,3,2
0,0.1,0.125,0.025252525252525252,0.14032869785082175,21,17,0.10634305016889778,0.5754872641022999,1,1
5,0.20000000000000004,0.25,0.07575757575757576,0.6965865992414665,21,17,0.20517953209057924,0.9201299370939466,3,2
0,0.30000000000000004,0.125,0.03535353535353536,0.16561314791403287,21,5,0.09645940197672963,0.6099309064659173,1,1
5,0.6000000000000001,0.375,0.16666666666666666,0.595448798988622,21,96,0.08494933066433129,0.8856347323914613,3,3
0,0.20000000000000004,0.125,0.03787878787878787,0.1150442477876106,21,5,0.06493181533842111,0.5347014540579562,1,1
3,0.1,0.125,0.025252525252525252,0.006321112515802781,21,5,0.011635180783185286,0.09719500876559761,0,1
0,0.1,0.125,0.025252525252525252,0.30467762326169406,21,5,0.22256974852996372,0.7396617510570282,2,1
0,0.20000000000000004,0.125,0.0303030303030303,0.1529709228824273,21,5,0.10071312398348553,0.5933793956893887,1,1
1,0.30000000000000004,0.125,0.0297979797979798,0.3173198482932996,21,153,0.20505442261979234,0.7484273486645356,2,1
1,0.4,0.125,0.04696969696969697,0.4412136536030341,21,153,0.19729763543100212,0.8199958750128906,3,2
0,0.20000000000000004,0.375,0.07575757575757576,0.9999999999999999,21,5,0.2935068184661579,1.0000000000000002,3,2
0,0.30000000000000004,0.125,0.06060606060606061,0.16561314791403287,21,86,0.061678969097960716,0.6099309064659173,1,2
5,0.20000000000000004,0.25,0.1515151515151515,0.6965865992414665,21,83,0.10859502064306267,0.9201299370939466,3,3
3,0.0,0.125,0.025252525252525252,0.008849557522123892,21,96,0.013386713374202424,0.1266886665979169,0,1
0,0.0,0.125,0.025252525252525252,0.36788874841972186,21,87,0.2672338296009008,0.7804475611013717,2,1
1,0.5000000000000001,0.25,0.08080808080808081,0.6207332490518331,21,83,0.1729012886275491,0.8947612663710427,3,2
0,0.0,0.125,0.03282828282828283,0.2793931731984829,21,87,0.16839734767921932,0.7209961843869239,2,1
1,0.7000000000000001,0.375,0.1919191919191919,0.7218710493046776,21,96,0.08982860002502188,0.9279674126018358,3,3
5,0.1,0.125,0.045454545454545456,0.36788874841972186,21,87,0.16977355185787565,0.7804475611013717,2,2
0,0.20000000000000004,0.125,0.02777777777777778,0.14032869785082175,21,19,0.09921181033404228,0.5754872641022999,1,1
5,0.6000000000000001,0.25,0.24242424242424243,0.797724399494311,21,17,0.07919429500813212,0.9500360936372076,3,3
0,0.1,0.125,0.0404040404040404,0.8735777496839443,21,83,0.43700738145877643,0.9700938434567394,3,1
0,0.20000000000000004,0.125,0.0303030303030303,0.14032869785082175,21,19,0.09295633679469535,0.5754872641022999,1,1
4,0.0,0.125,0.015151515151515152,0.12768647281921616,21,22,0.13674465157012386,0.5560482623491803,1,0
0,0.0,0.125,0.014141414141414142,0.22882427307206066,21,96,0.24671587639184286,0.6782510054656081,2,0
5,0.20000000000000004,0.125,0.07575757575757576,0.3173198482932996,21,96,0.09483297885649943,0.7484273486645356,2,2
0,0.20000000000000004,0.25,0.05050505050505051,0.393173198482933,21,18,0.16589515826348056,0.7948850159843253,3,2
0,0.20000000000000004,0.25,0.04797979797979798,0.7471554993678887,21,153,0.32553484298761415,0.9355986387542541,3,2
0,0.1,0.25,0.055555555555555566,0.797724399494311,21,82,0.3071437507819342,0.9500360936372076,3,2
1,0.1,0.125,0.02272727272727273,0.17825537294563842,21,19,0.14350056299261854,0.625348045787357,2,1
4,0.0,0.125,0.015151515151515152,0.3299620733249052,21,107,0.33691980482922557,0.756883572238837,2,0
0,0.1,0.125,0.0303030303030303,0.09481668773704172,21,5,0.06480670586763417,0.49577188821284945,1,1
0,0.30000000000000004,0.25,0.0707070707070707,0.393173198482933,21,96,0.12423370449143,0.7948850159843253,3,2
0,0.1,0.125,0.05050505050505051,0.5701643489254108,21,136,0.2389590892030527,0.8760956997009386,3,2
0,0.1,0.125,0.05050505050505051,0.49431099873577744,21,83,0.20768172150631806,0.8447973600082501,3,2
5,0.20000000000000004,0.125,0.06565656565656566,0.7471554993678887,21,83,0.24934317527836858,0.9355986387542541,3,2
0,0.20000000000000004,0.25,0.043939393939393945,0.2920353982300885,21,19,0.13937195045664957,0.7304836547385791,2,2
0,0.0,0.125,0.0303030303030303,0.22882427307206066,21,83,0.14775428499937446,0.6782510054656081,2,1
0,0.20000000000000004,0.125,0.0303030303030303,0.03413400758533502,21,19,0.027273864631552607,0.3067443539238939,0,1
0,0.1,0.125,0.0303030303030303,0.06447534766118837,21,40,0.046040285249593395,0.4206455604826236,0,1
5,0.1,0.125,0.045454545454545456,0.1706700379266751,21,5,0.08107093706993618,0.6162215118077756,2,2
0,0.20000000000000004,0.125,0.025252525252525252,0.14032869785082175,21,19,0.10634305016889778,0.5754872641022999,1,1
1,0.4,0.125,0.05050505050505051,0.24146649810366622,21,91,0.10334042287001124,0.6896978446942355,2,2
5,0.30000000000000004,0.25,0.1919191919191919,0.9999999999999999,21,107,0.12423370449143,1.0000000000000002,3,3
0,0.20000000000000004,0.125,0.06565656565656566,0.22882427307206066,21,96,0.07831852871262354,0.6782510054656081,2,2
1,0.0,0.125,0.0030303030303030307,0.08975979772439949,21,19,0.19154259977480295,0.48484067237289885,1,0
5,0.1,0.125,0.08080808080808081,0.24146649810366622,21,96,0.06868509946202926,0.6896978446942355,2,2
0,0.0,0.125,0.02373737373737374,0.17825537294563842,21,81,0.13912173151507568,0.625348045787357,2,1
0,0.1,0.25,0.0404040404040404,0.0518331226295828,21,17,0.030401601401226074,0.37996287511601534,0,1
0,0.1,0.125,0.03535353535353536,0.011378002528445006,21,81,0.011635180783185286,0.1527276477261008,0,1
1,0.30000000000000004,0.25,0.08080808080808081,0.8735777496839443,21,18,0.24233704491430003,0.9700938434567394,3,2
0,0.1,0.125,0.0404040404040404,0.14032869785082175,21,83,0.07418991617665456,0.5754872641022999,1,1
0,0.1,0.125,0.03535353535353536,0.4437420986093552,21,81,0.24934317527836858,0.8212333711457154,3,1
5,0.20000000000000004,0.25,0.09090909090909091,0.18584070796460175,21,83,0.04791692731139747,0.6341652057337321,2,2
0,0.20000000000000004,0.125,0.08585858585858586,0.8735777496839443,21,17,0.2295758788940323,0.9700938434567394,3,2
0,0.1,0.25,0.0404040404040404,0.04424778761061946,21,83,0.02664831727761792,0.351448901722182,0,1
0,0.1,0.125,0.025252525252525252,0.2161820480404551,21,19,0.16001501313649444,0.6661338558317005,2,1
1,0.5000000000000001,0.375,0.21717171717171715,0.8735777496839443,21,18,0.09645940197672963,0.9700938434567394,3,3
0,0.0,0.125,0.06060606060606061,0.36788874841972186,21,83,0.13311647691730266,0.7804475611013717,2,2
0,0.20000000000000004,0.125,0.0404040404040404,0.24146649810366622,21,81,0.12423370449143,0.6896978446942355,2,1
4,0.0,0.125,0.017676767676767676,0.20353982300884954,21,19,0.19241836607031151,0.6533463957925132,2,1
0,0.20000000000000004,0.125,0.06060606060606061,0.26675094816687733,21,107,0.09746027774302514,0.7110446529854595,2,2
0,0.20000000000000004,0.25,0.10101010101010101,0.393173198482933,21,91,0.09007881896659575,0.7948850159843253,3,3
3,0.0,0.125,0.02777777777777778,0.011378002528445006,21,96,0.014137370198924056,0.1527276477261008,0,1
0,0.1,0.25,0.06060606060606061,0.4437420986093552,21,83,0.16001501313649444,0.8212333711457154,3,2
1,0.1,0.125,0.03535353535353536,0.5448798988621997,21,83,0.3048917803077693,0.8661441682994742,3,1
0,0.20000000000000004,0.125,0.0707070707070707,0.4437420986093552,21,83,0.13987238833979732,0.8212333711457154,3,2
0,0.1,0.125,0.0404040404040404,0.17825537294563842,21,22,0.09295633679469535,0.625348045787357,2,1
0,0.1,0.125,0.02272727272727273,0.06447534766118837,21,47,0.05692480920805705,0.4206455604826236,0,1
5,0.20000000000000004,0.125,0.03282828282828283,0.16561314791403287,21,19,0.10221443763292881,0.6099309064659173,1,1
0,0.1,0.25,0.025252525252525252,0.1150442477876106,21,19,0.08845239584636555,0.5347014540579562,1,1
0,0.1,0.125,0.0303030303030303,0.08975979772439949,21,5,0.061678969097960716,0.48484067237289885,1,1
0,0.1,0.125,0.0404040404040404,0.17825537294563842,21,81,0.09295633679469535,0.625348045787357,2,1
0,0.1,0.125,0.0303030303030303,0.07711757269279393,21,44,0.05392218190917052,0.4550376405073735,1,1
0,0.1,0.125,0.0101010101010101,0.14032869785082175,21,107,0.1867884398848993,0.5754872641022999,1,0
5,0.1,0.125,0.055555555555555566,0.10745891276864727,21,136,0.04441386212936319,0.520882747241415,1,2
0,0.1,0.125,0.03787878787878787,0.2161820480404551,21,5,0.11760290253972225,0.6661338558317005,2,1
1,0.1,0.125,0.045454545454545456,0.17825537294563842,21,153,0.08444889278118353,0.625348045787357,2,2
5,0.20000000000000004,0.125,0.08080808080808081,0.24146649810366622,21,86,0.06868509946202926,0.6896978446942355,2,2
4,0.0,0.125,0.0303030303030303,0.20353982300884954,21,83,0.13199049168022017,0.6533463957925132,2,1
0,0.1,0.125,0.0101010101010101,0.12010113780025283,21,19,0.16176654572751156,0.5434670516654636,1,0
3,0.1,0.125,0.06565656565656566,0.018963337547408345,21,5,0.009132991367446516,0.2165618232443025,0,2
5,0.1,0.125,0.0303030303030303,0.007585335018963338,21,153,0.010884523958463654,0.11240589873156648,0,1
4,0.1,0.125,0.0303030303030303,0.36788874841972186,21,5,0.23370449143000124,0.7804475611013717,2,1
2,0.1,0.125,0.0404040404040404,0.17825537294563842,21,22,0.09295633679469535,0.625348045787357,2,1
4,0.0,0.125,0.015151515151515152,0.1150442477876106,21,5,0.12423370449143,0.5347014540579562,1,0
4,0.1,0.125,0.025252525252525252,0.5448798988621997,21,153,0.3923433003878393,0.8661441682994742,3,1
5,0.30000000000000004,0.375,0.1919191919191919,0.8735777496839443,21,83,0.10859502064306267,0.9700938434567394,3,3
0,0.1,0.125,0.05050505050505051,0.36788874841972186,21,83,0.15551107218816465,0.7804475611013717,2,2
0,0.20000000000000004,0.25,0.16666666666666666,0.6965865992414665,21,136,0.09921181033404228,0.9201299370939466,3,3
5,0.20000000000000004,0.125,0.0303030303030303,0.07711757269279393,21,5,0.05392218190917052,0.4550376405073735,1,1
0,0.1,0.125,0.06060606060606061,0.25916561314791403,21,5,0.09470786938571249,0.7048571723213366,2,2
0,0.20000000000000004,0.125,0.03787878787878787,0.09481668773704172,21,0,0.05442261979231828,0.49577188821284945,1,1
0,0.20000000000000004,0.125,0.04494949494949495,0.26675094816687733,21,19,0.12535968972851244,0.7110446529854595,2,2
0,0.1,0.125,0.02727272727272727,0.2161820480404551,21,19,0.15125735018140873,0.6661338558317005,2,1
0,0.30000000000000004,0.125,0.05050505050505051,0.24146649810366622,21,91,0.10334042287001124,0.6896978446942355,2,2
0,0.1,0.25,0.0404040404040404,0.393173198482933,21,81,0.19929938696359314,0.7948850159843253,3,1
0,0.30000000000000004,0.375,0.07575757575757576,0.5448798988621997,21,83,0.16101588890278995,0.8661441682994742,3,2
3,0.1,0.125,0.0404040404040404,0.0037926675094816682,21,39,0.006630801951707743,0.0631638651129216,0,1
0,0.1,0.125,0.05808080808080808,0.7471554993678887,21,5,0.27711747779306894,0.9355986387542541,3,2
4,0.0,0.125,0.0101010101010101,0.20353982300884954,21,19,0.2649818591267359,0.6533463957925132,2,0
0,0.30000000000000004,0.125,0.0303030303030303,0.14032869785082175,21,96,0.09295633679469535,0.5754872641022999,1,1
0,0.1,0.125,0.0404040404040404,0.10240202275600505,21,5,0.05542349555861378,0.511189027534289,1,1
0,0.20000000000000004,0.25,0.05050505050505051,0.4437420986093552,21,83,0.1867884398848993,0.8212333711457154,3,2
4,0.0,0.125,0.05050505050505051,0.36788874841972186,21,83,0.15551107218816465,0.7804475611013717,2,2
5,0.30000000000000004,0.25,0.11616161616161617,0.9999999999999999,21,5,0.19929938696359314,1.0000000000000002,3,3
5,0.30000000000000004,0.375,0.09090909090909091,0.24146649810366622,21,107,0.061678969097960716,0.6896978446942355,2,2
0,0.1,0.125,0.017676767676767676,0.07711757269279393,21,86,0.07869385712498436,0.4550376405073735,1,1
5,0.20000000000000004,0.25,0.045454545454545456,0.4437420986093552,21,81,0.20380332791192293,0.8212333711457154,3,2
5,0.5000000000000001,0.375,0.08080808080808081,0.7471554993678887,21,81,0.20768172150631806,0.9355986387542541,3,2
1,0.20000000000000004,0.125,0.06565656565656566,0.4437420986093552,21,5,0.1492555986488177,0.8212333711457154,3,2
1,0.20000000000000004,0.25,0.07575757575757576,0.4437420986093552,21,5,0.13161516326785938,0.8212333711457154,3,2
0,0.1,0.125,0.04797979797979798,0.48166877370417194,21,5,0.21130989615913925,0.8391770650716717,3,2
0,0.20000000000000004,0.25,0.08080808080808081,0.6207332490518331,21,5,0.1729012886275491,0.8947612663710427,3,2
0,0.0,0.125,0.02272727272727273,0.14032869785082175,21,17,0.11460027524083573,0.5754872641022999,1,1
1,0.0,0.125,0.0404040404040404,0.0,21,96,0.0047541598899036655,0.0,0,1
0,0.0,0.125,0.0303030303030303,0.36788874841972186,21,96,0.23370449143000124,0.7804475611013717,2,1
0,0.30000000000000004,0.125,0.09090909090909091,0.34260429835651074,21,153,0.08670086325534843,0.7649788594410643,2,2
1,0.1,0.125,0.03131313131313132,0.49431099873577744,21,83,0.3042662329538346,0.8447973600082501,3,1
4,0.0,0.125,0.0303030303030303,0.393173198482933,21,83,0.24934317527836858,0.7948850159843253,3,1
0,0.20000000000000004,0.125,0.07575757575757576,0.2920353982300885,21,83,0.08745152008007005,0.7304836547385791,2,2
5,0.5000000000000001,0.25,0.21717171717171715,0.797724399494311,21,17,0.08807706743400474,0.9500360936372076,3,3
0,0.20000000000000004,0.25,0.07575757575757576,0.49431099873577744,21,5,0.14625297134993118,0.8447973600082501,3,2
0,0.1,0.125,0.06313131313131314,0.02907711757269279,21,136,0.012886275491054673,0.2804991234402392,0,2
5,0.1,0.125,0.025252525252525252,0.07711757269279393,21,39,0.061678969097960716,0.4550376405073735,1,1
0,0.0,0.125,0.0404040404040404,0.49431099873577744,21,83,0.24934317527836858,0.8447973600082501,3,1
0,0.20000000000000004,0.25,0.09090909090909091,0.8735777496839443,21,83,0.21806580758163394,0.9700938434567394,3,2
5,0.20000000000000004,0.125,0.025252525252525252,0.0518331226295828,21,139,0.043788314775428494,0.37996287511601534,0,1
0,0.30000000000000004,0.25,0.04292929292929293,0.12010113780025283,21,65,0.061053421744026025,0.5434670516654636,1,2
2,0.1,0.25,0.0303030303030303,0.08343868520859671,21,5,0.05780057550356563,0.47045477982881323,1,1
2,0.0,0.125,0.0303030303030303,0.0316055625790139,21,86,0.025647441511322408,0.2940084562235743,0,1
0,0.30000000000000004,0.375,0.09090909090909091,0.5448798988621997,21,18,0.13674465157012386,0.8661441682994742,3,2
4,0.1,0.25,0.013636363636363637,0.24146649810366622,21,5,0.2653571875390967,0.6896978446942355,2,0
0,0.20000000000000004,0.125,0.02777777777777778,0.18584070796460175,21,83,0.12923808332290757,0.6341652057337321,2,1
0,0.1,0.125,0.015151515151515152,0.08723135271807837,21,5,0.0967096209183035,0.4792203774363206,1,0
0,0.1,0.125,0.015151515151515152,0.19089759797724398,21,5,0.19929938696359314,0.6397855006703106,2,0
4,0.1,0.375,0.797979797979798,0.9999999999999999,21,86,0.030401601401226074,1.0000000000000002,3,3
5,0.30000000000000004,0.25,0.09090909090909091,0.7471554993678887,21,17,0.1867884398848993,0.9355986387542541,3,2
0,0.1,0.125,0.03535353535353536,0.24146649810366622,21,5,0.1381208557487802,0.6896978446942355,2,1
5,0.20000000000000004,0.125,0.0404040404040404,0.1150442477876106,21,44,0.061678969097960716,0.5347014540579562,1,1
4,0.0,0.125,0.12121212121212123,0.2920353982300885,21,65,0.05692480920805705,0.7304836547385791,2,3
0,0.0,0.125,0.006565656565656566,0.16561314791403287,21,107,0.26448142124358814,0.6099309064659173,1,0
0,0.0,0.125,0.0101010101010101,0.24146649810366622,21,91,0.31189791067183786,0.6896978446942355,2,0
0,0.1,0.125,0.0101010101010101,0.08470290771175726,21,40,0.11797823095208307,0.4733938331442715,1,0
0,0.1,0.125,0.06565656565656566,0.1150442477876106,21,86,0.040785687476541974,0.5347014540579562,1,2
3,0.0,0.125,0.06565656565656566,0.008849557522123892,21,5,0.005755035656199174,0.1266886665979169,0,2
5,0.20000000000000004,0.25,0.045454545454545456,0.2161820480404551,21,40,0.10146378080820717,0.6661338558317005,2,2
0,0.20000000000000004,0.125,0.055555555555555566,0.1529709228824273,21,86,0.061678969097960716,0.5933793956893887,1,2
4,0.1,0.125,0.0404040404040404,0.9999999999999999,21,5,0.4995621168522457,1.0000000000000002,3,1
5,0.4,0.375,0.2626262626262626,0.49431099873577744,21,96,0.045414737895658704,0.8447973600082501,3,3
0,0.20000000000000004,0.25,0.061111111111111116,0.24146649810366622,21,87,0.08782684849243087,0.6896978446942355,2,2
0,0.1,0.125,0.06565656565656566,0.1150442477876106,21,5,0.040785687476541974,0.5347014540579562,1,2
1,0.1,0.25,0.025252525252525252,0.21643489254108722,21,96,0.16014012260728136,0.6663916675260391,2,1
0,0.1,0.125,0.04090909090909091,0.2161820480404551,21,81,0.11059677217565368,0.6661338558317005,2,2
0,0.20000000000000004,0.375,0.09595959595959597,0.8103666245259166,21,83,0.19279369448267233,0.9534907703413429,3,3
1,0.0,0.125,0.1414141414141414,0.8735777496839443,21,83,0.14512698611284874,0.9700938434567394,3,3
0,0.0,0.125,0.0101010101010101,0.10240202275600505,21,153,0.13987238833979732,0.511189027534289,1,0
3,0.0,0.125,0.02777777777777778,0.007585335018963338,21,81,0.011635180783185286,0.11240589873156648,0,1
0,0.0,0.125,0.020202020202020204,0.008849557522123892,21,81,0.01576379331915426,0.1266886665979169,0,1
0,0.30000000000000004,0.125,0.06565656565656566,0.393173198482933,21,96,0.1326160390341549,0.7948850159843253,3,2
0,0.1,0.125,0.03888888888888889,0.19089759797724398,21,5,0.10233954710371575,0.6397855006703106,2,1
0,0.0,0.125,0.055555555555555566,0.49431099873577744,21,133,0.19154259977480295,0.8447973600082501,3,2
0,0.20000000000000004,0.25,0.05050505050505051,0.3805309734513274,21,83,0.16076566996121608,0.7877694132205837,3,2
0,0.0,0.125,0.015151515151515152,0.19089759797724398,21,91,0.19929938696359314,0.6397855006703106,2,0
0,0.1,0.125,0.02727272727272727,0.19089759797724398,21,5,0.13436757162517204,0.6397855006703106,2,1
0,0.20000000000000004,0.125,0.0303030303030303,0.14032869785082175,21,96,0.09295633679469535,0.5754872641022999,1,1
4,0.1,0.25,0.002525252525252526,0.1150442477876106,21,19,0.24934317527836858,0.5347014540579562,1,0
5,0.20000000000000004,0.125,0.09090909090909091,0.3173198482932996,21,96,0.08044538971600149,0.7484273486645356,2,2
5,0.0,1.0,0.03232323232323232,0.0012642225031605555,21,5,0.006630801951707743,0.02309992781272563,0,1
0,0.20000000000000004,0.125,0.020202020202020204,0.03413400758533502,21,86,0.036657074940573,0.3067443539238939,0,1
4,0.0,0.125,0.0,0.1150442477876106,21,5,0.31189791067183786,0.5347014540579562,1,0
0,0.0,0.125,0.02272727272727273,0.36788874841972186,21,83,0.28787689228074564,0.7804475611013717,2,1
5,0.30000000000000004,0.125,0.06060606060606061,0.17825537294563842,21,86,0.0661829100462905,0.625348045787357,2,2
4,0.1,0.125,0.020202020202020204,0.7471554993678887,21,96,0.6246715876391843,0.9355986387542541,3,1
5,0.30000000000000004,0.25,0.09090909090909091,0.34260429835651074,21,81,0.08670086325534843,0.7649788594410643,2,2
5,0.4,0.375,0.24242424242424243,0.4184576485461441,21,81,0.04166145377205054,0.8084459111065281,3,3
2,0.0,0.125,0.0404040404040404,0.021491782553729452,21,153,0.015388464906793445,0.23435083015365588,0,1
0,0.1,0.125,0.045454545454545456,0.4184576485461441,21,81,0.19241836607031151,0.8084459111065281,3,2
0,0.0,0.125,0.025252525252525252,0.393173198482933,21,87,0.285124483923433,0.7948850159843253,3,1
0,0.1,0.125,0.02272727272727273,0.024020227560050567,21,87,0.02602276992368322,0.2507992162524493,0,1
0,0.1,0.125,0.0404040404040404,0.03919089759797724,21,83,0.024146127861879144,0.3302052181086934,0,1
0,0.0,0.125,0.006565656565656566,0.08975979772439949,21,153,0.15075691229826096,0.48484067237289885,1,0
0,0.0,0.125,0.03535353535353536,0.03413400758533502,21,133,0.024146127861879144,0.3067443539238939,0,1
2,0.1,0.125,0.015151515151515152,0.14032869785082175,21,5,0.1492555986488177,0.5754872641022999,1,0
0,0.1,0.125,0.006565656565656566,0.08975979772439949,21,19,0.15075691229826096,0.48484067237289885,1,0
0,0.20000000000000004,0.125,0.0404040404040404,0.0518331226295828,21,133,0.030401601401226074,0.37996287511601534,0,1
4,0.0,0.125,0.005050505050505052,0.5448798988621997,21,81,0.916551982985112,0.8661441682994742,3,0
5,0.20000000000000004,0.25,0.09090909090909091,0.8735777496839443,21,83,0.21806580758163394,0.9700938434567394,3,2
0,0.0,0.125,0.0303030303030303,0.26675094816687733,21,83,0.17114975603653196,0.7110446529854595,2,1
0,0.0,0.125,0.02777777777777778,0.02907711757269279,21,81,0.025772550982109343,0.2804991234402392,0,1
0,0.0,0.125,0.0303030303030303,0.1150442477876106,21,96,0.07731765294632803,0.5347014540579562,1,1
4,0.0,0.125,0.020202020202020204,0.6207332490518331,21,96,0.5204553984736645,0.8947612663710427,3,1
0,0.1,0.125,0.0404040404040404,0.19089759797724398,21,83,0.09921181033404228,0.6397855006703106,2,1
1,0.30000000000000004,0.5,0.1414141414141414,0.7471554993678887,21,18,0.12423370449143,0.9355986387542541,3,3
1,0.1,0.125,0.020202020202020204,0.17825537294563842,21,83,0.15551107218816465,0.625348045787357,2,1
3,0.0,0.125,0.025252525252525252,0.02654867256637168,21,81,0.025897660452896286,0.26616479323502107,0,1
5,0.20000000000000004,0.125,0.045454545454545456,0.07711757269279393,21,0,0.0389090454147379,0.4550376405073735,1,2
0,0.1,0.125,0.0303030303030303,0.10240202275600505,21,47,0.0694357562867509,0.511189027534289,1,1
3,0.0,0.125,0.02474747474747475,0.26675094816687733,21,83,0.1985487301388715,0.7110446529854595,2,1
0,0.0,0.125,0.020202020202020204,0.22882427307206066,21,81,0.1971725259602152,0.6782510054656081,2,1
0,0.20000000000000004,0.125,0.03282828282828283,0.10240202275600505,21,0,0.06530714375078192,0.511189027534289,1,1
0,0.1,0.125,0.0404040404040404,0.7471554993678887,21,17,0.37445264606530715,0.9355986387542541,3,1
0,0.20000000000000004,0.125,0.09090909090909091,0.8735777496839443,21,83,0.21806580758163394,0.9700938434567394,3,2
4,0.0,0.0,0.0101010101010101,0.2920353982300885,21,81,0.37445264606530715,0.7304836547385791,2,0
0,0.20000000000000004,0.125,0.07575757575757576,0.4184576485461441,21,83,0.12423370449143,0.8084459111065281,3,2
0,0.0,0.125,0.005050505050505052,0.14032869785082175,21,83,0.24934317527836858,0.5754872641022999,1,0
1,0.20000000000000004,0.125,0.055555555555555566,0.4437420986093552,21,96,0.17240085074440134,0.8212333711457154,3,2
0,0.20000000000000004,0.125,0.055555555555555566,0.006321112515802781,21,5,0.005880145126986113,0.09719500876559761,0,2
1,0.20000000000000004,0.125,0.0303030303030303,0.19089759797724398,21,96,0.12423370449143,0.6397855006703106,2,1
3,0.0,0.125,0.031818181818181815,0.6207332490518331,21,83,0.37595395971475043,0.8947612663710427,3,1
1,0.20000000000000004,0.125,0.03232323232323232,0.4437420986093552,21,5,0.2672338296009008,0.8212333711457154,3,1
0,0.0,0.125,0.03535353535353536,0.36788874841972186,21,87,0.20768172150631806,0.7804475611013717,2,1
5,0.1,0.125,0.03535353535353536,0.12768647281921616,21,44,0.07556612035531089,0.5560482623491803,1,1
1,0.5000000000000001,0.25,0.1414141414141414,0.9494310998735777,21,153,0.1576379331915426,0.988501598432505,3,3
0,0.1,0.125,0.047474747474747475,0.19089759797724398,21,5,0.0869510821969223,0.6397855006703106,2,2
0,0.1,0.125,0.020202020202020204,0.07711757269279393,21,87,0.07206305517327662,0.4550376405073735,1,1
0,0.0,0.125,0.023232323232323233,0.26675094816687733,21,87,0.20768172150631806,0.7110446529854595,2,1
0,0.0,0.125,0.020202020202020204,0.07711757269279393,21,87,0.07206305517327662,0.4550376405073735,1,1
5,0.20000000000000004,0.125,0.03535353535353536,0.12768647281921616,21,40,0.07556612035531089,0.5560482623491803,1,1
0,0.1,0.125,0.0404040404040404,0.2161820480404551,21,81,0.11172275741273613,0.6661338558317005,2,1
0,0.30000000000000004,0.125,0.06565656565656566,0.2161820480404551,21,153,0.07418991617665456,0.6661338558317005,2,2
5,0.20000000000000004,0.25,0.045454545454545456,0.4437420986093552,21,81,0.20380332791192293,0.8212333711457154,3,2
0,0.1,0.125,0.015151515151515152,0.19089759797724398,21,153,0.19929938696359314,0.6397855006703106,2,0
0,0.0,0.125,0.025252525252525252,0.1150442477876106,21,5,0.08845239584636555,0.5347014540579562,1,1
1,0.20000000000000004,0.125,0.007575757575757576,0.12768647281921616,21,153,0.19567121231077195,0.5560482623491803,1,0
0,0.0,0.125,0.06565656565656566,0.2920353982300885,21,83,0.09921181033404228,0.7304836547385791,2,2
2,0.0,0.125,0.015151515151515152,0.02654867256637168,21,22,0.036657074940573,0.26616479323502107,0,0
1,0.30000000000000004,0.375,0.0404040404040404,0.34260429835651074,21,153,0.17427749280620544,0.7649788594410643,2,1
0,0.1,0.125,0.02272727272727273,0.08975979772439949,21,5,0.07606655823845865,0.48484067237289885,1,1
0,0.1,0.125,0.020202020202020204,0.12768647281921616,21,19,0.11384961841611409,0.5560482623491803,1,1
0,0.1,0.125,0.025252525252525252,0.3173198482932996,21,17,0.23145252095583635,0.7484273486645356,2,1
0,0.0,0.125,0.002525252525252526,0.05436156763590391,21,19,0.12923808332290757,0.388676910384655,0,0
0,0.0,0.125,0.0303030303030303,0.08975979772439949,21,83,0.061678969097960716,0.48484067237289885,1,1
0,0.20000000000000004,0.125,0.0404040404040404,0.1150442477876106,21,5,0.061678969097960716,0.5347014540579562,1,1
4,0.0,0.125,0.05050505050505051,0.19089759797724398,21,81,0.08257225071937944,0.6397855006703106,2,2
0,0.1,0.125,0.047474747474747475,0.19089759797724398,21,86,0.0869510821969223,0.6397855006703106,2,2
3,0.0,0.125,0.0303030303030303,0.0037926675094816682,21,5,0.008507444013511821,0.0631638651129216,0,1
5,0.0,0.125,0.055555555555555566,0.018963337547408345,21,5,0.010634305016889778,0.2165618232443025,0,2
0,0.0,0.125,0.05050505050505051,0.018963337547408345,21,5,0.011635180783185286,0.2165618232443025,0,2
5,0.1,0.125,0.05050505050505051,0.008849557522123892,21,83,0.007506568247216314,0.1266886665979169,0,2
0,0.1,0.125,0.020202020202020204,0.08470290771175726,21,39,0.07831852871262354,0.4733938331442715,1,1
0,0.30000000000000004,0.25,0.09090909090909091,0.02654867256637168,21,5,0.008507444013511821,0.26616479323502107,0,2
5,0.20000000000000004,0.125,0.11616161616161617,0.8735777496839443,21,83,0.17427749280620544,0.9700938434567394,3,3
0,0.1,0.125,0.0303030303030303,0.16561314791403287,21,83,0.10859502064306267,0.6099309064659173,1,1
0,0.1,0.125,0.045454545454545456,0.20353982300884954,21,81,0.09583385462279494,0.6533463957925132,2,2
4,0.4,0.25,0.1414141414141414,0.8735777496839443,21,153,0.14512698611284874,0.9700938434567394,3,3
0,0.1,0.125,0.055555555555555566,0.011378002528445006,21,5,0.00775678718879019,0.1527276477261008,0,2
0,0.0,0.125,0.015151515151515152,0.006321112515802781,21,81,0.01663955961466283,0.09719500876559761,0,0
0,0.20000000000000004,0.125,0.03282828282828283,0.08470290771175726,21,86,0.05504816714625297,0.4733938331442715,1,1
0,0.30000000000000004,0.25,0.0404040404040404,0.34260429835651074,21,136,0.17427749280620544,0.7649788594410643,2,1
3,0.1,0.125,0.013636363636363637,0.002528445006321111,21,5,0.01376204178656324,0.04403423739300816,0,0
4,0.0,0.125,0.0101010101010101,0.02275600505689001,21,5,0.041411234830476665,0.24270392905022176,0,0
0,0.1,0.125,0.0404040404040404,0.2920353982300885,21,18,0.1492555986488177,0.7304836547385791,2,1
5,0.30000000000000004,0.25,0.09090909090909091,0.14032869785082175,21,5,0.036657074940573,0.5754872641022999,1,2
0,0.0,0.125,0.0303030303030303,0.3173198482932996,21,17,0.2024271237332666,0.7484273486645356,2,1
0,0.0,0.125,0.025252525252525252,0.0518331226295828,21,5,0.043788314775428494,0.37996287511601534,0,1
2,0.20000000000000004,0.25,0.0404040404040404,0.03919089759797724,21,82,0.024146127861879144,0.3302052181086934,0,1
0,0.20000000000000004,0.125,0.1919191919191919,0.018963337547408345,21,5,0.0028775178280995867,0.2165618232443025,0,3
0,0.20000000000000004,0.25,0.03787878787878787,0.14032869785082175,21,83,0.0781934192418366,0.5754872641022999,1,1
0,0.20000000000000004,0.25,0.08585858585858586,0.19089759797724398,21,5,0.051795320905792565,0.6397855006703106,2,2
5,0.20000000000000004,0.25,0.09090909090909091,0.19089759797724398,21,5,0.04916802201926686,0.6397855006703106,2,2
0,0.0,0.125,0.02272727272727273,0.08975979772439949,21,22,0.07606655823845865,0.48484067237289885,1,1
0,0.1,0.125,0.05050505050505051,0.013906447534766117,21,81,0.00950831977980733,0.17608538723316491,0,2
3,0.20000000000000004,0.125,0.0404040404040404,0.024020227560050567,21,5,0.01663955961466283,0.2507992162524493,0,1
4,0.0,0.125,0.007575757575757576,0.14032869785082175,21,136,0.21356186663330415,0.5754872641022999,1,0
0,0.0,0.125,0.0303030303030303,0.393173198482933,21,17,0.24934317527836858,0.7948850159843253,3,1
5,0.30000000000000004,0.125,0.11111111111111112,0.34260429835651074,21,81,0.07206305517327662,0.7649788594410643,2,3
1,0.1,0.25,0.017676767676767676,0.2161820480404551,21,87,0.20380332791192293,0.6661338558317005,2,1
0,0.0,0.125,0.007575757575757576,0.018963337547408345,21,5,0.04203678218441136,0.2165618232443025,0,0
5,0.20000000000000004,0.125,0.055555555555555566,0.393173198482933,21,96,0.1531339922432128,0.7948850159843253,3,2
5,0.1,0.125,0.0303030303030303,0.06447534766118837,21,65,0.046040285249593395,0.4206455604826236,0,1
5,0.6000000000000001,0.5,0.24242424242424243,0.797724399494311,21,17,0.07919429500813212,0.9500360936372076,3,3
0,0.1,0.125,0.05050505050505051,0.5195954487989886,21,83,0.21806580758163394,0.8557285758482007,3,2
5,0.20000000000000004,0.125,0.11616161616161617,0.7471554993678887,21,17,0.1492555986488177,0.9355986387542541,3,3
5,0.5000000000000001,0.375,0.29292929292929293,0.49431099873577744,21,96,0.040785687476541974,0.8447973600082501,3,3
0,0.0,0.125,0.015151515151515152,0.4184576485461441,21,83,0.42449643438008255,0.8084459111065281,3,0
0,0.1,0.125,0.045454545454545456,0.26675094816687733,21,81,0.12423370449143,0.7110446529854595,2,2
0,0.0,0.125,0.020202020202020204,0.24146649810366622,21,81,0.20768172150631806,0.6896978446942355,2,1
0,0.1,0.125,0.011111111111111113,0.14032869785082175,21,19,0.17790566745902664,0.5754872641022999,1,0
1,0.1,0.125,0.015151515151515152,0.1150442477876106,21,19,0.12423370449143,0.5347014540579562,1,0
4,0.0,0.125,0.0404040404040404,0.49431099873577744,21,5,0.24934317527836858,0.8447973600082501,3,1
4,0.0,0.125,0.08080808080808081,0.7471554993678887,21,81,0.20768172150631806,0.9355986387542541,3,2
1,0.0,0.125,0.012626262626262628,0.1150442477876106,21,5,0.1381208557487802,0.5347014540579562,1,0
5,0.30000000000000004,0.125,0.05050505050505051,0.14538558786346395,21,5,0.06380583010133867,0.5828091162215119,1,2
0,0.1,0.125,0.0404040404040404,0.13527180783817952,21,40,0.0716877267609158,0.5679076002887493,1,1
0,0.1,0.125,0.03282828282828283,0.09481668773704172,21,5,0.06092831227323909,0.49577188821284945,1,1
5,0.4,0.25,0.07575757575757576,0.36788874841972186,21,83,0.10947078693857125,0.7804475611013717,2,2
0,0.20000000000000004,0.125,0.045454545454545456,0.12262958280657396,21,44,0.05942699862379582,0.5477467257914819,1,2
0,0.0,0.125,0.03535353535353536,0.02654867256637168,21,5,0.02001751532591017,0.26616479323502107,0,1
5,0.20000000000000004,0.25,0.21717171717171715,0.8735777496839443,21,83,0.09645940197672963,0.9700938434567394,3,3
5,0.0,0.125,0.4444444444444444,0.0037926675094816682,21,5,0.0,0.0631638651129216,0,3
0,0.0,0.125,0.03535353535353536,0.34260429835651074,21,83,0.19379457024896785,0.7649788594410643,2,1
0,0.1,0.25,0.05050505050505051,0.34260429835651074,21,96,0.14512698611284874,0.7649788594410643,2,2
0,0.1,0.125,0.09090909090909091,0.4437420986093552,21,96,0.11172275741273613,0.8212333711457154,3,2
0,0.20000000000000004,0.125,0.05303030303030304,0.2920353982300885,21,83,0.11922932565995244,0.7304836547385791,2,2
0,0.1,0.25,0.06818181818181819,0.36788874841972186,21,83,0.12023020142624795,0.7804475611013717,2,2
0,0.0,0.125,0.020202020202020204,0.4184576485461441,21,83,0.35355936444388836,0.8084459111065281,3,1
0,0.1,0.125,0.014646464646464647,0.06447534766118837,21,5,0.07569122982609783,0.4206455604826236,0,0
5,0.20000000000000004,0.25,0.11616161616161617,0.7471554993678887,21,91,0.1492555986488177,0.9355986387542541,3,3
0,0.1,0.125,0.05808080808080808,0.6207332490518331,21,5,0.23082697360190166,0.8947612663710427,3,2
0,0.20000000000000004,0.25,0.06060606060606061,0.36788874841972186,21,153,0.13311647691730266,0.7804475611013717,2,2
0,0.20000000000000004,0.125,0.06565656565656566,0.26675094816687733,21,96,0.0908294757913174,0.7110446529854595,2,2
4,0.0,0.0,0.0005050505050505066,0.1529709228824273,21,83,0.3863380457900663,0.5933793956893887,1,0
0,0.20000000000000004,0.125,0.045454545454545456,0.19089759797724398,21,83,0.09007881896659575,0.6397855006703106,2,2
0,0.1,0.25,0.05050505050505051,0.6207332490518331,21,83,0.25972726135368446,0.8947612663710427,3,2
4,0.0,0.125,0.03535353535353536,0.9999999999999999,21,86,0.5551107218816465,1.0000000000000002,3,1
0,0.0,0.125,0.020202020202020204,0.4184576485461441,21,5,0.35355936444388836,0.8084459111065281,3,1
0,0.1,0.25,0.05858585858585859,0.34260429835651074,21,83,0.1278618791442512,0.7649788594410643,2,2
0,0.0,0.125,0.03535353535353536,0.24146649810366622,21,83,0.1381208557487802,0.6896978446942355,2,1
5,0.20000000000000004,0.25,0.09090909090909091,0.4437420986093552,21,96,0.11172275741273613,0.8212333711457154,3,2
5,0.4,0.25,0.08080808080808081,0.49431099873577744,21,39,0.1381208557487802,0.8447973600082501,3,2
0,0.20000000000000004,0.125,0.05050505050505051,0.17825537294563842,21,83,0.07731765294632803,0.625348045787357,2,2
5,0.1,0.125,0.0404040404040404,0.06447534766118837,21,5,0.036657074940573,0.4206455604826236,0,1
0,0.1,0.125,0.0303030303030303,0.011378002528445006,21,81,0.01313649443262855,0.1527276477261008,0,1
0,0.0,0.125,0.0404040404040404,0.018963337547408345,21,81,0.014137370198924056,0.2165618232443025,0,1
0,0.0,0.125,0.015151515151515152,0.08975979772439949,21,91,0.09921181033404228,0.48484067237289885,1,0
0,0.20000000000000004,0.125,0.0303030303030303,0.1125158027812895,21,86,0.07569122982609783,0.5302155305764671,1,1
0,0.1,0.125,0.03535353535353536,0.19089759797724398,21,81,0.11034655323407981,0.6397855006703106,2,1
5,0.20000000000000004,0.375,0.24242424242424243,0.4184576485461441,21,81,0.04166145377205054,0.8084459111065281,3,3
0,0.1,0.375,0.05050505050505051,0.5448798988621997,21,5,0.22844989365694982,0.8661441682994742,3,2
5,0.5000000000000001,0.5,0.1919191919191919,0.49431099873577744,21,96,0.061678969097960716,0.8447973600082501,3,3
0,0.1,0.125,0.06060606060606061,0.6460176991150443,21,81,0.23145252095583635,0.9035268639785501,3,2
0,0.0,0.125,0.03535353535353536,0.22882427307206066,21,81,0.13123983485549856,0.6782510054656081,2,1
0,0.1,0.125,0.043939393939393945,0.24146649810366622,21,81,0.11610158889027898,0.6896978446942355,2,2
0,0.1,0.125,0.0303030303030303,0.01643489254108723,21,5,0.01638934067308895,0.1972259461689183,0,1
0,0.1,0.25,0.05050505050505051,0.3173198482932996,21,17,0.13461779056674592,0.7484273486645356,2,2
0,0.20000000000000004,0.125,0.005050505050505052,0.03413400758533502,21,39,0.07418991617665456,0.3067443539238939,0,0
0,0.1,0.125,0.0303030303030303,0.01011378002528445,21,81,0.012385837607906918,0.14009487470351667,0,1
0,0.20000000000000004,0.125,0.05050505050505051,0.07711757269279393,21,139,0.035656199174277495,0.4550376405073735,1,2
0,0.1,0.125,0.0303030303030303,0.011378002528445006,21,81,0.01313649443262855,0.1527276477261008,0,1
0,0.0,0.125,0.0303030303030303,0.02654867256637168,21,5,0.02264481421243588,0.26616479323502107,0,1
5,0.1,0.125,0.0303030303030303,0.14032869785082175,21,86,0.09295633679469535,0.5754872641022999,1,1
0,0.1,0.125,0.06565656565656566,0.07711757269279393,21,5,0.02827474039784812,0.4550376405073735,1,2
5,0.20000000000000004,0.125,0.0404040404040404,0.06447534766118837,21,5,0.036657074940573,0.4206455604826236,0,1
4,0.0,0.125,0.015151515151515152,0.6207332490518331,21,96,0.6246715876391843,0.8947612663710427,3,0
0,0.30000000000000004,0.25,0.06565656565656566,0.5448798988621997,21,83,0.18265982734893033,0.8661441682994742,3,2
5,0.1,0.125,0.09090909090909091,0.4437420986093552,21,96,0.11172275741273613,0.8212333711457154,3,2
2,0.1,0.125,0.0303030303030303,0.0518331226295828,21,96,0.038158388590016266,0.37996287511601534,0,1
0,0.0,0.125,0.015151515151515152,0.16561314791403287,21,107,0.17427749280620544,0.6099309064659173,1,0
0,0.0,0.125,0.025252525252525252,0.4437420986093552,21,83,0.3207806830977105,0.8212333711457154,3,1
0,0.1,0.125,0.020202020202020204,0.1529709228824273,21,153,0.13461779056674592,0.5933793956893887,1,1
2,0.0,0.125,0.07171717171717172,0.03919089759797724,21,5,0.014512698611284873,0.3302052181086934,0,2
0,0.1,0.125,0.05050505050505051,0.16561314791403287,21,5,0.07206305517327662,0.6099309064659173,1,2
4,0.0,0.125,0.0101010101010101,0.2161820480404551,21,5,0.2806205429751032,0.6661338558317005,2,0
0,0.20000000000000004,0.125,0.02777777777777778,0.1529709228824273,21,5,0.10759414487676716,0.5933793956893887,1,1
0,0.0,0.125,0.017676767676767676,0.393173198482933,21,83,0.36306768422369573,0.7948850159843253,3,1
0,0.1,0.125,0.0404040404040404,0.06447534766118837,21,47,0.036657074940573,0.4206455604826236,0,1
0,0.1,0.125,0.025252525252525252,0.08470290771175726,21,22,0.06705867634179906,0.4733938331442715,1,1
0,0.1,0.125,0.0404040404040404,0.22882427307206066,21,81,0.11797823095208307,0.6782510054656081,2,1
0,0.20000000000000004,0.125,0.03535353535353536,0.17825537294563842,21,91,0.10334042287001124,0.625348045787357,2,1
3,0.1,0.125,0.05050505050505051,0.006321112515802781,21,83,0.006380583010133866,0.09719500876559761,0,2
0,0.20000000000000004,0.25,0.07323232323232323,0.4437420986093552,21,5,0.13561866633304143,0.8212333711457154,3,2
0,0.1,0.25,0.05050505050505051,0.6207332490518331,21,5,0.25972726135368446,0.8947612663710427,3,2
5,0.20000000000000004,0.375,0.1414141414141414,0.8735777496839443,21,96,0.14512698611284874,0.9700938434567394,3,3
1,0.1,0.25,0.0303030303030303,0.06447534766118837,21,17,0.046040285249593395,0.4206455604826236,0,1
0,0.20000000000000004,0.125,0.055555555555555566,0.3299620733249052,21,96,0.12898786438133367,0.756883572238837,2,2
0,0.1,0.125,0.045454545454545456,0.3173198482932996,21,5,0.14700362817465282,0.7484273486645356,2,2
2,0.20000000000000004,0.125,0.0404040404040404,0.01643489254108723,21,39,0.012886275491054673,0.1972259461689183,0,1
0,0.0,0.125,0.016666666666666666,0.36788874841972186,21,81,0.3531840360315276,0.7804475611013717,2,1
5,0.20000000000000004,0.125,0.06565656565656566,0.10240202275600505,21,137,0.036657074940573,0.511189027534289,1,2
0,0.0,0.125,0.03535353535353536,0.26675094816687733,21,87,0.15200800700613037,0.7110446529854595,2,1
0,0.20000000000000004,0.25,0.09090909090909091,0.9999999999999999,21,83,0.24934317527836858,1.0000000000000002,3,2
0,0.1,0.125,0.043939393939393945,0.24146649810366622,21,83,0.11610158889027898,0.6896978446942355,2,2
0,0.20000000000000004,0.25,0.05050505050505051,0.2161820480404551,21,81,0.09295633679469535,0.6661338558317005,2,2
0,0.0,0.125,0.0404040404040404,0.22882427307206066,21,81,0.11797823095208307,0.6782510054656081,2,1
0,0.0,0.125,0.03535353535353536,0.22882427307206066,21,81,0.13123983485549856,0.6782510054656081,2,1
0,0.20000000000000004,0.25,0.051515151515151514,0.24778761061946902,21,96,0.10421618916551982,0.6952150149530782,2,2
5,0.30000000000000004,0.375,0.08585858585858586,0.5195954487989886,21,83,0.13737019892405855,0.8557285758482007,3,2
5,0.30000000000000004,0.25,0.10101010101010101,0.34260429835651074,21,81,0.07869385712498436,0.7649788594410643,2,3
0,0.0,0.125,0.02777777777777778,0.3173198482932996,21,83,0.21593894657825596,0.7484273486645356,2,1
0,0.1,0.25,0.06313131313131314,0.36788874841972186,21,83,0.12848742649818592,0.7804475611013717,2,2
0,0.30000000000000004,0.25,0.06565656565656566,0.36788874841972186,21,83,0.12423370449143,0.7804475611013717,2,2
4,0.1,0.25,0.05050505050505051,0.797724399494311,21,136,0.3327911922932566,0.9500360936372076,3,2
5,0.30000000000000004,0.125,0.06060606060606061,0.17825537294563842,21,86,0.0661829100462905,0.625348045787357,2,2
1,0.0,0.125,0.025252525252525252,0.3173198482932996,21,96,0.23145252095583635,0.7484273486645356,2,1
0,0.20000000000000004,0.125,0.04797979797979798,0.36536030341340076,21,5,0.16126610784436382,0.7789522532742088,2,2
0,0.0,0.125,0.020202020202020204,0.17825537294563842,21,5,0.15551107218816465,0.625348045787357,2,1
0,0.1,0.125,0.025252525252525252,0.30063211125158024,21,39,0.2196922307018641,0.7367742600804372,2,1
5,0.30000000000000004,0.125,0.055555555555555566,0.20353982300884954,21,5,0.08094582759914924,0.6533463957925132,2,2
0,0.20000000000000004,0.125,0.0404040404040404,0.006321112515802781,21,83,0.007881896659577128,0.09719500876559761,0,1
5,0.30000000000000004,0.125,0.04696969696969697,0.1529709228824273,21,39,0.0710621794069811,0.5933793956893887,1,2
1,0.0,0.25,0.1919191919191919,0.9999999999999999,21,87,0.12423370449143,1.0000000000000002,3,3
0,0.0,0.125,0.03484848484848485,0.018963337547408345,21,5,0.016014012260728138,0.2165618232443025,0,1
3,0.0,0.125,0.025252525252525252,0.008849557522123892,21,96,0.013386713374202424,0.1266886665979169,0,1
0,0.20000000000000004,0.125,0.05050505050505051,0.3350189633375474,21,83,0.1419992493431753,0.7601319995875013,2,2
1,0.8,0.375,0.3939393939393939,0.9747155499367889,21,91,0.06017765544851745,0.9943281427245543,3,3
0,0.20000000000000004,0.125,0.06565656565656566,0.19089759797724398,21,83,0.06580758163392968,0.6397855006703106,2,2
5,0.1,0.125,0.0303030303030303,0.14032869785082175,21,96,0.09295633679469535,0.5754872641022999,1,1
0,0.20000000000000004,0.125,0.03838383838383838,0.2541087231352718,21,83,0.13599399474540222,0.7006290605341858,2,1
5,0.30000000000000004,0.25,0.06565656565656566,0.393173198482933,21,96,0.1326160390341549,0.7948850159843253,3,2
0,0.1,0.125,0.06565656565656566,0.2920353982300885,21,83,0.09921181033404228,0.7304836547385791,2,2
5,0.30000000000000004,0.125,0.06565656565656566,0.393173198482933,21,96,0.1326160390341549,0.7948850159843253,3,2
5,0.30000000000000004,0.25,0.11616161616161617,0.14538558786346395,21,5,0.030151382459652196,0.5828091162215119,1,3
5,0.30000000000000004,0.25,0.06565656565656566,0.24146649810366622,21,96,0.08257225071937944,0.6896978446942355,2,2
0,0.1,0.125,0.0404040404040404,0.2161820480404551,21,153,0.11172275741273613,0.6661338558317005,2,1
0,0.1,0.125,0.02272727272727273,0.14032869785082175,21,96,0.11460027524083573,0.5754872641022999,1,1
0,0.1,0.125,0.0404040404040404,0.16561314791403287,21,86,0.08670086325534843,0.6099309064659173,1,1
0,0.20000000000000004,0.25,0.06565656565656566,0.36788874841972186,21,83,0.12423370449143,0.7804475611013717,2,2
0,0.20000000000000004,0.25,0.08080808080808081,0.5448798988621997,21,83,0.15200800700613037,0.8661441682994742,3,2
0,0.1,0.125,0.015151515151515152,0.1150442477876106,21,96,0.12423370449143,0.5347014540579562,1,0
0,0.1,0.125,0.012626262626262628,0.09481668773704172,21,40,0.11585136994870511,0.49577188821284945,1,0
0,0.20000000000000004,0.125,0.045454545454545456,0.12262958280657396,21,40,0.05942699862379582,0.5477467257914819,1,2
0,0.1,0.25,0.05050505050505051,0.36788874841972186,21,81,0.15551107218816465,0.7804475611013717,2,2
0,0.0,0.125,0.1515151515151515,0.6207332490518331,21,83,0.09683473038909043,0.8947612663710427,3,3
0,0.1,0.125,0.017676767676767676,0.07711757269279393,21,38,0.07869385712498436,0.4550376405073735,1,1
4,0.0,0.0,0.09090909090909091,0.14032869785082175,21,5,0.036657074940573,0.5754872641022999,1,2
0,0.30000000000000004,0.25,0.0707070707070707,0.2541087231352718,21,81,0.08119604654072311,0.7006290605341858,2,2
0,0.20000000000000004,0.125,0.0303030303030303,0.08975979772439949,21,40,0.061678969097960716,0.48484067237289885,1,1
5,0.20000000000000004,0.125,0.06565656565656566,0.22882427307206066,21,86,0.07831852871262354,0.6782510054656081,2,2
0,0.1,0.25,0.08080808080808081,0.2920353982300885,21,83,0.08257225071937944,0.7304836547385791,2,2
5,0.20000000000000004,0.125,0.0707070707070707,0.24146649810366622,21,86,0.07731765294632803,0.6896978446942355,2,2
0,0.1,0.125,0.06565656565656566,0.6207332490518331,21,83,0.20768172150631806,0.8947612663710427,3,2
0,0.1,0.125,0.025252525252525252,0.024020227560050567,21,81,0.024146127861879144,0.2507992162524493,0,1
4,0.0,0.125,0.1414141414141414,0.4437420986093552,21,83,0.07418991617665456,0.8212333711457154,3,3
0,0.0,0.125,0.020202020202020204,0.011378002528445006,21,81,0.017890654322532215,0.1527276477261008,0,1
0,0.0,0.125,0.0404040404040404,0.14032869785082175,21,5,0.07418991617665456,0.5754872641022999,1,1
5,0.1,0.125,0.025252525252525252,0.1150442477876106,21,133,0.08845239584636555,0.5347014540579562,1,1
