category,room_count,bathroom_count,size,price,city,region,price_per_m2,log_price,budget_tier,size_tier,cluster
Appartements,2,1,80.0,380.0,Ariana,Autres villes,4.75,2.5809,low,medium,1
Locations de vacances,1,1,90.0,70.0,Ariana,Autres villes,0.78,1.8513,very_low,medium,2
Locations de vacances,1,1,70.0,80.0,Ariana,Autres villes,1.14,1.9085,very_low,medium,2
Appartements,2,1,100.0,670.0,Ariana,Borj Louzir,6.7,2.8267,low,medium,1
"Magasins, Commerces et Locaux industriels",2,1,20.0,650.0,Ariana,Borj Louzir,32.5,2.8136,low,small,2
"Magasins, Commerces et Locaux industriels",1,1,40.0,450.0,Ariana,Ariana Ville,11.25,2.6542,low,small,2
Maisons et Villas,5,3,220.0,2000.0,Ariana,Chotrana,9.09,3.3012,high,extra_large,2
Appartements,3,1,180.0,300.0,Ariana,Borj Louzir,1.67,2.4786,very_low,large,1
Appartements,3,1,250.0,500.0,Ariana,Ariana Ville,2.0,2.6998,low,extra_large,1
Appartements,2,1,80.0,400.0,Ariana,Ghazela,5.0,2.6031,low,medium,1
Maisons et Villas,3,1,130.0,1250.0,Ariana,Ennasr,9.62,3.0973,medium,large,2
"Magasins, Commerces et Locaux industriels",1,1,65.0,4000.0,Ariana,Jardins D'el Menzah,61.54,3.6022,high,medium,2
Appartements,1,1,90.0,175.0,Ariana,Ghazela,1.94,2.2455,very_low,medium,1
"Magasins, Commerces et Locaux industriels",2,2,430.0,3500.0,Ariana,La Soukra,8.14,3.5442,high,extra_large,2
Appartements,2,1,75.0,475.0,Ariana,Raoued,6.33,2.6776,low,medium,1
Maisons et Villas,5,2,500.0,1000.0,Ariana,Autres villes,2.0,3.0004,medium,extra_large,2
Appartements,2,1,80.0,90.0,Ariana,Ennasr,1.12,1.959,very_low,medium,1
Maisons et Villas,5,2,450.0,2500.0,Ariana,Autres villes,5.56,3.3981,high,extra_large,2
"Magasins, Commerces et Locaux industriels",4,1,120.0,120.0,Ariana,Autres villes,1.0,2.0828,very_low,large,2
Appartements,2,1,100.0,1000.0,Ariana,Ennasr,10.0,3.0004,medium,medium,1
Appartements,2,1,80.0,420.0,Ariana,Ghazela,5.25,2.6243,low,medium,1
"Magasins, Commerces et Locaux industriels",1,2,220.0,1000.0,Ariana,La Soukra,4.55,3.0004,medium,extra_large,2
Appartements,1,2,110.0,1200.0,Ariana,Autres villes,10.91,3.0795,medium,large,1
Appartements,3,1,160.0,1200.0,Ariana,Ennasr,7.5,3.0795,medium,large,1
Maisons et Villas,2,1,120.0,330.0,Ariana,Raoued,2.75,2.5198,low,large,2
Appartements,2,1,75.0,90.0,Ariana,Autres villes,1.2,1.959,very_low,medium,1
Appartements,3,2,160.0,1360.0,Ariana,La Soukra,8.5,3.1339,medium,large,1
Appartements,2,1,108.0,90.0,Ariana,Autres villes,0.83,1.959,very_low,large,1
"Magasins, Commerces et Locaux industriels",1,1,100.0,1800.0,Ariana,Ariana Ville,18.0,3.2555,high,medium,2
Maisons et Villas,3,1,130.0,1200.0,Ariana,Jardins D'el Menzah,9.23,3.0795,medium,large,2
Appartements,2,1,68.0,700.0,Ariana,Ariana Ville,10.29,2.8457,low,medium,1
Appartements,4,2,230.0,1800.0,Ariana,La Soukra,7.83,3.2555,high,extra_large,1
Appartements,2,1,100.0,490.0,Ariana,Ghazela,4.9,2.6911,low,medium,1
Appartements,3,2,110.0,1000.0,Ariana,Ariana,9.09,3.0004,medium,large,1
Colocations,2,1,75.0,130.0,Ariana,Ariana,1.73,2.1173,very_low,medium,1
Locations de vacances,1,1,50.0,85.0,Ariana,Ennasr,1.7,1.9345,very_low,small,2
Locations de vacances,2,1,70.0,90.0,Ariana,Ennasr,1.29,1.959,very_low,medium,2
Appartements,1,1,65.0,800.0,Ariana,Ennasr,12.31,2.9036,medium,medium,1
Appartements,1,1,83.0,950.0,Ariana,La Soukra,11.45,2.9782,medium,medium,1
Appartements,2,2,120.0,1200.0,Ariana,Jardins D'el Menzah,10.0,3.0795,medium,large,1
Appartements,1,1,50.0,300.0,Ariana,Borj Louzir,6.0,2.4786,very_low,small,1
Appartements,2,1,110.0,900.0,Ariana,Ariana Ville,8.18,2.9547,medium,large,1
Bureaux et Plateaux,4,2,400.0,3000.0,Ariana,Autres villes,7.5,3.4773,high,extra_large,1
"Magasins, Commerces et Locaux industriels",1,0,100.0,650.0,Ariana,Jardins D'el Menzah,6.5,2.8136,low,medium,2
Appartements,3,1,500.0,1360.0,Ariana,La Soukra,2.72,3.1339,medium,extra_large,1
Maisons et Villas,2,1,200.0,130.0,Ariana,Autres villes,0.65,2.1173,very_low,large,2
Appartements,1,1,27.0,70.0,Ariana,Autres villes,2.59,1.8513,very_low,small,1
Appartements,1,1,70.0,830.0,Ariana,Jardins D'el Menzah,11.86,2.9196,medium,medium,1
Appartements,2,2,120.0,100.0,Ariana,Ennasr,0.83,2.0043,very_low,large,1
Appartements,2,1,98.0,550.0,Ariana,Raoued,5.61,2.7412,low,medium,1
Appartements,2,1,60.0,380.0,Ariana,Borj Louzir,6.33,2.5809,low,medium,1
Appartements,3,1,85.0,150.0,Ariana,Ghazela,1.76,2.179,very_low,medium,1
Appartements,2,1,130.0,750.0,Ariana,La Soukra,5.77,2.8756,medium,large,1
Appartements,2,1,120.0,700.0,Ariana,La Soukra,5.83,2.8457,low,large,1
Appartements,4,2,110.0,830.0,Ariana,Autres villes,7.55,2.9196,medium,large,1
Appartements,3,2,140.0,1400.0,Ariana,Autres villes,10.0,3.1464,medium,large,1
Maisons et Villas,2,1,130.0,650.0,Ariana,Ghazela,5.0,2.8136,low,large,2
Maisons et Villas,4,1,110.0,1300.0,Ariana,Ennasr,11.82,3.1143,medium,large,2
Appartements,2,1,90.0,90.0,Ariana,Autres villes,1.0,1.959,very_low,medium,1
Appartements,2,2,100.0,850.0,Ariana,La Soukra,8.5,2.9299,medium,medium,1
Appartements,1,1,80.0,120.0,Ariana,La Soukra,1.5,2.0828,very_low,medium,1
Appartements,3,1,130.0,1400.0,Ariana,Jardins D'el Menzah,10.77,3.1464,medium,large,1
Maisons et Villas,3,1,90.0,470.0,Ariana,La Soukra,5.22,2.673,low,medium,2
Appartements,1,1,85.0,950.0,Ariana,La Soukra,11.18,2.9782,medium,medium,1
Appartements,3,1,130.0,120.0,Ariana,Autres villes,0.92,2.0828,very_low,large,1
Appartements,3,1,80.0,450.0,Ariana,Borj Louzir,5.62,2.6542,low,medium,1
Maisons et Villas,4,2,350.0,1700.0,Ariana,Autres villes,4.86,3.2307,high,extra_large,2
Maisons et Villas,4,2,300.0,800.0,Ariana,Autres villes,2.67,2.9036,medium,extra_large,2
Appartements,1,1,40.0,300.0,Ariana,Ghazela,7.5,2.4786,very_low,small,1
Maisons et Villas,2,1,100.0,290.0,Ariana,Chotrana,2.9,2.4639,very_low,medium,2
Maisons et Villas,2,1,80.0,380.0,Ariana,Ariana,4.75,2.5809,low,medium,2
Maisons et Villas,2,1,90.0,250.0,Ariana,Raoued,2.78,2.3997,very_low,medium,2
Appartements,3,1,110.0,790.0,Ariana,La Soukra,7.18,2.8982,medium,large,1
Appartements,2,1,100.0,400.0,Ariana,Raoued,4.0,2.6031,low,medium,1
Bureaux et Plateaux,2,1,90.0,900.0,Ariana,Ennasr,10.0,2.9547,medium,medium,1
Maisons et Villas,3,1,130.0,370.0,Ariana,La Soukra,2.85,2.5694,low,large,2
Appartements,4,2,180.0,1200.0,Ariana,Ariana,6.67,3.0795,medium,large,1
Maisons et Villas,6,3,350.0,2850.0,Ariana,Ariana,8.14,3.455,high,extra_large,2
Bureaux et Plateaux,3,1,131.0,2500.0,Ariana,Ghazela,19.08,3.3981,high,large,1
Bureaux et Plateaux,2,1,100.0,1600.0,Ariana,Ghazela,16.0,3.2044,high,medium,1
Appartements,2,1,65.0,600.0,Ariana,Ariana,9.23,2.7789,low,medium,1
Appartements,3,2,150.0,550.0,Ariana,Borj Louzir,3.67,2.7412,low,large,1
Appartements,3,1,80.0,800.0,Ariana,Ennasr,10.0,2.9036,medium,medium,1
Appartements,2,1,60.0,650.0,Ariana,Ennasr,10.83,2.8136,low,medium,1
Locations de vacances,1,1,60.0,70.0,Ariana,Ennasr,1.17,1.8513,very_low,medium,2
Maisons et Villas,3,1,155.0,465.0,Ariana,Mnihla,3.0,2.6684,low,large,2
Appartements,2,1,95.0,90.0,Ariana,Autres villes,0.95,1.959,very_low,medium,1
Appartements,2,1,95.0,90.0,Ariana,Autres villes,0.95,1.959,very_low,medium,1
Appartements,1,1,50.0,650.0,Ariana,Ennasr,13.0,2.8136,low,small,1
Appartements,1,1,80.0,90.0,Ariana,La Soukra,1.12,1.959,very_low,medium,1
Appartements,3,1,130.0,650.0,Ariana,Mnihla,5.0,2.8136,low,large,1
Appartements,3,1,105.0,750.0,Ariana,Ghazela,7.14,2.8756,medium,large,1
Appartements,3,1,150.0,650.0,Ariana,La Soukra,4.33,2.8136,low,large,1
Appartements,1,1,70.0,280.0,Ariana,Autres villes,4.0,2.4487,very_low,medium,1
Appartements,2,1,90.0,750.0,Ariana,Ariana,8.33,2.8756,medium,medium,1
Maisons et Villas,4,1,100.0,530.0,Ariana,Ghazela,5.3,2.7251,low,medium,2
Appartements,4,1,110.0,600.0,Ariana,Ariana,5.45,2.7789,low,large,1
Appartements,3,2,200.0,2300.0,Ariana,Ennasr,11.5,3.3619,high,large,1
"Magasins, Commerces et Locaux industriels",2,1,160.0,800.0,Ariana,La Soukra,5.0,2.9036,medium,large,2
Appartements,2,2,140.0,1250.0,Ariana,Ennasr,8.93,3.0973,medium,large,1
Appartements,2,1,110.0,1100.0,Ariana,Ennasr,10.0,3.0418,medium,large,1
Appartements,2,2,150.0,1500.0,Ariana,Ennasr,10.0,3.1764,medium,large,1
Appartements,3,1,85.0,330.0,Ariana,Raoued,3.88,2.5198,low,medium,1
"Magasins, Commerces et Locaux industriels",1,1,200.0,1400.0,Ariana,La Soukra,7.0,3.1464,medium,large,2
Appartements,3,2,135.0,900.0,Ariana,La Soukra,6.67,2.9547,medium,large,1
Appartements,3,2,130.0,1400.0,Ariana,La Soukra,10.77,3.1464,medium,large,1
Appartements,1,1,66.0,650.0,Ariana,Jardins D'el Menzah,9.85,2.8136,low,medium,1
Appartements,1,1,36.0,400.0,Ariana,Ariana Ville,11.11,2.6031,low,small,1
Appartements,1,1,70.0,830.0,Ariana,Jardins D'el Menzah,11.86,2.9196,medium,medium,1
Appartements,1,1,90.0,90.0,Ariana,Autres villes,1.0,1.959,very_low,medium,1
Locations de vacances,1,1,90.0,90.0,Ariana,Autres villes,1.0,1.959,very_low,medium,2
Locations de vacances,1,1,90.0,90.0,Ariana,Autres villes,1.0,1.959,very_low,medium,2
Locations de vacances,1,1,90.0,90.0,Ariana,Autres villes,1.0,1.959,very_low,medium,2
Appartements,2,1,80.0,580.0,Ariana,Ariana,7.25,2.7642,low,medium,1
Appartements,3,1,130.0,1400.0,Ariana,Jardins D'el Menzah,10.77,3.1464,medium,large,1
Appartements,2,1,100.0,230.0,Ariana,Borj Louzir,2.3,2.3636,very_low,medium,1
Appartements,1,1,60.0,650.0,Ariana,Jardins D'el Menzah,10.83,2.8136,low,medium,1
Appartements,2,1,100.0,800.0,Ariana,La Soukra,8.0,2.9036,medium,medium,1
Locations de vacances,2,1,70.0,80.0,Ariana,Ennasr,1.14,1.9085,very_low,medium,2
Appartements,3,1,100.0,700.0,Ariana,Borj Louzir,7.0,2.8457,low,medium,1
Appartements,3,3,190.0,2500.0,Ariana,Ennasr,13.16,3.3981,high,large,1
Bureaux et Plateaux,7,4,400.0,3000.0,Ariana,Ariana Ville,7.5,3.4773,high,extra_large,1
Appartements,1,1,90.0,90.0,Ariana,Autres villes,1.0,1.959,very_low,medium,1
Appartements,1,1,70.0,1350.0,Ariana,La Soukra,19.29,3.1307,medium,medium,1
Appartements,2,1,100.0,850.0,Ariana,La Soukra,8.5,2.9299,medium,medium,1
Appartements,3,2,140.0,1000.0,Ariana,Chotrana,7.14,3.0004,medium,large,1
Appartements,1,1,80.0,900.0,Ariana,La Soukra,11.25,2.9547,medium,medium,1
Appartements,1,1,90.0,90.0,Ariana,Autres villes,1.0,1.959,very_low,medium,1
Appartements,1,1,90.0,90.0,Ariana,Autres villes,1.0,1.959,very_low,medium,1
Bureaux et Plateaux,2,1,83.0,900.0,Ariana,Autres villes,10.84,2.9547,medium,medium,1
Appartements,1,1,95.0,750.0,Ariana,Jardins D'el Menzah,7.89,2.8756,medium,medium,1
Appartements,2,1,120.0,700.0,Ariana,Ghazela,5.83,2.8457,low,large,1
Appartements,2,1,150.0,1400.0,Ariana,Ennasr,9.33,3.1464,medium,large,1
Appartements,1,1,50.0,500.0,Ariana,Ennasr,10.0,2.6998,low,small,1
Colocations,3,3,400.0,400.0,Ariana,La Soukra,1.0,2.6031,low,extra_large,2
Appartements,2,1,70.0,480.0,Ariana,Borj Louzir,6.86,2.6821,low,medium,1
Appartements,3,2,130.0,950.0,Ariana,Jardins D'el Menzah,7.31,2.9782,medium,large,1
Appartements,3,1,85.0,900.0,Ariana,Autres villes,10.59,2.9547,medium,medium,1
Appartements,1,1,45.0,500.0,Ariana,Jardins D'el Menzah,11.11,2.6998,low,small,1
Appartements,1,1,80.0,750.0,Ariana,La Soukra,9.38,2.8756,medium,medium,1
Bureaux et Plateaux,2,2,90.0,800.0,Ariana,Jardins D'el Menzah,8.89,2.9036,medium,medium,1
Appartements,4,1,117.0,550.0,Ariana,Raoued,4.7,2.7412,low,large,1
Appartements,1,1,70.0,830.0,Ariana,Jardins D'el Menzah,11.86,2.9196,medium,medium,1
Maisons et Villas,5,3,400.0,3700.0,Ariana,La Soukra,9.25,3.5683,high,extra_large,2
Maisons et Villas,4,3,350.0,3500.0,Ariana,La Soukra,10.0,3.5442,high,extra_large,2
Colocations,4,2,150.0,197.0,Ariana,Autres villes,1.31,2.2967,very_low,large,1
Appartements,1,1,85.0,1000.0,Ariana,Ennasr,11.76,3.0004,medium,medium,1
Locations de vacances,2,1,70.0,360.0,Ariana,Autres villes,5.14,2.5575,low,medium,2
Maisons et Villas,3,2,200.0,650.0,Ariana,Ariana,3.25,2.8136,low,large,2
Appartements,2,1,90.0,800.0,Ariana,Ariana,8.89,2.9036,medium,medium,1
Appartements,3,2,130.0,1200.0,Ariana,La Soukra,9.23,3.0795,medium,large,1
Maisons et Villas,2,1,120.0,350.0,Ariana,Chotrana,2.92,2.5453,low,large,2
Maisons et Villas,3,2,160.0,310.0,Ariana,Raoued,1.94,2.4928,low,large,2
Maisons et Villas,3,1,110.0,750.0,Ariana,La Soukra,6.82,2.8756,medium,large,2
Appartements,4,2,150.0,1600.0,Ariana,Ariana Ville,10.67,3.2044,high,large,1
Appartements,2,1,90.0,500.0,Ariana,Ariana Ville,5.56,2.6998,low,medium,1
Appartements,3,1,100.0,380.0,Ariana,Ariana Ville,3.8,2.5809,low,medium,1
Appartements,1,1,62.0,80.0,Ariana,Autres villes,1.29,1.9085,very_low,medium,1
"Magasins, Commerces et Locaux industriels",2,2,420.0,2500.0,Ariana,La Soukra,5.95,3.3981,high,extra_large,2
Appartements,2,1,100.0,700.0,Ariana,Ghazela,7.0,2.8457,low,medium,1
Appartements,2,1,95.0,850.0,Ariana,Ennasr,8.95,2.9299,medium,medium,1
"Magasins, Commerces et Locaux industriels",1,1,250.0,1200.0,Ariana,La Soukra,4.8,3.0795,medium,extra_large,2
Appartements,2,2,120.0,700.0,Ariana,La Soukra,5.83,2.8457,low,large,1
Appartements,3,1,100.0,450.0,Ariana,Autres villes,4.5,2.6542,low,medium,1
Bureaux et Plateaux,1,1,20.0,650.0,Ariana,Autres villes,32.5,2.8136,low,small,1
Appartements,4,1,83.0,500.0,Ariana,Borj Louzir,6.02,2.6998,low,medium,1
Appartements,3,1,70.0,435.0,Ariana,Borj Louzir,6.21,2.6395,low,medium,1
Appartements,3,1,130.0,790.0,Ariana,Borj Louzir,6.08,2.8982,medium,large,1
"Magasins, Commerces et Locaux industriels",1,1,65.0,2000.0,Ariana,La Soukra,30.77,3.3012,high,medium,2
Appartements,3,1,150.0,1200.0,Ariana,Ennasr,8.0,3.0795,medium,large,1
Maisons et Villas,3,2,140.0,1600.0,Ariana,Jardins D'el Menzah,11.43,3.2044,high,large,2
Appartements,2,1,25.0,300.0,Ariana,Borj Louzir,12.0,2.4786,very_low,small,1
Appartements,2,2,90.0,950.0,Ariana,Ennasr,10.56,2.9782,medium,medium,1
Appartements,4,1,170.0,1250.0,Ariana,La Soukra,7.35,3.0973,medium,large,1
Appartements,3,2,164.0,1800.0,Ariana,La Soukra,10.98,3.2555,high,large,1
Appartements,3,1,120.0,450.0,Ariana,La Soukra,3.75,2.6542,low,large,1
Appartements,2,1,85.0,300.0,Ariana,Raoued,3.53,2.4786,very_low,medium,1
Appartements,3,2,130.0,800.0,Ariana,Autres villes,6.15,2.9036,medium,large,1
Appartements,3,1,130.0,130.0,Ariana,La Soukra,1.0,2.1173,very_low,large,1
Appartements,3,3,145.0,610.0,Ariana,Jardins D'el Menzah,4.21,2.786,low,large,1
Appartements,4,1,130.0,1400.0,Ariana,Ennasr,10.77,3.1464,medium,large,1
Colocations,2,1,70.0,125.0,Ariana,Ghazela,1.79,2.1004,very_low,medium,1
Appartements,2,1,70.0,800.0,Ariana,Ennasr,11.43,2.9036,medium,medium,1
Appartements,2,1,120.0,1200.0,Ariana,Ariana Ville,10.0,3.0795,medium,large,1
Appartements,3,2,175.0,1200.0,Ariana,Ennasr,6.86,3.0795,medium,large,1
Appartements,3,1,120.0,700.0,Ariana,Jardins D'el Menzah,5.83,2.8457,low,large,1
Bureaux et Plateaux,3,1,170.0,1800.0,Ariana,La Soukra,10.59,3.2555,high,large,1
Maisons et Villas,3,3,240.0,1650.0,Ariana,Ariana,6.88,3.2177,high,extra_large,2
Maisons et Villas,2,1,90.0,300.0,Ariana,Raoued,3.33,2.4786,very_low,medium,2
Appartements,3,3,120.0,1800.0,Ariana,La Soukra,15.0,3.2555,high,large,1
Appartements,2,1,100.0,90.0,Ariana,Autres villes,0.9,1.959,very_low,medium,1
Appartements,1,1,60.0,700.0,Ariana,Jardins D'el Menzah,11.67,2.8457,low,medium,1
Appartements,3,1,100.0,780.0,Ariana,La Soukra,7.8,2.8927,medium,medium,1
Appartements,2,1,100.0,400.0,Ariana,Ariana,4.0,2.6031,low,medium,1
Colocations,2,1,70.0,200.0,Ariana,Ariana Ville,2.86,2.3032,very_low,medium,1
"Magasins, Commerces et Locaux industriels",2,2,200.0,1100.0,Ariana,Mnihla,5.5,3.0418,medium,large,2
Maisons et Villas,3,1,120.0,450.0,Ariana,La Soukra,3.75,2.6542,low,large,2
Appartements,2,2,120.0,700.0,Ariana,La Soukra,5.83,2.8457,low,large,1
Appartements,2,1,80.0,400.0,Ariana,Ghazela,5.0,2.6031,low,medium,1
Bureaux et Plateaux,2,1,80.0,700.0,Ariana,Ghazela,8.75,2.8457,low,medium,1
Appartements,3,1,140.0,900.0,Ariana,Ariana Ville,6.43,2.9547,medium,large,1
Appartements,4,2,110.0,790.0,Ariana,Borj Louzir,7.18,2.8982,medium,large,1
Appartements,4,1,150.0,250.0,Ariana,Ariana Ville,1.67,2.3997,very_low,large,1
Appartements,2,1,120.0,800.0,Ariana,Ghazela,6.67,2.9036,medium,large,1
Appartements,3,1,120.0,500.0,Ariana,Borj Louzir,4.17,2.6998,low,large,1
Appartements,4,2,130.0,820.0,Ariana,La Soukra,6.31,2.9143,medium,large,1
"Magasins, Commerces et Locaux industriels",1,2,1500.0,2500.0,Ariana,Chotrana,1.67,3.3981,high,extra_large,2
Appartements,3,2,147.0,1300.0,Ariana,Ghazela,8.84,3.1143,medium,large,1
Appartements,1,1,70.0,70.0,Ariana,Autres villes,1.0,1.8513,very_low,medium,1
Appartements,1,1,130.0,1000.0,Ariana,La Soukra,7.69,3.0004,medium,large,1
Appartements,2,1,119.0,1350.0,Ariana,La Soukra,11.34,3.1307,medium,large,1
Appartements,2,1,70.0,700.0,Ariana,Ariana Ville,10.0,2.8457,low,medium,1
Maisons et Villas,2,1,70.0,320.0,Ariana,Chotrana,4.57,2.5065,low,medium,2
Colocations,1,1,40.0,170.0,Ariana,Ghazela,4.25,2.233,very_low,small,1
Appartements,2,1,66.0,650.0,Ariana,Mnihla,9.85,2.8136,low,medium,1
Maisons et Villas,5,2,200.0,2000.0,Ariana,Autres villes,10.0,3.3012,high,large,2
Appartements,2,1,80.0,400.0,Ariana,Autres villes,5.0,2.6031,low,medium,1
Appartements,4,2,140.0,1800.0,Ariana,La Soukra,12.86,3.2555,high,large,1
Appartements,3,2,170.0,1800.0,Ariana,La Soukra,10.59,3.2555,high,large,1
Appartements,2,1,100.0,800.0,Ariana,Ghazela,8.0,2.9036,medium,medium,1
"Magasins, Commerces et Locaux industriels",1,2,300.0,1600.0,Ariana,Chotrana,5.33,3.2044,high,extra_large,2
Maisons et Villas,3,1,150.0,700.0,Ariana,Raoued,4.67,2.8457,low,large,2
Appartements,1,1,70.0,260.0,Ariana,Raoued,3.71,2.4166,very_low,medium,1
Appartements,3,1,110.0,600.0,Ariana,Autres villes,5.45,2.7789,low,large,1
Appartements,3,1,110.0,650.0,Ariana,Ariana Ville,5.91,2.8136,low,large,1
Locations de vacances,2,1,80.0,600.0,Ariana,Autres villes,7.5,2.7789,low,medium,2
Appartements,2,1,75.0,370.0,Ariana,Ghazela,4.93,2.5694,low,medium,1
Appartements,2,1,92.0,480.0,Ariana,Borj Louzir,5.22,2.6821,low,medium,1
Appartements,1,1,45.0,500.0,Ariana,Ghazela,11.11,2.6998,low,small,1
Locations de vacances,3,3,150.0,100.0,Ariana,Autres villes,0.67,2.0043,very_low,large,2
Bureaux et Plateaux,10,5,400.0,80.0,Ariana,Ghazela,0.2,1.9085,very_low,extra_large,1
Appartements,4,2,147.0,1300.0,Ariana,Ghazela,8.84,3.1143,medium,large,1
Appartements,1,1,70.0,550.0,Ariana,Ghazela,7.86,2.7412,low,medium,1
Appartements,4,2,138.0,850.0,Ariana,La Soukra,6.16,2.9299,medium,large,1
Maisons et Villas,2,2,160.0,400.0,Ariana,Autres villes,2.5,2.6031,low,large,2
Maisons et Villas,4,1,230.0,1720.0,Ariana,Autres villes,7.48,3.2358,high,extra_large,2
"Magasins, Commerces et Locaux industriels",1,1,190.0,1300.0,Ariana,Autres villes,6.84,3.1143,medium,large,2
Appartements,2,1,100.0,850.0,Ariana,Jardins D'el Menzah,8.5,2.9299,medium,medium,1
"Magasins, Commerces et Locaux industriels",1,1,140.0,1200.0,Ariana,Borj Louzir,8.57,3.0795,medium,large,2
Colocations,1,1,20.0,150.0,Ariana,Borj Louzir,7.5,2.179,very_low,small,1
Maisons et Villas,3,2,120.0,500.0,Ariana,Ghazela,4.17,2.6998,low,large,2
Appartements,2,1,85.0,420.0,Ariana,Jardins D'el Menzah,4.94,2.6243,low,medium,1
Appartements,1,1,30.0,140.0,Ariana,Raoued,4.67,2.1492,very_low,small,1
Appartements,4,1,100.0,700.0,Ariana,Borj Louzir,7.0,2.8457,low,medium,1
Locations de vacances,2,1,65.0,60.0,Ariana,Ariana Ville,0.92,1.7853,very_low,medium,2
Maisons et Villas,2,2,180.0,1200.0,Ariana,Jardins D'el Menzah,6.67,3.0795,medium,large,2
Maisons et Villas,3,2,247.0,1500.0,Ariana,Jardins D'el Menzah,6.07,3.1764,medium,extra_large,2
Appartements,3,1,105.0,470.0,Ariana,Borj Louzir,4.48,2.673,low,large,1
Appartements,3,1,120.0,800.0,Ariana,Ghazela,6.67,2.9036,medium,large,1
Appartements,3,2,130.0,1400.0,Ariana,La Soukra,10.77,3.1464,medium,large,1
Appartements,1,1,100.0,100.0,Ariana,Ennasr,1.0,2.0043,very_low,medium,1
Appartements,2,1,200.0,800.0,Ariana,Ariana,4.0,2.9036,medium,large,1
Appartements,4,2,120.0,650.0,Ariana,La Soukra,5.42,2.8136,low,large,1
Maisons et Villas,7,4,300.0,1800.0,Ariana,Ennasr,6.0,3.2555,high,extra_large,2
Appartements,2,1,100.0,680.0,Ariana,La Soukra,6.8,2.8331,low,medium,1
Appartements,2,1,65.0,800.0,Ariana,Ennasr,12.31,2.9036,medium,medium,1
Colocations,2,1,300.0,250.0,Ariana,Ghazela,0.83,2.3997,very_low,extra_large,2
Appartements,1,1,90.0,450.0,Ariana,Ariana,5.0,2.6542,low,medium,1
Maisons et Villas,6,4,330.0,2000.0,Ariana,Jardins D'el Menzah,6.06,3.3012,high,extra_large,2
Appartements,2,1,80.0,550.0,Ariana,Ghazela,6.88,2.7412,low,medium,1
Appartements,2,1,70.0,490.0,Ariana,Autres villes,7.0,2.6911,low,medium,1
Appartements,3,1,120.0,1400.0,Ariana,La Soukra,11.67,3.1464,medium,large,1
Appartements,3,1,100.0,700.0,Ariana,Autres villes,7.0,2.8457,low,medium,1
Appartements,3,2,230.0,800.0,Ariana,La Soukra,3.48,2.9036,medium,extra_large,1
Appartements,2,1,65.0,800.0,Ariana,Autres villes,12.31,2.9036,medium,medium,1
Appartements,2,2,80.0,90.0,Ariana,Ennasr,1.12,1.959,very_low,medium,1
Locations de vacances,1,1,70.0,80.0,Ariana,Autres villes,1.14,1.9085,very_low,medium,2
Maisons et Villas,2,1,130.0,650.0,Ariana,Ghazela,5.0,2.8136,low,large,2
Maisons et Villas,3,1,90.0,600.0,Ariana,Borj Louzir,6.67,2.7789,low,medium,2
Maisons et Villas,2,1,200.0,130.0,Ariana,Sidi Thabet,0.65,2.1173,very_low,large,2
Appartements,3,1,110.0,600.0,Ariana,Ariana,5.45,2.7789,low,large,1
Appartements,3,1,99.0,650.0,Ariana,Borj Louzir,6.57,2.8136,low,medium,1
Appartements,3,1,160.0,850.0,Ariana,Ariana Ville,5.31,2.9299,medium,large,1
Maisons et Villas,4,2,152.0,1200.0,Ariana,Jardins D'el Menzah,7.89,3.0795,medium,large,2
Maisons et Villas,4,2,120.0,475.0,Ariana,Autres villes,3.96,2.6776,low,large,2
Appartements,1,2,30.0,250.0,Ariana,Ennasr,8.33,2.3997,very_low,small,1
Bureaux et Plateaux,1,2,30.0,250.0,Ariana,Ennasr,8.33,2.3997,very_low,small,1
Locations de vacances,1,1,170.0,90.0,Ariana,La Soukra,0.53,1.959,very_low,large,2
Appartements,3,2,140.0,1500.0,Ariana,Ennasr,10.71,3.1764,medium,large,1
Appartements,1,1,55.0,300.0,Ariana,Raoued,5.45,2.4786,very_low,medium,1
Appartements,3,1,170.0,1300.0,Ariana,La Soukra,7.65,3.1143,medium,large,1
Appartements,1,1,55.0,800.0,Ariana,Ennasr,14.55,2.9036,medium,medium,1
Appartements,2,1,120.0,330.0,Ariana,Raoued,2.75,2.5198,low,large,1
Appartements,1,1,60.0,70.0,Ariana,Ennasr,1.17,1.8513,very_low,medium,1
Appartements,1,1,78.0,1050.0,Ariana,Ennasr,13.46,3.0216,medium,medium,1
Locations de vacances,1,1,60.0,70.0,Ariana,Ennasr,1.17,1.8513,very_low,medium,2
Appartements,1,1,65.0,400.0,Ariana,La Soukra,6.15,2.6031,low,medium,1
Appartements,2,2,100.0,700.0,Ariana,Autres villes,7.0,2.8457,low,medium,1
Maisons et Villas,4,1,130.0,1200.0,Ariana,Jardins D'el Menzah,9.23,3.0795,medium,large,2
Maisons et Villas,4,2,402.0,3800.0,Ariana,La Soukra,9.45,3.5799,high,extra_large,2
Appartements,1,1,60.0,900.0,Ariana,La Soukra,15.0,2.9547,medium,medium,1
Appartements,1,1,40.0,800.0,Ariana,Ennasr,20.0,2.9036,medium,small,1
Maisons et Villas,3,2,300.0,1000.0,Ariana,Ghazela,3.33,3.0004,medium,extra_large,2
Appartements,2,1,97.0,1200.0,Ariana,La Soukra,12.37,3.0795,medium,medium,1
Appartements,3,1,80.0,480.0,Ariana,Borj Louzir,6.0,2.6821,low,medium,1
"Magasins, Commerces et Locaux industriels",1,1,69.0,1500.0,Ariana,Jardins D'el Menzah,21.74,3.1764,medium,medium,2
Appartements,1,1,120.0,550.0,Ariana,Autres villes,4.58,2.7412,low,large,1
Appartements,3,2,120.0,1300.0,Ariana,Autres villes,10.83,3.1143,medium,large,1
Appartements,3,2,130.0,1400.0,Ariana,Jardins D'el Menzah,10.77,3.1464,medium,large,1
Appartements,2,1,60.0,700.0,Ariana,Ghazela,11.67,2.8457,low,medium,1
Appartements,3,1,105.0,800.0,Ariana,Ennasr,7.62,2.9036,medium,large,1
Appartements,2,1,100.0,800.0,Ariana,La Soukra,8.0,2.9036,medium,medium,1
Maisons et Villas,4,1,120.0,950.0,Ariana,Raoued,7.92,2.9782,medium,large,2
Appartements,1,1,65.0,600.0,Ariana,Autres villes,9.23,2.7789,low,medium,1
Bureaux et Plateaux,2,1,100.0,600.0,Ariana,Ghazela,6.0,2.7789,low,medium,1
Maisons et Villas,3,1,120.0,450.0,Ariana,Autres villes,3.75,2.6542,low,large,2
Appartements,3,1,100.0,550.0,Ariana,Autres villes,5.5,2.7412,low,medium,1
Appartements,2,1,90.0,90.0,Ariana,Ennasr,1.0,1.959,very_low,medium,1
Appartements,3,3,131.0,1750.0,Ariana,Ennasr,13.36,3.2433,high,large,1
Bureaux et Plateaux,6,2,200.0,2500.0,Ariana,Autres villes,12.5,3.3981,high,large,1
Appartements,3,1,115.0,735.0,Ariana,Jardins D'el Menzah,6.39,2.8669,medium,large,1
Appartements,3,1,83.0,700.0,Ariana,Ennasr,8.43,2.8457,low,medium,1
Appartements,2,1,120.0,500.0,Ariana,Autres villes,4.17,2.6998,low,large,1
Maisons et Villas,5,3,750.0,3000.0,Ariana,La Soukra,4.0,3.4773,high,extra_large,2
Appartements,3,1,100.0,450.0,Ariana,Ghazela,4.5,2.6542,low,medium,1
Appartements,3,1,100.0,460.0,Ariana,Ghazela,4.6,2.6637,low,medium,1
Appartements,2,1,100.0,2300.0,Ariana,La Soukra,23.0,3.3619,high,medium,1
Appartements,2,1,70.0,450.0,Ariana,Borj Louzir,6.43,2.6542,low,medium,1
Appartements,3,2,165.0,180.0,Ariana,Autres villes,1.09,2.2577,very_low,large,1
Appartements,3,1,130.0,1400.0,Ariana,Jardins D'el Menzah,10.77,3.1464,medium,large,1
Appartements,3,1,110.0,700.0,Ariana,Jardins D'el Menzah,6.36,2.8457,low,large,1
"Magasins, Commerces et Locaux industriels",1,1,140.0,3000.0,Ariana,Ariana,21.43,3.4773,high,large,2
"Magasins, Commerces et Locaux industriels",1,0,230.0,800.0,Ariana,Autres villes,3.48,2.9036,medium,extra_large,2
Maisons et Villas,2,1,160.0,750.0,Ariana,Autres villes,4.69,2.8756,medium,large,2
Appartements,1,1,60.0,700.0,Ariana,Autres villes,11.67,2.8457,low,medium,1
Appartements,3,2,150.0,900.0,Ariana,Autres villes,6.0,2.9547,medium,large,1
Appartements,2,1,60.0,400.0,Ariana,Autres villes,6.67,2.6031,low,medium,1
Appartements,2,1,120.0,550.0,Ariana,Ghazela,4.58,2.7412,low,large,1
Appartements,2,1,50.0,800.0,Ariana,Ennasr,16.0,2.9036,medium,small,1
Maisons et Villas,4,2,450.0,700.0,Ariana,Sidi Thabet,1.56,2.8457,low,extra_large,2
Colocations,4,2,150.0,160.0,Ariana,Autres villes,1.07,2.2068,very_low,large,1
Appartements,2,1,80.0,550.0,Ariana,Ariana Ville,6.88,2.7412,low,medium,1
Appartements,3,1,105.0,90.0,Ariana,Autres villes,0.86,1.959,very_low,large,1
Appartements,4,1,150.0,1050.0,Ariana,Jardins D'el Menzah,7.0,3.0216,medium,large,1
"Magasins, Commerces et Locaux industriels",1,1,200.0,3500.0,Ariana,Mnihla,17.5,3.5442,high,large,2
Appartements,3,1,120.0,700.0,Ariana,Ennasr,5.83,2.8457,low,large,1
Appartements,2,1,130.0,850.0,Ariana,Ariana,6.54,2.9299,medium,large,1
Appartements,2,1,90.0,750.0,Ariana,Ghazela,8.33,2.8756,medium,medium,1
Appartements,3,1,150.0,900.0,Ariana,Ariana Ville,6.0,2.9547,medium,large,1
Appartements,2,2,100.0,500.0,Ariana,La Soukra,5.0,2.6998,low,medium,1
Maisons et Villas,3,1,200.0,870.0,Ariana,Borj Louzir,4.35,2.94,medium,large,2
"Magasins, Commerces et Locaux industriels",1,1,140.0,700.0,Ariana,Ennasr,5.0,2.8457,low,large,2
Appartements,2,1,100.0,850.0,Ariana,La Soukra,8.5,2.9299,medium,medium,1
Appartements,1,1,77.0,1100.0,Ariana,La Soukra,14.29,3.0418,medium,medium,1
Appartements,1,1,90.0,800.0,Ariana,La Soukra,8.89,2.9036,medium,medium,1
Locations de vacances,1,1,60.0,70.0,Ariana,Autres villes,1.17,1.8513,very_low,medium,2
Appartements,2,2,110.0,1350.0,Ariana,La Soukra,12.27,3.1307,medium,large,1
Appartements,1,1,70.0,70.0,Ariana,Autres villes,1.0,1.8513,very_low,medium,1
Appartements,2,2,113.0,1400.0,Ariana,La Soukra,12.39,3.1464,medium,large,1
Appartements,2,1,83.0,900.0,Ariana,La Soukra,10.84,2.9547,medium,medium,1
Appartements,2,2,120.0,1400.0,Ariana,La Soukra,11.67,3.1464,medium,large,1
Appartements,2,2,130.0,1450.0,Ariana,La Soukra,11.15,3.1617,medium,large,1
Maisons et Villas,4,1,150.0,1150.0,Ariana,Ariana,7.67,3.0611,medium,large,2
Maisons et Villas,5,2,220.0,1450.0,Ariana,Ariana,6.59,3.1617,medium,extra_large,2
Maisons et Villas,2,2,110.0,850.0,Ariana,La Soukra,7.73,2.9299,medium,large,2
Appartements,2,1,130.0,1800.0,Ariana,Ennasr,13.85,3.2555,high,large,1
Appartements,2,2,120.0,700.0,Ariana,Ariana,5.83,2.8457,low,large,1
"Magasins, Commerces et Locaux industriels",1,1,32.0,700.0,Ariana,Ariana,21.88,2.8457,low,small,2
Appartements,1,1,70.0,800.0,Ariana,Ennasr,11.43,2.9036,medium,medium,1
Appartements,4,1,200.0,870.0,Ariana,Borj Louzir,4.35,2.94,medium,large,1
Appartements,3,2,200.0,2500.0,Ariana,Ennasr,12.5,3.3981,high,large,1
Appartements,1,1,80.0,100.0,Ariana,Ennasr,1.25,2.0043,very_low,medium,1
Appartements,2,1,90.0,80.0,Ariana,Ennasr,0.89,1.9085,very_low,medium,1
Appartements,2,1,75.0,850.0,Ariana,Jardins D'el Menzah,11.33,2.9299,medium,medium,1
Maisons et Villas,4,2,200.0,1600.0,Ariana,La Soukra,8.0,3.2044,high,large,2
Appartements,2,1,100.0,850.0,Ariana,La Soukra,8.5,2.9299,medium,medium,1
Appartements,2,1,70.0,80.0,Ariana,Ennasr,1.14,1.9085,very_low,medium,1
Appartements,4,2,120.0,1250.0,Ariana,Ennasr,10.42,3.0973,medium,large,1
Bureaux et Plateaux,3,1,80.0,1380.0,Ariana,Ennasr,17.25,3.1402,medium,medium,1
Bureaux et Plateaux,2,1,100.0,1000.0,Ariana,La Soukra,10.0,3.0004,medium,medium,1
Bureaux et Plateaux,2,1,120.0,3000.0,Ariana,La Soukra,25.0,3.4773,high,large,1
Appartements,1,1,68.0,650.0,Ariana,Autres villes,9.56,2.8136,low,medium,1
Appartements,2,1,85.0,600.0,Ariana,La Soukra,7.06,2.7789,low,medium,1
Appartements,3,1,115.0,850.0,Ariana,Ghazela,7.39,2.9299,medium,large,1
Appartements,2,1,70.0,600.0,Ariana,Ghazela,8.57,2.7789,low,medium,1
Appartements,2,1,100.0,850.0,Ariana,Chotrana,8.5,2.9299,medium,medium,1
Maisons et Villas,1,1,99.0,150.0,Ariana,Ghazela,1.52,2.179,very_low,medium,2
Colocations,3,1,60.0,400.0,Ariana,Ghazela,6.67,2.6031,low,medium,1
Appartements,1,1,58.0,860.0,Ariana,Ennasr,14.83,2.935,medium,medium,1
Maisons et Villas,3,2,250.0,900.0,Ariana,Ghazela,3.6,2.9547,medium,extra_large,2
Appartements,3,3,190.0,2500.0,Ariana,Ennasr,13.16,3.3981,high,large,1
Appartements,1,1,87.0,800.0,Ariana,Ennasr,9.2,2.9036,medium,medium,1
Appartements,3,1,90.0,100.0,Ariana,Autres villes,1.11,2.0043,very_low,medium,1
Appartements,2,1,80.0,400.0,Ariana,Borj Louzir,5.0,2.6031,low,medium,1
Maisons et Villas,1,1,80.0,350.0,Ariana,Raoued,4.38,2.5453,low,medium,2
Appartements,3,1,80.0,400.0,Ariana,Borj Louzir,5.0,2.6031,low,medium,1
"Magasins, Commerces et Locaux industriels",1,0,250.0,1500.0,Ariana,La Soukra,6.0,3.1764,medium,extra_large,2
Appartements,2,1,120.0,700.0,Ariana,Ariana Ville,5.83,2.8457,low,large,1
Appartements,4,1,100.0,475.0,Ariana,Raoued,4.75,2.6776,low,medium,1
Appartements,1,2,140.0,1250.0,Ariana,Ennasr,8.93,3.0973,medium,large,1
Appartements,3,1,150.0,900.0,Ariana,Ennasr,6.0,2.9547,medium,large,1
Appartements,2,1,70.0,900.0,Ariana,Ghazela,12.86,2.9547,medium,medium,1
"Magasins, Commerces et Locaux industriels",2,2,300.0,2000.0,Ariana,La Soukra,6.67,3.3012,high,extra_large,2
Appartements,3,1,120.0,650.0,Ariana,Ariana Ville,5.42,2.8136,low,large,1
Maisons et Villas,5,1,200.0,870.0,Ariana,Borj Louzir,4.35,2.94,medium,large,2
Appartements,1,1,22.0,70.0,Ariana,Ennasr,3.18,1.8513,very_low,small,1
Appartements,1,1,75.0,900.0,Ariana,Ariana,12.0,2.9547,medium,medium,1
Appartements,1,1,20.0,270.0,Ariana,Autres villes,13.5,2.433,very_low,small,1
Maisons et Villas,4,2,200.0,2500.0,Ariana,La Soukra,12.5,3.3981,high,large,2
Bureaux et Plateaux,1,1,60.0,750.0,Ariana,Ariana,12.5,2.8756,medium,medium,1
Maisons et Villas,3,1,90.0,500.0,Ariana,Borj Louzir,5.56,2.6998,low,medium,2
Appartements,2,1,90.0,90.0,Ariana,Ennasr,1.0,1.959,very_low,medium,1
"Magasins, Commerces et Locaux industriels",1,1,200.0,750.0,Ariana,La Soukra,3.75,2.8756,medium,large,2
Appartements,2,1,65.0,700.0,Ariana,Ariana,10.77,2.8457,low,medium,1
Appartements,1,1,50.0,800.0,Ariana,Autres villes,16.0,2.9036,medium,small,1
Locations de vacances,2,1,100.0,60.0,Ariana,Autres villes,0.6,1.7853,very_low,medium,2
Appartements,3,1,100.0,600.0,Ariana,Ghazela,6.0,2.7789,low,medium,1
Appartements,3,1,100.0,600.0,Ariana,Ariana,6.0,2.7789,low,medium,1
Appartements,3,1,90.0,800.0,Ariana,Ariana,8.89,2.9036,medium,medium,1
Appartements,2,1,50.0,800.0,Ariana,Ennasr,16.0,2.9036,medium,small,1
Appartements,2,1,100.0,500.0,Ariana,Borj Louzir,5.0,2.6998,low,medium,1
Appartements,2,1,125.0,90.0,Ariana,Autres villes,0.72,1.959,very_low,large,1
Appartements,3,1,150.0,380.0,Ariana,Autres villes,2.53,2.5809,low,large,1
Maisons et Villas,1,1,80.0,600.0,Ariana,Jardins D'el Menzah,7.5,2.7789,low,medium,2
Appartements,4,1,105.0,700.0,Ariana,Borj Louzir,6.67,2.8457,low,large,1
Appartements,2,1,110.0,850.0,Ariana,La Soukra,7.73,2.9299,medium,large,1
Maisons et Villas,1,1,80.0,400.0,Ariana,Jardins D'el Menzah,5.0,2.6031,low,medium,2
Colocations,2,1,80.0,250.0,Ariana,Borj Louzir,3.12,2.3997,very_low,medium,1
Appartements,2,1,150.0,240.0,Ariana,Borj Louzir,1.6,2.382,very_low,large,1
Appartements,3,2,108.0,520.0,Ariana,Borj Louzir,4.81,2.7168,low,large,1
Appartements,1,1,50.0,900.0,Ariana,Ghazela,18.0,2.9547,medium,small,1
Appartements,3,1,100.0,380.0,Ariana,Autres villes,3.8,2.5809,low,medium,1
"Magasins, Commerces et Locaux industriels",1,1,120.0,1500.0,Ariana,Autres villes,12.5,3.1764,medium,large,2
Maisons et Villas,4,2,200.0,1050.0,Ariana,Jardins D'el Menzah,5.25,3.0216,medium,large,2
Maisons et Villas,2,2,140.0,850.0,Ariana,La Soukra,6.07,2.9299,medium,large,2
Bureaux et Plateaux,2,1,65.0,680.0,Ariana,Ariana Ville,10.46,2.8331,low,medium,1
Appartements,2,1,80.0,550.0,Ariana,Ghazela,6.88,2.7412,low,medium,1
Bureaux et Plateaux,2,1,93.0,700.0,Ariana,Borj Louzir,7.53,2.8457,low,medium,1
Appartements,4,2,140.0,900.0,Ariana,Ariana,6.43,2.9547,medium,large,1
Appartements,4,1,120.0,750.0,Ariana,Ennasr,6.25,2.8756,medium,large,1
Appartements,2,1,120.0,500.0,Ariana,Autres villes,4.17,2.6998,low,large,1
Appartements,3,2,108.0,520.0,Ariana,Borj Louzir,4.81,2.7168,low,large,1
Appartements,3,1,100.0,1200.0,Ariana,La Soukra,12.0,3.0795,medium,medium,1
Appartements,3,1,80.0,550.0,Ariana,Autres villes,6.88,2.7412,low,medium,1
Appartements,3,2,115.0,830.0,Ariana,Jardins D'el Menzah,7.22,2.9196,medium,large,1
Appartements,3,2,115.0,830.0,Ariana,Jardins D'el Menzah,7.22,2.9196,medium,large,1
Maisons et Villas,4,1,200.0,650.0,Ariana,Autres villes,3.25,2.8136,low,large,2
Appartements,2,1,110.0,2000.0,Ariana,Ennasr,18.18,3.3012,high,large,1
Maisons et Villas,3,1,110.0,120.0,Ariana,Autres villes,1.09,2.0828,very_low,large,2
Bureaux et Plateaux,2,1,90.0,900.0,Ariana,Ennasr,10.0,2.9547,medium,medium,1
Appartements,2,1,90.0,90.0,Ariana,Jardins D'el Menzah,1.0,1.959,very_low,medium,1
Appartements,3,1,115.0,830.0,Ariana,Jardins D'el Menzah,7.22,2.9196,medium,large,1
Appartements,1,1,60.0,580.0,Ariana,Ghazela,9.67,2.7642,low,medium,1
Appartements,2,1,90.0,550.0,Ariana,La Soukra,6.11,2.7412,low,medium,1
"Magasins, Commerces et Locaux industriels",1,1,140.0,3000.0,Ariana,Ariana,21.43,3.4773,high,large,2
Appartements,2,1,125.0,1500.0,Ariana,La Soukra,12.0,3.1764,medium,large,1
Maisons et Villas,3,1,210.0,2200.0,Ariana,Jardins D'el Menzah,10.48,3.3426,high,extra_large,2
Appartements,3,1,70.0,450.0,Ariana,Autres villes,6.43,2.6542,low,medium,1
Appartements,2,1,95.0,750.0,Ariana,Autres villes,7.89,2.8756,medium,medium,1
Appartements,1,1,95.0,1350.0,Ariana,La Soukra,14.21,3.1307,medium,medium,1
Appartements,1,1,105.0,1100.0,Ariana,La Soukra,10.48,3.0418,medium,large,1
Appartements,3,1,100.0,550.0,Ariana,Borj Louzir,5.5,2.7412,low,medium,1
Appartements,1,1,95.0,1000.0,Ariana,La Soukra,10.53,3.0004,medium,medium,1
Appartements,3,1,100.0,600.0,Ariana,Borj Louzir,6.0,2.7789,low,medium,1
Bureaux et Plateaux,1,1,35.0,800.0,Ariana,Autres villes,22.86,2.9036,medium,small,1
Appartements,1,1,70.0,600.0,Ariana,Ghazela,8.57,2.7789,low,medium,1
Bureaux et Plateaux,4,2,170.0,2000.0,Ariana,Autres villes,11.76,3.3012,high,large,1
Bureaux et Plateaux,1,1,150.0,1000.0,Ariana,Autres villes,6.67,3.0004,medium,large,1
Bureaux et Plateaux,1,1,400.0,2000.0,Ariana,Autres villes,5.0,3.3012,high,extra_large,1
Maisons et Villas,4,2,160.0,1650.0,Ariana,Ariana,10.31,3.2177,high,large,2
Bureaux et Plateaux,4,1,160.0,1000.0,Ariana,Autres villes,6.25,3.0004,medium,large,1
Appartements,2,1,120.0,1200.0,Ariana,Ennasr,10.0,3.0795,medium,large,1
Appartements,1,1,70.0,700.0,Ariana,Jardins D'el Menzah,10.0,2.8457,low,medium,1
Appartements,2,1,150.0,350.0,Ariana,Borj Louzir,2.33,2.5453,low,large,1
Maisons et Villas,3,2,150.0,800.0,Ariana,Jardins D'el Menzah,5.33,2.9036,medium,large,2
Appartements,2,1,75.0,700.0,Ariana,Ennasr,9.33,2.8457,low,medium,1
Locations de vacances,2,1,65.0,100.0,Ariana,Autres villes,1.54,2.0043,very_low,medium,2
Appartements,2,1,70.0,1380.0,Ariana,Ennasr,19.71,3.1402,medium,medium,1
Appartements,3,1,100.0,750.0,Ariana,La Soukra,7.5,2.8756,medium,medium,1
Appartements,1,1,70.0,900.0,Ariana,La Soukra,12.86,2.9547,medium,medium,1
Appartements,4,1,100.0,600.0,Ariana,Jardins D'el Menzah,6.0,2.7789,low,medium,1
Appartements,2,1,90.0,780.0,Ariana,La Soukra,8.67,2.8927,medium,medium,1
"Magasins, Commerces et Locaux industriels",5,2,730.0,800.0,Ariana,Ettadhamen,1.1,2.9036,medium,extra_large,2
Bureaux et Plateaux,2,1,60.0,750.0,Ariana,Ariana Ville,12.5,2.8756,medium,medium,1
Appartements,2,1,102.0,780.0,Ariana,La Soukra,7.65,2.8927,medium,large,1
Locations de vacances,1,1,100.0,70.0,Ariana,Jardins D'el Menzah,0.7,1.8513,very_low,medium,2
Colocations,2,1,100.0,350.0,Ariana,Autres villes,3.5,2.5453,low,medium,1
Bureaux et Plateaux,3,1,60.0,700.0,Ariana,Ariana Ville,11.67,2.8457,low,medium,1
Appartements,2,1,80.0,500.0,Ariana,Borj Louzir,6.25,2.6998,low,medium,1
Appartements,3,2,100.0,120.0,Ariana,Ennasr,1.2,2.0828,very_low,medium,1
Maisons et Villas,3,2,140.0,900.0,Ariana,La Soukra,6.43,2.9547,medium,large,2
Appartements,2,1,150.0,680.0,Ariana,Autres villes,4.53,2.8331,low,large,1
Maisons et Villas,2,1,120.0,150.0,Ariana,La Soukra,1.25,2.179,very_low,large,2
Appartements,4,1,120.0,850.0,Ariana,Autres villes,7.08,2.9299,medium,large,1
Appartements,2,1,70.0,450.0,Ariana,Borj Louzir,6.43,2.6542,low,medium,1
Appartements,2,1,110.0,840.0,Ariana,Ghazela,7.64,2.9248,medium,large,1
Locations de vacances,1,1,60.0,700.0,Ariana,La Soukra,11.67,2.8457,low,medium,2
Bureaux et Plateaux,2,1,110.0,950.0,Ariana,Ennasr,8.64,2.9782,medium,large,1
Maisons et Villas,3,1,100.0,300.0,Ariana,Autres villes,3.0,2.4786,very_low,medium,2
Appartements,3,2,125.0,850.0,Ariana,Autres villes,6.8,2.9299,medium,large,1
Appartements,3,1,100.0,170.0,Ariana,Borj Louzir,1.7,2.233,very_low,medium,1
Appartements,3,1,120.0,650.0,Ariana,Autres villes,5.42,2.8136,low,large,1
Appartements,3,2,150.0,950.0,Ariana,La Soukra,6.33,2.9782,medium,large,1
Maisons et Villas,4,2,150.0,700.0,Ariana,Autres villes,4.67,2.8457,low,large,2
Maisons et Villas,5,2,400.0,3000.0,Ariana,La Soukra,7.5,3.4773,high,extra_large,2
Maisons et Villas,4,3,200.0,3000.0,Ariana,La Soukra,15.0,3.4773,high,large,2
"Magasins, Commerces et Locaux industriels",1,1,150.0,1050.0,Ariana,La Soukra,7.0,3.0216,medium,large,2
"Magasins, Commerces et Locaux industriels",1,1,52.0,2500.0,Ariana,Ariana,48.08,3.3981,high,medium,2
"Magasins, Commerces et Locaux industriels",1,1,40.0,2000.0,Ariana,La Soukra,50.0,3.3012,high,small,2
Maisons et Villas,3,1,400.0,168.0,Ariana,Borj Louzir,0.42,2.2279,very_low,extra_large,2
"Magasins, Commerces et Locaux industriels",1,1,220.0,150.0,Ariana,Ennasr,0.68,2.179,very_low,extra_large,2
Bureaux et Plateaux,5,1,148.0,1450.0,Ariana,Ariana Ville,9.8,3.1617,medium,large,1
Appartements,3,1,120.0,600.0,Ariana,Jardins D'el Menzah,5.0,2.7789,low,large,1
Appartements,2,1,100.0,450.0,Ariana,Borj Louzir,4.5,2.6542,low,medium,1
Appartements,3,1,120.0,750.0,Ariana,Jardins D'el Menzah,6.25,2.8756,medium,large,1
Appartements,2,1,100.0,1100.0,Ariana,Ennasr,11.0,3.0418,medium,medium,1
Appartements,3,2,150.0,1550.0,Ariana,Ennasr,10.33,3.1906,high,large,1
Appartements,2,1,100.0,1200.0,Ariana,La Soukra,12.0,3.0795,medium,medium,1
Bureaux et Plateaux,7,3,290.0,2500.0,Ariana,Ennasr,8.62,3.3981,high,extra_large,1
"Magasins, Commerces et Locaux industriels",2,1,120.0,1500.0,Ariana,La Soukra,12.5,3.1764,medium,large,2
Appartements,2,1,80.0,600.0,Ariana,Borj Louzir,7.5,2.7789,low,medium,1
Bureaux et Plateaux,4,1,155.0,1500.0,Ariana,Ariana Ville,9.68,3.1764,medium,large,1
Maisons et Villas,3,1,145.0,800.0,Ariana,Borj Louzir,5.52,2.9036,medium,large,2
Appartements,2,1,60.0,1100.0,Ariana,Ennasr,18.33,3.0418,medium,medium,1
Appartements,1,1,60.0,650.0,Ariana,Ariana,10.83,2.8136,low,medium,1
"Magasins, Commerces et Locaux industriels",5,1,350.0,400.0,Ariana,Autres villes,1.14,2.6031,low,extra_large,2
Appartements,2,1,160.0,330.0,Ariana,Autres villes,2.06,2.5198,low,large,1
Maisons et Villas,2,2,100.0,1000.0,Ariana,Ennasr,10.0,3.0004,medium,medium,2
Bureaux et Plateaux,2,1,145.0,1250.0,Ariana,La Soukra,8.62,3.0973,medium,large,1
Appartements,3,1,130.0,1000.0,Ariana,La Soukra,7.69,3.0004,medium,large,1
"Magasins, Commerces et Locaux industriels",1,1,200.0,1200.0,Ariana,Ennasr,6.0,3.0795,medium,large,2
Appartements,1,1,40.0,450.0,Ariana,Ghazela,11.25,2.6542,low,small,1
Appartements,2,1,80.0,450.0,Ariana,Borj Louzir,5.62,2.6542,low,medium,1
Appartements,1,1,50.0,400.0,Ariana,Ghazela,8.0,2.6031,low,small,1
Colocations,2,1,300.0,150.0,Ariana,La Soukra,0.5,2.179,very_low,extra_large,2
Appartements,2,1,100.0,1000.0,Ariana,Jardins D'el Menzah,10.0,3.0004,medium,medium,1
"Magasins, Commerces et Locaux industriels",3,1,170.0,3000.0,Ariana,Autres villes,17.65,3.4773,high,large,2
Locations de vacances,1,1,60.0,70.0,Ariana,Autres villes,1.17,1.8513,very_low,medium,2
Appartements,1,1,70.0,70.0,Ariana,Autres villes,1.0,1.8513,very_low,medium,1
Maisons et Villas,2,1,100.0,380.0,Ariana,Autres villes,3.8,2.5809,low,medium,2
Appartements,2,1,90.0,420.0,Ariana,Raoued,4.67,2.6243,low,medium,1
Appartements,3,2,120.0,1200.0,Ariana,Autres villes,10.0,3.0795,medium,large,1
Maisons et Villas,7,4,290.0,2500.0,Ariana,Ennasr,8.62,3.3981,high,extra_large,2
Appartements,3,2,160.0,1480.0,Ariana,Ennasr,9.25,3.1706,medium,large,1
Appartements,2,1,130.0,500.0,Ariana,La Soukra,3.85,2.6998,low,large,1
Bureaux et Plateaux,4,2,100.0,1500.0,Ariana,Autres villes,15.0,3.1764,medium,medium,1
Appartements,2,1,100.0,350.0,Ariana,Borj Louzir,3.5,2.5453,low,medium,1
Maisons et Villas,7,3,300.0,2300.0,Ariana,Ennasr,7.67,3.3619,high,extra_large,2
Maisons et Villas,7,3,400.0,2300.0,Ariana,Ennasr,5.75,3.3619,high,extra_large,2
Appartements,1,1,50.0,70.0,Ariana,Ennasr,1.4,1.8513,very_low,small,1
Locations de vacances,1,1,60.0,70.0,Ariana,Ennasr,1.17,1.8513,very_low,medium,2
Appartements,2,1,70.0,360.0,Ariana,Borj Louzir,5.14,2.5575,low,medium,1
Locations de vacances,2,1,85.0,85.0,Ariana,La Soukra,1.0,1.9345,very_low,medium,2
Appartements,3,1,85.0,650.0,Ariana,La Soukra,7.65,2.8136,low,medium,1
Bureaux et Plateaux,2,1,100.0,850.0,Ariana,Ariana,8.5,2.9299,medium,medium,1
Maisons et Villas,2,1,100.0,850.0,Ariana,La Soukra,8.5,2.9299,medium,medium,2
Appartements,2,1,110.0,950.0,Ariana,Ariana Ville,8.64,2.9782,medium,large,1
Appartements,3,1,120.0,600.0,Ariana,Borj Louzir,5.0,2.7789,low,large,1
Locations de vacances,1,1,70.0,90.0,Ariana,Ennasr,1.29,1.959,very_low,medium,2
Appartements,3,1,100.0,550.0,Ariana,Ghazela,5.5,2.7412,low,medium,1
Appartements,3,2,116.0,1400.0,Ariana,La Soukra,12.07,3.1464,medium,large,1
Appartements,3,1,85.0,430.0,Ariana,Mnihla,5.06,2.6345,low,medium,1
Maisons et Villas,2,1,130.0,550.0,Ariana,Borj Louzir,4.23,2.7412,low,large,2
Maisons et Villas,3,2,260.0,1500.0,Ariana,Jardins D'el Menzah,5.77,3.1764,medium,extra_large,2
"Magasins, Commerces et Locaux industriels",2,2,200.0,1300.0,Ariana,Jardins D'el Menzah,6.5,3.1143,medium,large,2
Colocations,3,1,400.0,133.0,Ariana,Ariana Ville,0.33,2.1271,very_low,extra_large,2
Appartements,3,1,120.0,600.0,Ariana,Borj Louzir,5.0,2.7789,low,large,1
Appartements,3,3,116.0,1400.0,Ariana,La Soukra,12.07,3.1464,medium,large,1
Maisons et Villas,2,1,80.0,450.0,Ariana,Jardins D'el Menzah,5.62,2.6542,low,medium,2
Appartements,3,1,100.0,680.0,Ariana,Ghazela,6.8,2.8331,low,medium,1
"Magasins, Commerces et Locaux industriels",1,1,38.0,550.0,Ariana,Borj Louzir,14.47,2.7412,low,small,2
Maisons et Villas,2,1,80.0,400.0,Ariana,Ariana Ville,5.0,2.6031,low,medium,2
Maisons et Villas,3,1,80.0,280.0,Ariana,Autres villes,3.5,2.4487,very_low,medium,2
Locations de vacances,2,1,55.0,70.0,Ariana,Ariana Ville,1.27,1.8513,very_low,medium,2
Appartements,3,1,90.0,800.0,Ariana,Ariana,8.89,2.9036,medium,medium,1
Appartements,2,1,65.0,500.0,Ariana,Jardins D'el Menzah,7.69,2.6998,low,medium,1
Appartements,3,2,100.0,900.0,Ariana,Ennasr,9.0,2.9547,medium,medium,1
Appartements,2,1,100.0,750.0,Ariana,Ghazela,7.5,2.8756,medium,medium,1
Maisons et Villas,3,1,180.0,1200.0,Ariana,Ariana Ville,6.67,3.0795,medium,large,2
Appartements,3,2,130.0,600.0,Ariana,Mnihla,4.62,2.7789,low,large,1
"Magasins, Commerces et Locaux industriels",1,1,70.0,1300.0,Ariana,Mnihla,18.57,3.1143,medium,medium,2
Appartements,1,1,45.0,670.0,Ariana,La Soukra,14.89,2.8267,low,small,1
Bureaux et Plateaux,2,1,90.0,750.0,Ariana,Borj Louzir,8.33,2.8756,medium,medium,1
Bureaux et Plateaux,2,1,200.0,350.0,Ariana,Ennasr,1.75,2.5453,low,large,1
"Magasins, Commerces et Locaux industriels",1,1,150.0,1050.0,Ariana,La Soukra,7.0,3.0216,medium,large,2
Appartements,2,1,60.0,600.0,Ariana,Ariana Ville,10.0,2.7789,low,medium,1
Maisons et Villas,4,3,200.0,3000.0,Ariana,La Soukra,15.0,3.4773,high,large,2
Appartements,2,1,100.0,850.0,Ariana,La Soukra,8.5,2.9299,medium,medium,1
Appartements,3,3,180.0,2000.0,Ariana,La Soukra,11.11,3.3012,high,large,1
Appartements,1,1,40.0,320.0,Ariana,Borj Louzir,8.0,2.5065,low,small,1
"Magasins, Commerces et Locaux industriels",1,1,40.0,250.0,Ariana,Borj Louzir,6.25,2.3997,very_low,small,2
Appartements,2,1,100.0,950.0,Ariana,Ennasr,9.5,2.9782,medium,medium,1
Appartements,4,2,128.0,800.0,Ariana,Autres villes,6.25,2.9036,medium,large,1
Maisons et Villas,2,1,140.0,450.0,Ariana,Raoued,3.21,2.6542,low,large,2
Appartements,3,2,150.0,1350.0,Ariana,La Soukra,9.0,3.1307,medium,large,1
Appartements,1,1,70.0,80.0,Ariana,Ennasr,1.14,1.9085,very_low,medium,1
Appartements,1,1,65.0,80.0,Ariana,Ennasr,1.23,1.9085,very_low,medium,1
Bureaux et Plateaux,3,1,140.0,1000.0,Ariana,Autres villes,7.14,3.0004,medium,large,1
Appartements,2,1,120.0,850.0,Ariana,Ariana Ville,7.08,2.9299,medium,large,1
Bureaux et Plateaux,2,1,93.0,700.0,Ariana,Borj Louzir,7.53,2.8457,low,medium,1
Appartements,1,1,35.0,1100.0,Ariana,La Soukra,31.43,3.0418,medium,small,1
Maisons et Villas,4,1,180.0,550.0,Ariana,Jardins D'el Menzah,3.06,2.7412,low,large,2
Appartements,1,1,70.0,180.0,Ariana,Ghazela,2.57,2.2577,very_low,medium,1
Appartements,1,1,70.0,1100.0,Ariana,Jardins D'el Menzah,15.71,3.0418,medium,medium,1
Maisons et Villas,4,1,170.0,600.0,Ariana,La Soukra,3.53,2.7789,low,large,2
Maisons et Villas,3,1,200.0,250.0,Ariana,Ariana,1.25,2.3997,very_low,large,2
Maisons et Villas,4,2,170.0,1500.0,Ariana,La Soukra,8.82,3.1764,medium,large,2
"Magasins, Commerces et Locaux industriels",1,1,40.0,2000.0,Ariana,La Soukra,50.0,3.3012,high,small,2
Maisons et Villas,5,3,400.0,3700.0,Ariana,La Soukra,9.25,3.5683,high,extra_large,2
Maisons et Villas,4,3,350.0,3500.0,Ariana,La Soukra,10.0,3.5442,high,extra_large,2
Appartements,2,1,150.0,270.0,Ariana,Mnihla,1.8,2.433,very_low,large,1
Maisons et Villas,5,2,400.0,3000.0,Ariana,La Soukra,7.5,3.4773,high,extra_large,2
Maisons et Villas,4,2,240.0,1700.0,Ariana,La Soukra,7.08,3.2307,high,extra_large,2
Appartements,3,2,150.0,1300.0,Ariana,La Soukra,8.67,3.1143,medium,large,1
Appartements,4,3,203.0,1500.0,Ariana,La Soukra,7.39,3.1764,medium,extra_large,1
Appartements,2,1,80.0,470.0,Ariana,Ghazela,5.88,2.673,low,medium,1
Appartements,2,1,80.0,1000.0,Ariana,La Soukra,12.5,3.0004,medium,medium,1
Appartements,4,3,100.0,1500.0,Ariana,Ennasr,15.0,3.1764,medium,medium,1
Locations de vacances,3,1,85.0,50.0,Ariana,Ariana,0.59,1.7076,very_low,medium,2
Bureaux et Plateaux,2,1,93.0,700.0,Ariana,La Soukra,7.53,2.8457,low,medium,1
Locations de vacances,2,1,70.0,50.0,Ariana,Ariana,0.71,1.7076,very_low,medium,2
Appartements,1,1,80.0,90.0,Ariana,Ennasr,1.12,1.959,very_low,medium,1
Maisons et Villas,4,1,120.0,1000.0,Ariana,Ghazela,8.33,3.0004,medium,large,2
Appartements,2,1,100.0,1800.0,Ariana,La Soukra,18.0,3.2555,high,medium,1
Appartements,2,2,130.0,1150.0,Ariana,Jardins D'el Menzah,8.85,3.0611,medium,large,1
Appartements,3,2,140.0,1235.0,Ariana,Jardins D'el Menzah,8.82,3.092,medium,large,1
Appartements,2,1,110.0,1400.0,Ariana,La Soukra,12.73,3.1464,medium,large,1
"Magasins, Commerces et Locaux industriels",1,1,250.0,1500.0,Ariana,La Soukra,6.0,3.1764,medium,extra_large,2
Bureaux et Plateaux,5,2,180.0,2000.0,Ariana,Ariana Ville,11.11,3.3012,high,large,1
Appartements,1,1,70.0,550.0,Ariana,Ennasr,7.86,2.7412,low,medium,1
Maisons et Villas,4,2,363.0,650.0,Ariana,Raoued,1.79,2.8136,low,extra_large,2
Maisons et Villas,2,1,150.0,850.0,Ariana,Jardins D'el Menzah,5.67,2.9299,medium,large,2
"Magasins, Commerces et Locaux industriels",2,1,220.0,1400.0,Ariana,Chotrana,6.36,3.1464,medium,extra_large,2
Appartements,2,1,80.0,650.0,Ariana,La Soukra,8.12,2.8136,low,medium,1
Appartements,3,1,200.0,580.0,Ariana,Ariana,2.9,2.7642,low,large,1
Bureaux et Plateaux,3,1,180.0,1500.0,Ariana,Ariana Ville,8.33,3.1764,medium,large,1
Appartements,2,1,110.0,750.0,Ariana,Ariana Ville,6.82,2.8756,medium,large,1
Appartements,2,1,50.0,550.0,Ariana,La Soukra,11.0,2.7412,low,small,1
Maisons et Villas,3,2,200.0,1500.0,Ariana,Raoued,7.5,3.1764,medium,large,2
Maisons et Villas,3,2,240.0,1000.0,Ariana,Autres villes,4.17,3.0004,medium,extra_large,2
"Magasins, Commerces et Locaux industriels",1,1,45.0,950.0,Ariana,Ariana,21.11,2.9782,medium,small,2
Appartements,1,1,65.0,75.0,Ariana,Ennasr,1.15,1.8808,very_low,medium,1
Maisons et Villas,2,1,300.0,500.0,Ariana,Borj Louzir,1.67,2.6998,low,extra_large,2
"Magasins, Commerces et Locaux industriels",1,1,105.0,1100.0,Ariana,Jardins D'el Menzah,10.48,3.0418,medium,large,2
Appartements,2,1,80.0,470.0,Ariana,Ghazela,5.88,2.673,low,medium,1
Maisons et Villas,2,1,100.0,350.0,Ariana,Mnihla,3.5,2.5453,low,medium,2
Appartements,3,3,140.0,1500.0,Ariana,La Soukra,10.71,3.1764,medium,large,1
Appartements,3,2,110.0,1060.0,Ariana,La Soukra,9.64,3.0257,medium,large,1
Maisons et Villas,3,1,120.0,350.0,Ariana,Borj Louzir,2.92,2.5453,low,large,2
Appartements,1,1,60.0,1200.0,Ariana,Jardins D'el Menzah,20.0,3.0795,medium,medium,1
Appartements,2,1,110.0,950.0,Ariana,Ariana Ville,8.64,2.9782,medium,large,1
Appartements,1,1,56.0,900.0,Ariana,Ghazela,16.07,2.9547,medium,medium,1
Bureaux et Plateaux,1,2,423.0,3525.0,Ariana,Autres villes,8.33,3.5473,high,extra_large,1
Appartements,3,1,170.0,1100.0,Ariana,Ennasr,6.47,3.0418,medium,large,1
Bureaux et Plateaux,9,5,350.0,3750.0,Ariana,Autres villes,10.71,3.5741,high,extra_large,1
Appartements,1,1,52.0,600.0,Ariana,Jardins D'el Menzah,11.54,2.7789,low,medium,1
Appartements,2,1,105.0,840.0,Ariana,Ariana,8.0,2.9248,medium,large,1
Appartements,3,2,160.0,1480.0,Ariana,Ennasr,9.25,3.1706,medium,large,1
Maisons et Villas,3,1,100.0,350.0,Ariana,Borj Louzir,3.5,2.5453,low,medium,2
Appartements,2,1,100.0,520.0,Ariana,Autres villes,5.2,2.7168,low,medium,1
Appartements,1,1,90.0,350.0,Ariana,La Soukra,3.89,2.5453,low,medium,1
Maisons et Villas,5,2,500.0,800.0,Ariana,Ghazela,1.6,2.9036,medium,extra_large,2
Appartements,3,1,110.0,750.0,Ariana,Autres villes,6.82,2.8756,medium,large,1
Appartements,2,1,80.0,450.0,Ariana,Borj Louzir,5.62,2.6542,low,medium,1
Maisons et Villas,3,1,540.0,500.0,Ariana,Raoued,0.93,2.6998,low,extra_large,2
Appartements,2,1,90.0,600.0,Ariana,Borj Louzir,6.67,2.7789,low,medium,1
Appartements,2,1,90.0,570.0,Ariana,Autres villes,6.33,2.7566,low,medium,1
Appartements,4,1,100.0,750.0,Ariana,Autres villes,7.5,2.8756,medium,medium,1
Appartements,2,1,40.0,600.0,Ariana,Autres villes,15.0,2.7789,low,small,1
Appartements,3,1,105.0,840.0,Ariana,Ariana,8.0,2.9248,medium,large,1
Appartements,2,1,80.0,470.0,Ariana,Autres villes,5.88,2.673,low,medium,1
Appartements,2,1,70.0,300.0,Ariana,Autres villes,4.29,2.4786,very_low,medium,1
Appartements,3,1,100.0,250.0,Ariana,Borj Louzir,2.5,2.3997,very_low,medium,1
Appartements,3,3,116.0,1500.0,Ariana,La Soukra,12.93,3.1764,medium,large,1
Maisons et Villas,3,1,150.0,480.0,Ariana,Autres villes,3.2,2.6821,low,large,2
Appartements,2,1,65.0,90.0,Ariana,Autres villes,1.38,1.959,very_low,medium,1
Appartements,4,3,138.0,1100.0,Ariana,Autres villes,7.97,3.0418,medium,large,1
Appartements,2,1,66.0,650.0,Ariana,Mnihla,9.85,2.8136,low,medium,1
Maisons et Villas,3,2,100.0,550.0,Ariana,Borj Louzir,5.5,2.7412,low,medium,2
Locations de vacances,2,1,70.0,60.0,Ariana,Autres villes,0.86,1.7853,very_low,medium,2
Maisons et Villas,2,1,120.0,1650.0,Ariana,Ennasr,13.75,3.2177,high,large,2
Bureaux et Plateaux,8,4,800.0,2500.0,Ariana,Ariana Ville,3.12,3.3981,high,extra_large,1
Appartements,3,1,72.0,380.0,Ariana,Borj Louzir,5.28,2.5809,low,medium,1
Appartements,2,1,80.0,450.0,Ariana,Borj Louzir,5.62,2.6542,low,medium,1
Appartements,1,1,70.0,1100.0,Ariana,Ennasr,15.71,3.0418,medium,medium,1
Bureaux et Plateaux,2,1,150.0,1250.0,Ariana,Ennasr,8.33,3.0973,medium,large,1
Locations de vacances,2,1,80.0,85.0,Ariana,La Soukra,1.06,1.9345,very_low,medium,2
Appartements,2,2,115.0,1600.0,Ariana,Ennasr,13.91,3.2044,high,large,1
"Magasins, Commerces et Locaux industriels",1,1,50.0,450.0,Ariana,Ghazela,9.0,2.6542,low,small,2
"Magasins, Commerces et Locaux industriels",2,2,200.0,1200.0,Ariana,Ennasr,6.0,3.0795,medium,large,2
Appartements,3,1,95.0,560.0,Ariana,Chotrana,5.89,2.749,low,medium,1
Bureaux et Plateaux,3,1,100.0,680.0,Ariana,La Soukra,6.8,2.8331,low,medium,1
Appartements,3,1,95.0,275.0,Ariana,Autres villes,2.89,2.4409,very_low,medium,1
Appartements,2,1,85.0,600.0,Ariana,Chotrana,7.06,2.7789,low,medium,1
Maisons et Villas,2,1,140.0,700.0,Ariana,Ghazela,5.0,2.8457,low,large,2
Appartements,3,1,130.0,900.0,Ariana,Ariana Ville,6.92,2.9547,medium,large,1
Bureaux et Plateaux,2,1,30.0,400.0,Ariana,La Soukra,13.33,2.6031,low,small,1
Locations de vacances,2,1,70.0,70.0,Ariana,Autres villes,1.0,1.8513,very_low,medium,2
Appartements,3,2,160.0,1100.0,Ariana,Ennasr,6.88,3.0418,medium,large,1
Appartements,3,2,110.0,900.0,Ariana,Ghazela,8.18,2.9547,medium,large,1
Appartements,2,1,110.0,840.0,Ariana,Ghazela,7.64,2.9248,medium,large,1
Appartements,4,1,140.0,1250.0,Ariana,La Soukra,8.93,3.0973,medium,large,1
Appartements,2,1,111.0,180.0,Ariana,Borj Louzir,1.62,2.2577,very_low,large,1
Appartements,3,1,80.0,1100.0,Ariana,Ennasr,13.75,3.0418,medium,medium,1
Appartements,3,2,90.0,750.0,Ariana,La Soukra,8.33,2.8756,medium,medium,1
Appartements,2,1,58.0,720.0,Ariana,Autres villes,12.41,2.8579,medium,medium,1
Locations de vacances,2,1,70.0,50.0,Ariana,Autres villes,0.71,1.7076,very_low,medium,2
Appartements,2,1,75.0,340.0,Ariana,Borj Louzir,4.53,2.5328,low,medium,1
"Magasins, Commerces et Locaux industriels",4,1,400.0,2000.0,Ariana,Ariana,5.0,3.3012,high,extra_large,2
Maisons et Villas,2,1,80.0,80.0,Ariana,Autres villes,1.0,1.9085,very_low,medium,2
Appartements,2,1,60.0,1100.0,Ariana,Ennasr,18.33,3.0418,medium,medium,1
Appartements,3,1,100.0,90.0,Ariana,Autres villes,0.9,1.959,very_low,medium,1
Appartements,2,2,120.0,1650.0,Ariana,Ennasr,13.75,3.2177,high,large,1
Bureaux et Plateaux,2,1,120.0,1200.0,Ariana,Ennasr,10.0,3.0795,medium,large,1
Appartements,3,2,300.0,1250.0,Ariana,La Soukra,4.17,3.0973,medium,extra_large,1
Appartements,2,1,55.0,750.0,Ariana,La Soukra,13.64,2.8756,medium,medium,1
Appartements,1,1,30.0,350.0,Ariana,Autres villes,11.67,2.5453,low,small,1
Appartements,2,1,70.0,90.0,Ariana,Ennasr,1.29,1.959,very_low,medium,1
Appartements,2,1,100.0,110.0,Ariana,Ennasr,1.1,2.0453,very_low,medium,1
Appartements,3,1,75.0,900.0,Ariana,Ariana,12.0,2.9547,medium,medium,1
Maisons et Villas,5,1,140.0,700.0,Ariana,Raoued,5.0,2.8457,low,large,2
Locations de vacances,2,1,120.0,80.0,Ariana,La Soukra,0.67,1.9085,very_low,large,2
Appartements,2,1,70.0,60.0,Ariana,La Soukra,0.86,1.7853,very_low,medium,1
Appartements,2,1,90.0,90.0,Ariana,Autres villes,1.0,1.959,very_low,medium,1
Appartements,1,1,90.0,430.0,Ariana,La Soukra,4.78,2.6345,low,medium,1
Maisons et Villas,2,1,90.0,320.0,Ariana,Autres villes,3.56,2.5065,low,medium,2
Appartements,2,1,110.0,730.0,Ariana,Ghazela,6.64,2.8639,medium,large,1
Appartements,1,1,60.0,700.0,Ariana,Jardins D'el Menzah,11.67,2.8457,low,medium,1
Maisons et Villas,3,1,100.0,800.0,Ariana,Ariana,8.0,2.9036,medium,medium,2
Appartements,3,1,150.0,480.0,Ariana,Borj Louzir,3.2,2.6821,low,large,1
"Magasins, Commerces et Locaux industriels",1,1,50.0,1500.0,Ariana,Ghazela,30.0,3.1764,medium,small,2
Maisons et Villas,5,2,340.0,1800.0,Ariana,Ennasr,5.29,3.2555,high,extra_large,2
Appartements,2,1,105.0,1500.0,Ariana,Ennasr,14.29,3.1764,medium,large,1
Appartements,2,1,65.0,1100.0,Ariana,Autres villes,16.92,3.0418,medium,medium,1
Appartements,1,1,60.0,500.0,Ariana,Ariana Ville,8.33,2.6998,low,medium,1
Appartements,3,1,100.0,550.0,Ariana,Borj Louzir,5.5,2.7412,low,medium,1
Appartements,1,1,55.0,900.0,Ariana,Ennasr,16.36,2.9547,medium,medium,1
Appartements,1,2,70.0,1200.0,Ariana,Autres villes,17.14,3.0795,medium,medium,1
Appartements,2,1,75.0,850.0,Ariana,Jardins D'el Menzah,11.33,2.9299,medium,medium,1
"Magasins, Commerces et Locaux industriels",1,1,100.0,650.0,Ariana,Jardins D'el Menzah,6.5,2.8136,low,medium,2
"Magasins, Commerces et Locaux industriels",1,1,25.0,1500.0,Ariana,La Soukra,60.0,3.1764,medium,small,2
Appartements,2,2,120.0,1650.0,Ariana,Ennasr,13.75,3.2177,high,large,1
Bureaux et Plateaux,1,1,288.0,1200.0,Ariana,Autres villes,4.17,3.0795,medium,extra_large,1
Appartements,2,1,120.0,1200.0,Ariana,Ennasr,10.0,3.0795,medium,large,1
Appartements,3,1,100.0,520.0,Ariana,Raoued,5.2,2.7168,low,medium,1
Appartements,3,1,100.0,520.0,Ariana,Raoued,5.2,2.7168,low,medium,1
Appartements,2,1,97.0,600.0,Ariana,Ariana,6.19,2.7789,low,medium,1
Appartements,2,1,100.0,120.0,Ariana,Ennasr,1.2,2.0828,very_low,medium,1
Appartements,1,1,70.0,90.0,Ariana,Ennasr,1.29,1.959,very_low,medium,1
Appartements,2,1,120.0,800.0,Ariana,La Soukra,6.67,2.9036,medium,large,1
Appartements,1,1,100.0,100.0,Ariana,Ennasr,1.0,2.0043,very_low,medium,1
Maisons et Villas,4,3,240.0,1500.0,Ariana,Ghazela,6.25,3.1764,medium,extra_large,2
Locations de vacances,2,1,65.0,70.0,Ariana,Ariana Ville,1.08,1.8513,very_low,medium,2
Maisons et Villas,4,2,220.0,690.0,Ariana,Chotrana,3.14,2.8395,low,extra_large,2
Maisons et Villas,4,2,220.0,700.0,Ariana,Chotrana,3.18,2.8457,low,extra_large,2
"Magasins, Commerces et Locaux industriels",3,2,330.0,1500.0,Ariana,Autres villes,4.55,3.1764,medium,extra_large,2
Appartements,3,1,97.0,600.0,Ariana,Ariana Ville,6.19,2.7789,low,medium,1
Appartements,1,2,30.0,400.0,Ariana,Ennasr,13.33,2.6031,low,small,1
Locations de vacances,3,1,100.0,200.0,Ariana,La Soukra,2.0,2.3032,very_low,medium,2
Appartements,2,1,105.0,840.0,Ariana,Ariana,8.0,2.9248,medium,large,1
Maisons et Villas,3,1,120.0,250.0,Ariana,Raoued,2.08,2.3997,very_low,large,2
"Magasins, Commerces et Locaux industriels",1,1,50.0,600.0,Ariana,Raoued,12.0,2.7789,low,small,2
Appartements,2,1,110.0,550.0,Ariana,Ariana,5.0,2.7412,low,large,1
Appartements,2,1,90.0,90.0,Ariana,Autres villes,1.0,1.959,very_low,medium,1
Appartements,2,1,50.0,100.0,Ariana,Autres villes,2.0,2.0043,very_low,small,1
Appartements,3,2,190.0,1500.0,Ariana,La Soukra,7.89,3.1764,medium,large,1
Appartements,1,1,90.0,1050.0,Ariana,La Soukra,11.67,3.0216,medium,medium,1
Maisons et Villas,3,2,100.0,1000.0,Ariana,Ennasr,10.0,3.0004,medium,medium,2
Appartements,2,2,38.0,120.0,Ariana,Autres villes,3.16,2.0828,very_low,small,1
Appartements,3,1,130.0,850.0,Ariana,Ennasr,6.54,2.9299,medium,large,1
Maisons et Villas,2,2,100.0,550.0,Ariana,Autres villes,5.5,2.7412,low,medium,2
Appartements,3,1,140.0,1100.0,Ariana,La Soukra,7.86,3.0418,medium,large,1
Appartements,2,1,80.0,500.0,Ariana,Ghazela,6.25,2.6998,low,medium,1
Appartements,3,1,100.0,360.0,Ariana,Ghazela,3.6,2.5575,low,medium,1
Maisons et Villas,3,1,140.0,700.0,Ariana,La Soukra,5.0,2.8457,low,large,2
Appartements,2,1,90.0,850.0,Ariana,Ennasr,9.44,2.9299,medium,medium,1
Appartements,4,2,200.0,1500.0,Ariana,Ariana,7.5,3.1764,medium,large,1
Appartements,3,1,110.0,800.0,Ariana,Borj Louzir,7.27,2.9036,medium,large,1
Appartements,2,1,80.0,520.0,Ariana,Ariana,6.5,2.7168,low,medium,1
Appartements,1,1,60.0,70.0,Ariana,Autres villes,1.17,1.8513,very_low,medium,1
Appartements,3,2,110.0,100.0,Ariana,Autres villes,0.91,2.0043,very_low,large,1
Maisons et Villas,5,4,450.0,4000.0,Ariana,Autres villes,8.89,3.6022,high,extra_large,2
Appartements,3,1,80.0,680.0,Ariana,La Soukra,8.5,2.8331,low,medium,1
Appartements,3,1,80.0,700.0,Ariana,La Soukra,8.75,2.8457,low,medium,1
"Magasins, Commerces et Locaux industriels",1,0,20.0,400.0,Ariana,Ghazela,20.0,2.6031,low,small,2
"Magasins, Commerces et Locaux industriels",1,1,30.0,350.0,Ariana,Borj Louzir,11.67,2.5453,low,small,2
Appartements,3,1,200.0,1800.0,Ariana,Ennasr,9.0,3.2555,high,large,1
Appartements,3,2,230.0,800.0,Ariana,La Soukra,3.48,2.9036,medium,extra_large,1
Appartements,2,1,78.0,1050.0,Ariana,Ennasr,13.46,3.0216,medium,medium,1
Maisons et Villas,3,1,110.0,750.0,Ariana,La Soukra,6.82,2.8756,medium,large,2
Appartements,4,1,130.0,1500.0,Ariana,Ennasr,11.54,3.1764,medium,large,1
Appartements,1,1,78.0,1050.0,Ariana,Ennasr,13.46,3.0216,medium,medium,1
Maisons et Villas,3,1,80.0,500.0,Ariana,Ariana,6.25,2.6998,low,medium,2
Appartements,1,1,45.0,100.0,Ariana,Autres villes,2.22,2.0043,very_low,small,1
Appartements,2,1,100.0,150.0,Ariana,Autres villes,1.5,2.179,very_low,medium,1
Maisons et Villas,2,1,150.0,90.0,Ariana,Autres villes,0.6,1.959,very_low,large,2
Appartements,3,1,110.0,535.0,Ariana,Ghazela,4.86,2.7292,low,large,1
Appartements,3,1,120.0,350.0,Ariana,Chotrana,2.92,2.5453,low,large,1
Maisons et Villas,3,2,188.0,700.0,Ariana,Jardins D'el Menzah,3.72,2.8457,low,large,2
Bureaux et Plateaux,4,2,180.0,2000.0,Ariana,Ariana Ville,11.11,3.3012,high,large,1
"Magasins, Commerces et Locaux industriels",1,1,90.0,1200.0,Ariana,Ariana Ville,13.33,3.0795,medium,medium,2
Appartements,3,2,150.0,1000.0,Ariana,Chotrana,6.67,3.0004,medium,large,1
Appartements,3,1,92.0,530.0,Ariana,Raoued,5.76,2.7251,low,medium,1
Appartements,4,2,146.0,750.0,Ariana,Ariana,5.14,2.8756,medium,large,1
Appartements,1,1,70.0,1050.0,Ariana,Ennasr,15.0,3.0216,medium,medium,1
Bureaux et Plateaux,2,1,47.0,750.0,Ariana,Borj Louzir,15.96,2.8756,medium,small,1
Bureaux et Plateaux,3,2,54.0,1000.0,Ariana,Borj Louzir,18.52,3.0004,medium,medium,1
Appartements,4,3,165.0,2500.0,Ariana,Ennasr,15.15,3.3981,high,large,1
Appartements,1,1,80.0,1200.0,Ariana,La Soukra,15.0,3.0795,medium,medium,1
Appartements,3,2,180.0,1150.0,Ariana,Borj Louzir,6.39,3.0611,medium,large,1
Appartements,3,1,85.0,750.0,Ariana,La Soukra,8.82,2.8756,medium,medium,1
Appartements,3,3,180.0,2200.0,Ariana,La Soukra,12.22,3.3426,high,large,1
Appartements,3,1,85.0,600.0,Ariana,Autres villes,7.06,2.7789,low,medium,1
Appartements,3,2,170.0,1300.0,Ariana,Ariana,7.65,3.1143,medium,large,1
Appartements,2,1,70.0,350.0,Ariana,Ghazela,5.0,2.5453,low,medium,1
Appartements,4,2,180.0,1600.0,Ariana,Ennasr,8.89,3.2044,high,large,1
Appartements,3,1,150.0,900.0,Ariana,Ennasr,6.0,2.9547,medium,large,1
Appartements,1,1,58.0,750.0,Ariana,Ennasr,12.93,2.8756,medium,medium,1
Appartements,3,2,148.0,1480.0,Ariana,Ennasr,10.0,3.1706,medium,large,1
Maisons et Villas,1,1,70.0,325.0,Ariana,Autres villes,4.64,2.5132,low,medium,2
Appartements,2,1,80.0,1050.0,Ariana,Ennasr,13.12,3.0216,medium,medium,1
Appartements,3,1,90.0,900.0,Ariana,Ennasr,10.0,2.9547,medium,medium,1
Appartements,3,1,112.0,900.0,Ariana,Ennasr,8.04,2.9547,medium,large,1
Appartements,2,1,65.0,750.0,Ariana,Ennasr,11.54,2.8756,medium,medium,1
Maisons et Villas,3,1,600.0,168.0,Ariana,Borj Louzir,0.28,2.2279,very_low,extra_large,2
Appartements,2,1,60.0,750.0,Ariana,Ennasr,12.5,2.8756,medium,medium,1
Bureaux et Plateaux,2,1,50.0,700.0,Ariana,Ariana Ville,14.0,2.8457,low,small,1
Appartements,3,2,120.0,850.0,Ariana,Borj Louzir,7.08,2.9299,medium,large,1
Appartements,1,1,40.0,100.0,Ariana,Autres villes,2.5,2.0043,very_low,small,1
Maisons et Villas,2,2,130.0,700.0,Ariana,Jardins D'el Menzah,5.38,2.8457,low,large,2
Appartements,2,2,150.0,1800.0,Ariana,Ennasr,12.0,3.2555,high,large,1
Colocations,2,1,50.0,200.0,Ariana,Ariana Ville,4.0,2.3032,very_low,small,1
Bureaux et Plateaux,2,1,100.0,550.0,Ariana,Autres villes,5.5,2.7412,low,medium,1
Bureaux et Plateaux,1,1,80.0,450.0,Ariana,Autres villes,5.62,2.6542,low,medium,1
Appartements,2,1,75.0,550.0,Ariana,Autres villes,7.33,2.7412,low,medium,1
Maisons et Villas,8,4,300.0,4000.0,Ariana,La Soukra,13.33,3.6022,high,extra_large,2
Locations de vacances,2,1,65.0,60.0,Ariana,Autres villes,0.92,1.7853,very_low,medium,2
Appartements,3,1,160.0,850.0,Ariana,Ariana,5.31,2.9299,medium,large,1
Appartements,3,1,130.0,1000.0,Ariana,La Soukra,7.69,3.0004,medium,large,1
Appartements,1,1,50.0,350.0,Ariana,Ghazela,7.0,2.5453,low,small,1
Appartements,2,1,120.0,1200.0,Ariana,Ennasr,10.0,3.0795,medium,large,1
Appartements,1,1,30.0,70.0,Ariana,Ariana Ville,2.33,1.8513,very_low,small,1
Appartements,3,1,110.0,1200.0,Ariana,La Soukra,10.91,3.0795,medium,large,1
Maisons et Villas,2,2,115.0,1600.0,Ariana,Ennasr,13.91,3.2044,high,large,2
Maisons et Villas,2,1,100.0,350.0,Ariana,Mnihla,3.5,2.5453,low,medium,2
Appartements,2,1,110.0,1200.0,Ariana,Ennasr,10.91,3.0795,medium,large,1
Appartements,2,2,120.0,1200.0,Ariana,Ennasr,10.0,3.0795,medium,large,1
Appartements,2,1,90.0,600.0,Ariana,La Soukra,6.67,2.7789,low,medium,1
Maisons et Villas,4,1,140.0,700.0,Ariana,Ghazela,5.0,2.8457,low,large,2
Maisons et Villas,4,1,140.0,1200.0,Ariana,Ennasr,8.57,3.0795,medium,large,2
Appartements,2,1,110.0,2000.0,Ariana,Ennasr,18.18,3.3012,high,large,1
Appartements,2,1,140.0,550.0,Ariana,La Soukra,3.93,2.7412,low,large,1
Bureaux et Plateaux,2,1,100.0,1000.0,Ariana,Ariana Ville,10.0,3.0004,medium,medium,1
Bureaux et Plateaux,2,1,100.0,720.0,Ariana,La Soukra,7.2,2.8579,medium,medium,1
Appartements,3,1,75.0,450.0,Ariana,Ennasr,6.0,2.6542,low,medium,1
Locations de vacances,2,1,70.0,50.0,Ariana,Autres villes,0.71,1.7076,very_low,medium,2
Maisons et Villas,3,1,100.0,500.0,Ariana,Autres villes,5.0,2.6998,low,medium,2
Appartements,1,1,55.0,55.0,Ariana,Autres villes,1.0,1.7482,very_low,medium,1
Appartements,2,1,60.0,500.0,Ariana,Borj Louzir,8.33,2.6998,low,medium,1
Maisons et Villas,3,1,140.0,400.0,Ariana,Autres villes,2.86,2.6031,low,large,2
Maisons et Villas,3,1,105.0,400.0,Ariana,Raoued,3.81,2.6031,low,large,2
Appartements,2,1,101.0,700.0,Ariana,Autres villes,6.93,2.8457,low,large,1
"Magasins, Commerces et Locaux industriels",3,1,105.0,1100.0,Ariana,Jardins D'el Menzah,10.48,3.0418,medium,large,2
Maisons et Villas,4,2,180.0,800.0,Ariana,Autres villes,4.44,2.9036,medium,large,2
Appartements,3,3,250.0,3500.0,Ariana,Autres villes,14.0,3.5442,high,extra_large,1
"Magasins, Commerces et Locaux industriels",1,1,200.0,850.0,Ariana,Borj Louzir,4.25,2.9299,medium,large,2
Appartements,2,1,120.0,1200.0,Ariana,Ennasr,10.0,3.0795,medium,large,1
Maisons et Villas,3,1,100.0,540.0,Ariana,Jardins D'el Menzah,5.4,2.7332,low,medium,2
Appartements,2,2,120.0,1300.0,Ariana,Ennasr,10.83,3.1143,medium,large,1
Colocations,2,2,75.0,120.0,Ariana,Ariana Ville,1.6,2.0828,very_low,medium,1
Appartements,2,1,30.0,350.0,Ariana,Autres villes,11.67,2.5453,low,small,1
Appartements,3,2,130.0,790.0,Ariana,Borj Louzir,6.08,2.8982,medium,large,1
Appartements,1,1,80.0,990.0,Ariana,Ennasr,12.38,2.9961,medium,medium,1
Appartements,2,2,120.0,2000.0,Ariana,Ennasr,16.67,3.3012,high,large,1
Appartements,2,1,150.0,270.0,Ariana,Mnihla,1.8,2.433,very_low,large,1
Appartements,1,1,140.0,1150.0,Ariana,Jardins D'el Menzah,8.21,3.0611,medium,large,1
Bureaux et Plateaux,5,2,130.0,800.0,Ariana,Mnihla,6.15,2.9036,medium,large,1
Maisons et Villas,4,3,180.0,500.0,Ariana,Raoued,2.78,2.6998,low,large,2
Appartements,2,1,60.0,770.0,Ariana,La Soukra,12.83,2.8871,medium,medium,1
Appartements,2,1,148.0,800.0,Ariana,Chotrana,5.41,2.9036,medium,large,1
"Magasins, Commerces et Locaux industriels",1,1,70.0,350.0,Ariana,Autres villes,5.0,2.5453,low,medium,2
Appartements,2,2,80.0,1050.0,Ariana,Ennasr,13.12,3.0216,medium,medium,1
Appartements,1,1,94.0,750.0,Ariana,Ghazela,7.98,2.8756,medium,medium,1
Appartements,2,1,105.0,1500.0,Ariana,Ennasr,14.29,3.1764,medium,large,1
Appartements,2,1,70.0,1300.0,Ariana,Ennasr,18.57,3.1143,medium,medium,1
Appartements,3,2,170.0,900.0,Ariana,Autres villes,5.29,2.9547,medium,large,1
Appartements,2,1,112.0,850.0,Ariana,Jardins D'el Menzah,7.59,2.9299,medium,large,1
Appartements,3,1,112.0,850.0,Ariana,Jardins D'el Menzah,7.59,2.9299,medium,large,1
Appartements,3,1,120.0,800.0,Ariana,La Soukra,6.67,2.9036,medium,large,1
Appartements,2,1,100.0,450.0,Ariana,Borj Louzir,4.5,2.6542,low,medium,1
Maisons et Villas,3,1,100.0,600.0,Ariana,Ghazela,6.0,2.7789,low,medium,2
Appartements,2,1,100.0,450.0,Ariana,Borj Louzir,4.5,2.6542,low,medium,1
Appartements,2,1,70.0,1200.0,Ariana,Ennasr,17.14,3.0795,medium,medium,1
Maisons et Villas,4,2,220.0,1200.0,Ariana,Ennasr,5.45,3.0795,medium,extra_large,2
Locations de vacances,2,1,55.0,70.0,Ariana,Ariana Ville,1.27,1.8513,very_low,medium,2
Appartements,2,1,110.0,400.0,Ariana,Borj Louzir,3.64,2.6031,low,large,1
Maisons et Villas,2,1,300.0,300.0,Ariana,Autres villes,1.0,2.4786,very_low,extra_large,2
Appartements,1,2,70.0,1300.0,Ariana,Ennasr,18.57,3.1143,medium,medium,1
Appartements,2,1,95.0,800.0,Ariana,Ariana Ville,8.42,2.9036,medium,medium,1
Bureaux et Plateaux,4,2,180.0,200.0,Ariana,Autres villes,1.11,2.3032,very_low,large,1
Appartements,3,1,120.0,600.0,Ariana,Ariana,5.0,2.7789,low,large,1
Locations de vacances,4,1,120.0,120.0,Ariana,Ennasr,1.0,2.0828,very_low,large,2
Locations de vacances,4,1,100.0,180.0,Ariana,Ennasr,1.8,2.2577,very_low,medium,2
Maisons et Villas,3,1,100.0,400.0,Ariana,Autres villes,4.0,2.6031,low,medium,2
Appartements,2,1,125.0,750.0,Ariana,Jardins D'el Menzah,6.0,2.8756,medium,large,1
Appartements,1,1,80.0,400.0,Ariana,La Soukra,5.0,2.6031,low,medium,1
Appartements,3,1,90.0,800.0,Ariana,Ariana,8.89,2.9036,medium,medium,1
Appartements,4,1,110.0,550.0,Ariana,Autres villes,5.0,2.7412,low,large,1
Maisons et Villas,1,1,70.0,350.0,Ariana,Autres villes,5.0,2.5453,low,medium,2
Appartements,1,1,78.0,1050.0,Ariana,Ennasr,13.46,3.0216,medium,medium,1
Appartements,1,1,90.0,550.0,Ariana,Ghazela,6.11,2.7412,low,medium,1
Appartements,3,1,130.0,800.0,Ariana,Ennasr,6.15,2.9036,medium,large,1
Appartements,2,1,50.0,530.0,Ariana,Ariana Ville,10.6,2.7251,low,small,1
Appartements,3,1,130.0,800.0,Ariana,Ennasr,6.15,2.9036,medium,large,1
Bureaux et Plateaux,4,2,130.0,2300.0,Ariana,Ennasr,17.69,3.3619,high,large,1
Maisons et Villas,4,1,350.0,300.0,Ariana,Chotrana,0.86,2.4786,very_low,extra_large,2
Appartements,2,1,70.0,350.0,Ariana,Ghazela,5.0,2.5453,low,medium,1
Maisons et Villas,3,3,180.0,2200.0,Ariana,Ennasr,12.22,3.3426,high,large,2
"Magasins, Commerces et Locaux industriels",1,1,200.0,2000.0,Ariana,Autres villes,10.0,3.3012,high,large,2
Appartements,2,2,120.0,1200.0,Ariana,La Soukra,10.0,3.0795,medium,large,1
"Magasins, Commerces et Locaux industriels",1,1,136.0,900.0,Ariana,Ariana,6.62,2.9547,medium,large,2
Appartements,3,1,100.0,430.0,Ariana,Ghazela,4.3,2.6345,low,medium,1
Appartements,1,1,70.0,250.0,Béja,Béja Nord,3.57,2.3997,very_low,medium,1
Bureaux et Plateaux,2,1,70.0,300.0,Béja,Autres villes,4.29,2.4786,very_low,medium,1
Maisons et Villas,2,1,100.0,250.0,Béja,Téboursouk,2.5,2.3997,very_low,medium,2
Appartements,2,1,150.0,300.0,Béja,Autres villes,2.0,2.4786,very_low,large,1
Appartements,2,1,50.0,250.0,Béja,Béja Nord,5.0,2.3997,very_low,small,1
Appartements,3,1,100.0,270.0,Béja,Medjez el-Bab,2.7,2.433,very_low,medium,1
Maisons et Villas,3,1,75.0,400.0,Béja,Béja Sud,5.33,2.6031,low,medium,2
Appartements,3,1,100.0,500.0,Béja,Béja Nord,5.0,2.6998,low,medium,1
Locations de vacances,2,1,80.0,100.0,Béja,Autres villes,1.25,2.0043,very_low,medium,2
Appartements,2,1,100.0,270.0,Béja,Béja Sud,2.7,2.433,very_low,medium,1
Maisons et Villas,1,1,70.0,130.0,Béja,Testour,1.86,2.1173,very_low,medium,2
Maisons et Villas,1,1,70.0,130.0,Béja,Testour,1.86,2.1173,very_low,medium,2
Maisons et Villas,3,1,100.0,450.0,Ben arous,El Mourouj,4.5,2.6542,low,medium,2
Appartements,3,1,120.0,550.0,Ben arous,El Mourouj,4.58,2.7412,low,large,1
Appartements,3,1,90.0,680.0,Ben arous,Hammam Lif,7.56,2.8331,low,medium,1
Appartements,2,1,90.0,460.0,Ben arous,Autres villes,5.11,2.6637,low,medium,1
Maisons et Villas,3,2,82.0,600.0,Ben arous,El Mourouj,7.32,2.7789,low,medium,2
Appartements,2,1,76.0,450.0,Ben arous,El Mourouj,5.92,2.6542,low,medium,1
Maisons et Villas,3,1,160.0,750.0,Ben arous,Radès,4.69,2.8756,medium,large,2
Maisons et Villas,2,1,100.0,420.0,Ben arous,El Mourouj,4.2,2.6243,low,medium,2
Appartements,2,1,75.0,350.0,Ben arous,Autres villes,4.67,2.5453,low,medium,1
Maisons et Villas,5,2,200.0,750.0,Ben arous,Boumhel,3.75,2.8756,medium,large,2
Appartements,2,1,50.0,70.0,Ben arous,El Mourouj,1.4,1.8513,very_low,small,1
Appartements,2,1,100.0,80.0,Ben arous,El Mourouj,0.8,1.9085,very_low,medium,1
Appartements,4,2,115.0,550.0,Ben arous,El Mourouj,4.78,2.7412,low,large,1
"Magasins, Commerces et Locaux industriels",1,1,35.0,500.0,Ben arous,Radès,14.29,2.6998,low,small,2
Maisons et Villas,3,1,100.0,420.0,Ben arous,El Mourouj,4.2,2.6243,low,medium,2
Bureaux et Plateaux,8,4,220.0,1950.0,Ben arous,Fouchana,8.86,3.2903,high,extra_large,1
Maisons et Villas,3,1,150.0,550.0,Ben arous,Boumhel,3.67,2.7412,low,large,2
Maisons et Villas,5,2,500.0,900.0,Ben arous,Radès,1.8,2.9547,medium,extra_large,2
Maisons et Villas,3,1,100.0,500.0,Ben arous,Autres villes,5.0,2.6998,low,medium,2
Appartements,3,1,80.0,650.0,Ben arous,Hammam Chott,8.12,2.8136,low,medium,1
Appartements,1,1,100.0,420.0,Ben arous,Medina Jedida,4.2,2.6243,low,medium,1
Appartements,3,1,80.0,600.0,Ben arous,Hammam Chott,7.5,2.7789,low,medium,1
Appartements,1,1,60.0,300.0,Ben arous,Mégrine,5.0,2.4786,very_low,medium,1
Maisons et Villas,3,1,200.0,750.0,Ben arous,Boumhel,3.75,2.8756,medium,large,2
"Magasins, Commerces et Locaux industriels",1,1,300.0,2500.0,Ben arous,Ezzahra,8.33,3.3981,high,extra_large,2
Locations de vacances,2,1,100.0,600.0,Ben arous,Hammam Chott,6.0,2.7789,low,medium,2
Appartements,2,1,180.0,750.0,Ben arous,Radès,4.17,2.8756,medium,large,1
Appartements,3,2,150.0,800.0,Ben arous,Radès,5.33,2.9036,medium,large,1
Maisons et Villas,2,1,100.0,850.0,Ben arous,Ezzahra,8.5,2.9299,medium,medium,2
Maisons et Villas,3,2,150.0,75.0,Ben arous,Boumhel,0.5,1.8808,very_low,large,2
Maisons et Villas,5,2,300.0,1600.0,Ben arous,Boumhel,5.33,3.2044,high,extra_large,2
Maisons et Villas,3,2,200.0,1050.0,Ben arous,Ezzahra,5.25,3.0216,medium,large,2
Maisons et Villas,3,2,230.0,800.0,Ben arous,Boumhel,3.48,2.9036,medium,extra_large,2
Maisons et Villas,2,1,100.0,400.0,Ben arous,Autres villes,4.0,2.6031,low,medium,2
Bureaux et Plateaux,1,1,20.0,400.0,Ben arous,Autres villes,20.0,2.6031,low,small,1
Appartements,2,1,90.0,600.0,Ben arous,Radès,6.67,2.7789,low,medium,1
Maisons et Villas,3,2,100.0,1200.0,Ben arous,Ezzahra,12.0,3.0795,medium,medium,2
Maisons et Villas,3,1,150.0,140.0,Ben arous,Ezzahra,0.93,2.1492,very_low,large,2
Appartements,3,1,100.0,850.0,Ben arous,Boumhel,8.5,2.9299,medium,medium,1
Maisons et Villas,3,1,100.0,140.0,Ben arous,Ezzahra,1.4,2.1492,very_low,medium,2
Appartements,2,1,82.0,350.0,Ben arous,El Mourouj,4.27,2.5453,low,medium,1
Maisons et Villas,3,1,120.0,450.0,Ben arous,Fouchana,3.75,2.6542,low,large,2
Appartements,3,1,125.0,570.0,Ben arous,Autres villes,4.56,2.7566,low,large,1
Appartements,3,1,100.0,550.0,Ben arous,Hammam Chott,5.5,2.7412,low,medium,1
Appartements,1,1,50.0,350.0,Ben arous,El Mourouj,7.0,2.5453,low,small,1
Appartements,2,1,80.0,500.0,Ben arous,Radès,6.25,2.6998,low,medium,1
Maisons et Villas,3,2,180.0,650.0,Ben arous,Autres villes,3.61,2.8136,low,large,2
Appartements,2,1,55.0,550.0,Ben arous,Ezzahra,10.0,2.7412,low,medium,1
Appartements,3,1,100.0,600.0,Ben arous,Hammam Chott,6.0,2.7789,low,medium,1
Appartements,4,2,125.0,500.0,Ben arous,Boumhel,4.0,2.6998,low,large,1
Appartements,2,1,75.0,750.0,Ben arous,Ezzahra,10.0,2.8756,medium,medium,1
Appartements,3,1,100.0,550.0,Ben arous,Ezzahra,5.5,2.7412,low,medium,1
Appartements,3,1,110.0,550.0,Ben arous,El Mourouj,5.0,2.7412,low,large,1
Maisons et Villas,2,1,100.0,350.0,Ben arous,Ezzahra,3.5,2.5453,low,medium,2
"Magasins, Commerces et Locaux industriels",1,2,350.0,1100.0,Ben arous,Ezzahra,3.14,3.0418,medium,extra_large,2
Appartements,4,2,130.0,650.0,Ben arous,Boumhel,5.0,2.8136,low,large,1
"Magasins, Commerces et Locaux industriels",1,1,200.0,1500.0,Ben arous,Ezzahra,7.5,3.1764,medium,large,2
Maisons et Villas,4,2,150.0,750.0,Ben arous,Boumhel,5.0,2.8756,medium,large,2
Maisons et Villas,3,1,250.0,700.0,Ben arous,Boumhel,2.8,2.8457,low,extra_large,2
Maisons et Villas,4,2,130.0,800.0,Ben arous,Boumhel,6.15,2.9036,medium,large,2
Appartements,4,2,130.0,600.0,Ben arous,Boumhel,4.62,2.7789,low,large,1
Appartements,3,1,85.0,380.0,Ben arous,Boumhel,4.47,2.5809,low,medium,1
"Magasins, Commerces et Locaux industriels",1,1,205.0,3200.0,Ben arous,Ezzahra,15.61,3.5053,high,extra_large,2
Appartements,3,1,100.0,100.0,Ben arous,Boumhel,1.0,2.0043,very_low,medium,1
Maisons et Villas,3,1,85.0,90.0,Ben arous,Boumhel,1.06,1.959,very_low,medium,2
Appartements,3,1,80.0,60.0,Ben arous,El Mourouj,0.75,1.7853,very_low,medium,1
Maisons et Villas,2,1,75.0,200.0,Ben arous,Boumhel,2.67,2.3032,very_low,medium,2
Appartements,2,1,80.0,450.0,Ben arous,Boumhel,5.62,2.6542,low,medium,1
Maisons et Villas,3,1,220.0,1500.0,Ben arous,Boumhel,6.82,3.1764,medium,extra_large,2
Maisons et Villas,3,1,150.0,700.0,Ben arous,Boumhel,4.67,2.8457,low,large,2
Maisons et Villas,3,1,150.0,600.0,Ben arous,Boumhel,4.0,2.7789,low,large,2
"Magasins, Commerces et Locaux industriels",1,1,120.0,850.0,Ben arous,Boumhel,7.08,2.9299,medium,large,2
Appartements,2,2,120.0,1000.0,Ben arous,Ben arous,8.33,3.0004,medium,large,1
Maisons et Villas,4,2,150.0,700.0,Ben arous,Boumhel,4.67,2.8457,low,large,2
"Magasins, Commerces et Locaux industriels",1,1,125.0,1600.0,Ben arous,Boumhel,12.8,3.2044,high,large,2
"Magasins, Commerces et Locaux industriels",1,1,30.0,500.0,Ben arous,Boumhel,16.67,2.6998,low,small,2
Appartements,4,1,130.0,650.0,Ben arous,Boumhel,5.0,2.8136,low,large,1
Maisons et Villas,3,1,120.0,650.0,Ben arous,Boumhel,5.42,2.8136,low,large,2
Maisons et Villas,4,2,140.0,700.0,Ben arous,Boumhel,5.0,2.8457,low,large,2
Maisons et Villas,5,1,180.0,750.0,Ben arous,Ezzahra,4.17,2.8756,medium,large,2
Maisons et Villas,4,2,150.0,770.0,Ben arous,Boumhel,5.13,2.8871,medium,large,2
Maisons et Villas,3,1,120.0,450.0,Ben arous,Boumhel,3.75,2.6542,low,large,2
Maisons et Villas,3,1,120.0,550.0,Ben arous,Ezzahra,4.58,2.7412,low,large,2
Maisons et Villas,3,1,85.0,1100.0,Ben arous,Ezzahra,12.94,3.0418,medium,medium,2
Appartements,3,1,125.0,500.0,Ben arous,El Mourouj,4.0,2.6998,low,large,1
Appartements,3,1,105.0,550.0,Ben arous,Boumhel,5.24,2.7412,low,large,1
"Magasins, Commerces et Locaux industriels",1,1,100.0,1000.0,Ben arous,Boumhel,10.0,3.0004,medium,medium,2
Appartements,3,1,80.0,70.0,Ben arous,El Mourouj,0.88,1.8513,very_low,medium,1
Appartements,4,2,140.0,700.0,Ben arous,Boumhel,5.0,2.8457,low,large,1
"Magasins, Commerces et Locaux industriels",1,2,350.0,1000.0,Ben arous,Ezzahra,2.86,3.0004,medium,extra_large,2
Appartements,3,1,100.0,1200.0,Ben arous,Ezzahra,12.0,3.0795,medium,medium,1
Appartements,3,1,80.0,60.0,Ben arous,El Mourouj,0.75,1.7853,very_low,medium,1
Maisons et Villas,4,2,140.0,700.0,Ben arous,Ezzahra,5.0,2.8457,low,large,2
Locations de vacances,1,1,80.0,1500.0,Ben arous,Ezzahra,18.75,3.1764,medium,medium,2
Appartements,3,1,78.0,650.0,Ben arous,Ezzahra,8.33,2.8136,low,medium,1
Appartements,3,1,130.0,900.0,Ben arous,Ezzahra,6.92,2.9547,medium,large,1
Maisons et Villas,3,1,75.0,400.0,Ben arous,Boumhel,5.33,2.6031,low,medium,2
Maisons et Villas,2,2,120.0,80.0,Ben arous,Ezzahra,0.67,1.9085,very_low,large,2
Appartements,2,2,120.0,70.0,Ben arous,Hammam Chott,0.58,1.8513,very_low,large,1
Maisons et Villas,4,1,150.0,650.0,Ben arous,El Mourouj,4.33,2.8136,low,large,2
Maisons et Villas,5,1,200.0,780.0,Ben arous,Ezzahra,3.9,2.8927,medium,large,2
"Magasins, Commerces et Locaux industriels",2,1,60.0,750.0,Ben arous,Medina Jedida,12.5,2.8756,medium,medium,2
Appartements,1,1,95.0,350.0,Ben arous,Ezzahra,3.68,2.5453,low,medium,1
"Magasins, Commerces et Locaux industriels",1,1,55.0,850.0,Ben arous,Ezzahra,15.45,2.9299,medium,medium,2
"Magasins, Commerces et Locaux industriels",1,1,300.0,2300.0,Ben arous,Boumhel,7.67,3.3619,high,extra_large,2
Maisons et Villas,4,2,170.0,750.0,Ben arous,Boumhel,4.41,2.8756,medium,large,2
Maisons et Villas,3,2,175.0,800.0,Ben arous,Boumhel,4.57,2.9036,medium,large,2
Maisons et Villas,3,2,1600.0,2100.0,Ben arous,Mornag,1.31,3.3224,high,extra_large,2
Appartements,3,1,100.0,900.0,Ben arous,Ezzahra,9.0,2.9547,medium,medium,1
Appartements,2,1,100.0,250.0,Ben arous,Radès,2.5,2.3997,very_low,medium,1
Appartements,2,1,66.0,350.0,Ben arous,El Mourouj,5.3,2.5453,low,medium,1
Maisons et Villas,5,3,1600.0,2100.0,Ben arous,Mornag,1.31,3.3224,high,extra_large,2
Appartements,1,1,70.0,350.0,Ben arous,Ezzahra,5.0,2.5453,low,medium,1
Maisons et Villas,2,1,100.0,350.0,Ben arous,El Mourouj,3.5,2.5453,low,medium,2
Appartements,3,1,98.0,450.0,Ben arous,El Mourouj,4.59,2.6542,low,medium,1
Appartements,2,1,80.0,500.0,Ben arous,Radès,6.25,2.6998,low,medium,1
"Magasins, Commerces et Locaux industriels",1,1,42.0,450.0,Ben arous,Ezzahra,10.71,2.6542,low,small,2
Appartements,3,1,100.0,550.0,Ben arous,Ezzahra,5.5,2.7412,low,medium,1
Maisons et Villas,3,1,100.0,650.0,Ben arous,Boumhel,6.5,2.8136,low,medium,2
Bureaux et Plateaux,3,1,70.0,750.0,Ben arous,El Mourouj,10.71,2.8756,medium,medium,1
Maisons et Villas,3,1,100.0,350.0,Ben arous,Autres villes,3.5,2.5453,low,medium,2
Appartements,2,1,100.0,550.0,Ben arous,Boumhel,5.5,2.7412,low,medium,1
Appartements,2,1,50.0,80.0,Ben arous,El Mourouj,1.6,1.9085,very_low,small,1
Maisons et Villas,4,2,130.0,800.0,Ben arous,Boumhel,6.15,2.9036,medium,large,2
Maisons et Villas,4,2,150.0,800.0,Ben arous,Boumhel,5.33,2.9036,medium,large,2
Maisons et Villas,3,2,120.0,800.0,Ben arous,Boumhel,6.67,2.9036,medium,large,2
Maisons et Villas,2,1,200.0,800.0,Ben arous,Ezzahra,4.0,2.9036,medium,large,2
Maisons et Villas,2,1,160.0,400.0,Ben arous,El Mourouj,2.5,2.6031,low,large,2
Locations de vacances,1,1,80.0,1500.0,Ben arous,Boumhel,18.75,3.1764,medium,medium,2
Appartements,2,1,50.0,70.0,Ben arous,El Mourouj,1.4,1.8513,very_low,small,1
Appartements,3,2,150.0,1000.0,Ben arous,Mégrine,6.67,3.0004,medium,large,1
Locations de vacances,2,1,80.0,60.0,Ben arous,Hammam Lif,0.75,1.7853,very_low,medium,2
Locations de vacances,3,2,120.0,1650.0,Ben arous,Ezzahra,13.75,3.2177,high,large,2
Maisons et Villas,3,1,150.0,850.0,Ben arous,Hammam Chott,5.67,2.9299,medium,large,2
Locations de vacances,1,1,80.0,1500.0,Ben arous,Hammam Lif,18.75,3.1764,medium,medium,2
Appartements,2,1,72.0,370.0,Ben arous,El Mourouj,5.14,2.5694,low,medium,1
Appartements,3,1,135.0,1000.0,Ben arous,Boumhel,7.41,3.0004,medium,large,1
Appartements,2,1,65.0,500.0,Ben arous,Radès,7.69,2.6998,low,medium,1
Maisons et Villas,3,1,150.0,900.0,Ben arous,Hammam Chott,6.0,2.9547,medium,large,2
Appartements,4,2,140.0,1000.0,Ben arous,Boumhel,7.14,3.0004,medium,large,1
"Magasins, Commerces et Locaux industriels",1,1,70.0,1200.0,Ben arous,Ezzahra,17.14,3.0795,medium,medium,2
"Magasins, Commerces et Locaux industriels",1,1,70.0,1200.0,Ben arous,Ezzahra,17.14,3.0795,medium,medium,2
Appartements,3,1,130.0,650.0,Ben arous,Boumhel,5.0,2.8136,low,large,1
Maisons et Villas,2,1,120.0,550.0,Ben arous,El Mourouj,4.58,2.7412,low,large,2
Appartements,3,1,90.0,450.0,Ben arous,Autres villes,5.0,2.6542,low,medium,1
Appartements,2,1,100.0,680.0,Ben arous,Hammam Lif,6.8,2.8331,low,medium,1
Appartements,3,2,130.0,750.0,Ben arous,Medina Jedida,5.77,2.8756,medium,large,1
Maisons et Villas,2,2,100.0,550.0,Ben arous,Radès,5.5,2.7412,low,medium,2
Maisons et Villas,2,1,80.0,750.0,Ben arous,Ezzahra,9.38,2.8756,medium,medium,2
Maisons et Villas,4,1,120.0,750.0,Ben arous,Ezzahra,6.25,2.8756,medium,large,2
Appartements,2,1,70.0,500.0,Ben arous,El Mourouj,7.14,2.6998,low,medium,1
"Magasins, Commerces et Locaux industriels",1,1,20.0,600.0,Ben arous,Medina Jedida,30.0,2.7789,low,small,2
Appartements,2,1,70.0,500.0,Ben arous,Radès,7.14,2.6998,low,medium,1
Bureaux et Plateaux,1,1,80.0,500.0,Ben arous,Boumhel,6.25,2.6998,low,medium,1
Appartements,1,1,66.0,550.0,Ben arous,Boumhel,8.33,2.7412,low,medium,1
Appartements,1,1,66.0,550.0,Ben arous,Boumhel,8.33,2.7412,low,medium,1
Appartements,1,1,66.0,550.0,Ben arous,Boumhel,8.33,2.7412,low,medium,1
Appartements,3,1,120.0,600.0,Ben arous,Ben arous,5.0,2.7789,low,large,1
Appartements,3,1,120.0,500.0,Ben arous,El Mourouj,4.17,2.6998,low,large,1
Appartements,1,1,80.0,550.0,Ben arous,Autres villes,6.88,2.7412,low,medium,1
Appartements,2,1,78.0,500.0,Ben arous,El Mourouj,6.41,2.6998,low,medium,1
Maisons et Villas,4,1,150.0,480.0,Ben arous,El Mourouj,3.2,2.6821,low,large,2
Maisons et Villas,4,2,150.0,1000.0,Ben arous,Autres villes,6.67,3.0004,medium,large,2
Maisons et Villas,3,2,200.0,650.0,Ben arous,Hammam Lif,3.25,2.8136,low,large,2
Maisons et Villas,3,2,160.0,700.0,Ben arous,Boumhel,4.38,2.8457,low,large,2
Maisons et Villas,4,1,150.0,750.0,Ben arous,Ezzahra,5.0,2.8756,medium,large,2
Bureaux et Plateaux,2,1,126.0,1450.0,Ben arous,Mégrine,11.51,3.1617,medium,large,1
"Magasins, Commerces et Locaux industriels",1,1,100.0,1200.0,Ben arous,Ben arous,12.0,3.0795,medium,medium,2
"Magasins, Commerces et Locaux industriels",1,1,400.0,2800.0,Ben arous,Mégrine,7.0,3.4473,high,extra_large,2
"Magasins, Commerces et Locaux industriels",3,1,48.0,1300.0,Ben arous,El Mourouj,27.08,3.1143,medium,small,2
Maisons et Villas,3,1,130.0,1200.0,Ben arous,Mégrine,9.23,3.0795,medium,large,2
Appartements,1,1,45.0,150.0,Ben arous,Fouchana,3.33,2.179,very_low,small,1
Appartements,2,1,120.0,1000.0,Ben arous,Mégrine,8.33,3.0004,medium,large,1
Maisons et Villas,5,2,114.0,500.0,Ben arous,Medina Jedida,4.39,2.6998,low,large,2
Appartements,4,1,90.0,1100.0,Ben arous,El Mourouj,12.22,3.0418,medium,medium,1
Appartements,1,1,60.0,330.0,Ben arous,Radès,5.5,2.5198,low,medium,1
Maisons et Villas,4,2,170.0,900.0,Ben arous,El Mourouj,5.29,2.9547,medium,large,2
Appartements,4,2,180.0,160.0,Ben arous,El Mourouj,0.89,2.2068,very_low,large,1
Appartements,2,1,80.0,400.0,Ben arous,Hammam Lif,5.0,2.6031,low,medium,1
Bureaux et Plateaux,1,1,22.0,265.0,Ben arous,Autres villes,12.05,2.4249,very_low,small,1
Bureaux et Plateaux,3,1,300.0,2800.0,Ben arous,Boumhel,9.33,3.4473,high,extra_large,1
Appartements,3,1,110.0,650.0,Ben arous,Ezzahra,5.91,2.8136,low,large,1
Maisons et Villas,3,1,120.0,280.0,Ben arous,Ben arous,2.33,2.4487,very_low,large,2
Appartements,2,1,100.0,600.0,Ben arous,Boumhel,6.0,2.7789,low,medium,1
"Magasins, Commerces et Locaux industriels",1,1,220.0,1500.0,Ben arous,Mornag,6.82,3.1764,medium,extra_large,2
Bureaux et Plateaux,2,1,110.0,900.0,Ben arous,Hammam Lif,8.18,2.9547,medium,large,1
Bureaux et Plateaux,1,1,90.0,700.0,Ben arous,Hammam Lif,7.78,2.8457,low,medium,1
Appartements,2,1,120.0,800.0,Ben arous,Ezzahra,6.67,2.9036,medium,large,1
Appartements,3,2,130.0,900.0,Ben arous,Radès,6.92,2.9547,medium,large,1
Maisons et Villas,3,2,160.0,700.0,Ben arous,El Mourouj,4.38,2.8457,low,large,2
Appartements,2,1,90.0,950.0,Ben arous,El Mourouj,10.56,2.9782,medium,medium,1
"Magasins, Commerces et Locaux industriels",1,1,30.0,400.0,Ben arous,El Mourouj,13.33,2.6031,low,small,2
Appartements,2,1,50.0,300.0,Ben arous,Ezzahra,6.0,2.4786,very_low,small,1
Bureaux et Plateaux,4,1,115.0,900.0,Ben arous,Mégrine,7.83,2.9547,medium,large,1
Appartements,2,1,80.0,580.0,Ben arous,Autres villes,7.25,2.7642,low,medium,1
Maisons et Villas,2,1,150.0,350.0,Ben arous,Radès,2.33,2.5453,low,large,2
Appartements,3,1,100.0,520.0,Ben arous,Autres villes,5.2,2.7168,low,medium,1
Appartements,2,1,110.0,550.0,Ben arous,Autres villes,5.0,2.7412,low,large,1
Appartements,2,1,100.0,680.0,Ben arous,Hammam Lif,6.8,2.8331,low,medium,1
Bureaux et Plateaux,1,1,70.0,450.0,Ben arous,Hammam Lif,6.43,2.6542,low,medium,1
Bureaux et Plateaux,1,1,70.0,450.0,Ben arous,Ezzahra,6.43,2.6542,low,medium,1
"Magasins, Commerces et Locaux industriels",1,1,500.0,2500.0,Ben arous,Ben arous,5.0,3.3981,high,extra_large,2
"Magasins, Commerces et Locaux industriels",1,1,380.0,2200.0,Ben arous,Ben arous,5.79,3.3426,high,extra_large,2
Appartements,2,1,100.0,380.0,Ben arous,El Mourouj,3.8,2.5809,low,medium,1
Appartements,1,1,70.0,350.0,Ben arous,Autres villes,5.0,2.5453,low,medium,1
Appartements,1,1,66.0,550.0,Ben arous,Boumhel,8.33,2.7412,low,medium,1
Appartements,2,1,100.0,600.0,Ben arous,Radès,6.0,2.7789,low,medium,1
Maisons et Villas,5,2,300.0,1300.0,Ben arous,Medina Jedida,4.33,3.1143,medium,extra_large,2
Appartements,2,1,65.0,500.0,Ben arous,Radès,7.69,2.6998,low,medium,1
Appartements,2,2,110.0,1000.0,Ben arous,Mégrine,9.09,3.0004,medium,large,1
Maisons et Villas,2,1,100.0,110.0,Ben arous,Fouchana,1.1,2.0453,very_low,medium,2
Maisons et Villas,3,1,145.0,350.0,Ben arous,Radès,2.41,2.5453,low,large,2
Colocations,3,1,100.0,140.0,Ben arous,Autres villes,1.4,2.1492,very_low,medium,1
Appartements,3,2,150.0,1000.0,Ben arous,Mégrine,6.67,3.0004,medium,large,1
Appartements,2,1,100.0,80.0,Ben arous,El Mourouj,0.8,1.9085,very_low,medium,1
Appartements,1,1,50.0,70.0,Ben arous,El Mourouj,1.4,1.8513,very_low,small,1
Appartements,2,1,100.0,600.0,Ben arous,Boumhel,6.0,2.7789,low,medium,1
Appartements,3,1,120.0,900.0,Ben arous,Radès,7.5,2.9547,medium,large,1
Appartements,2,1,80.0,400.0,Ben arous,Hammam Chott,5.0,2.6031,low,medium,1
Appartements,3,1,120.0,900.0,Ben arous,Radès,7.5,2.9547,medium,large,1
Maisons et Villas,2,1,100.0,600.0,Ben arous,Autres villes,6.0,2.7789,low,medium,2
Appartements,3,2,120.0,900.0,Ben arous,Radès,7.5,2.9547,medium,large,1
Maisons et Villas,2,1,100.0,80.0,Ben arous,El Mourouj,0.8,1.9085,very_low,medium,2
Appartements,2,1,50.0,70.0,Ben arous,El Mourouj,1.4,1.8513,very_low,small,1
Maisons et Villas,2,1,80.0,750.0,Ben arous,Ezzahra,9.38,2.8756,medium,medium,2
Colocations,2,1,120.0,200.0,Ben arous,El Mourouj,1.67,2.3032,very_low,large,1
Maisons et Villas,3,2,150.0,770.0,Ben arous,Boumhel,5.13,2.8871,medium,large,2
Appartements,2,1,65.0,350.0,Ben arous,Mornag,5.38,2.5453,low,medium,1
Appartements,3,1,100.0,45.0,Ben arous,Mohamedia,0.45,1.6628,very_low,medium,1
Maisons et Villas,3,1,104.0,350.0,Ben arous,El Mourouj,3.37,2.5453,low,large,2
Appartements,2,1,90.0,1200.0,Ben arous,Boumhel,13.33,3.0795,medium,medium,1
Maisons et Villas,3,1,165.0,1000.0,Ben arous,Mégrine,6.06,3.0004,medium,large,2
Colocations,2,1,100.0,100.0,Ben arous,Ezzahra,1.0,2.0043,very_low,medium,1
Maisons et Villas,4,1,100.0,600.0,Ben arous,El Mourouj,6.0,2.7789,low,medium,2
Maisons et Villas,2,1,300.0,400.0,Ben arous,Fouchana,1.33,2.6031,low,extra_large,2
Maisons et Villas,2,1,130.0,100.0,Ben arous,El Mourouj,0.77,2.0043,very_low,large,2
Appartements,2,1,110.0,450.0,Ben arous,Hammam Chott,4.09,2.6542,low,large,1
Maisons et Villas,2,1,80.0,320.0,Ben arous,Medina Jedida,4.0,2.5065,low,medium,2
Appartements,3,1,90.0,450.0,Ben arous,Autres villes,5.0,2.6542,low,medium,1
Appartements,3,1,100.0,500.0,Ben arous,Boumhel,5.0,2.6998,low,medium,1
Appartements,2,1,72.0,80.0,Ben arous,El Mourouj,1.11,1.9085,very_low,medium,1
Appartements,2,1,100.0,580.0,Ben arous,Ezzahra,5.8,2.7642,low,medium,1
Appartements,1,1,30.0,320.0,Ben arous,El Mourouj,10.67,2.5065,low,small,1
Maisons et Villas,3,1,100.0,500.0,Ben arous,El Mourouj,5.0,2.6998,low,medium,2
Appartements,3,2,200.0,1200.0,Ben arous,Mégrine,6.0,3.0795,medium,large,1
"Magasins, Commerces et Locaux industriels",1,1,400.0,2500.0,Ben arous,Hammam Chott,6.25,3.3981,high,extra_large,2
Appartements,4,1,150.0,1250.0,Ben arous,Mégrine,8.33,3.0973,medium,large,1
Appartements,1,1,60.0,550.0,Ben arous,Ezzahra,9.17,2.7412,low,medium,1
Appartements,3,1,80.0,50.0,Ben arous,El Mourouj,0.62,1.7076,very_low,medium,1
Locations de vacances,2,1,80.0,1200.0,Ben arous,Medina Jedida,15.0,3.0795,medium,medium,2
Maisons et Villas,2,1,110.0,400.0,Ben arous,El Mourouj,3.64,2.6031,low,large,2
Appartements,2,1,89.0,450.0,Ben arous,Ezzahra,5.06,2.6542,low,medium,1
Appartements,3,1,120.0,800.0,Ben arous,Mégrine,6.67,2.9036,medium,large,1
Appartements,2,1,95.0,400.0,Ben arous,Mornag,4.21,2.6031,low,medium,1
"Magasins, Commerces et Locaux industriels",2,1,32.0,500.0,Ben arous,Boumhel,15.62,2.6998,low,small,2
Appartements,2,1,91.0,700.0,Ben arous,Boumhel,7.69,2.8457,low,medium,1
Appartements,2,1,70.0,550.0,Ben arous,Autres villes,7.86,2.7412,low,medium,1
Appartements,2,1,70.0,550.0,Ben arous,Mégrine,7.86,2.7412,low,medium,1
Appartements,2,1,80.0,500.0,Ben arous,Mégrine,6.25,2.6998,low,medium,1
Appartements,4,1,125.0,540.0,Ben arous,Autres villes,4.32,2.7332,low,large,1
Appartements,4,1,90.0,400.0,Ben arous,Ben arous,4.44,2.6031,low,medium,1
Appartements,2,1,110.0,580.0,Ben arous,Hammam Lif,5.27,2.7642,low,large,1
"Magasins, Commerces et Locaux industriels",1,1,50.0,800.0,Ben arous,Medina Jedida,16.0,2.9036,medium,small,2
Appartements,2,1,60.0,270.0,Ben arous,Hammam Chott,4.5,2.433,very_low,medium,1
Maisons et Villas,2,1,75.0,320.0,Ben arous,Medina Jedida,4.27,2.5065,low,medium,2
Maisons et Villas,3,1,80.0,500.0,Ben arous,El Mourouj,6.25,2.6998,low,medium,2
Appartements,2,1,72.0,470.0,Ben arous,Radès,6.53,2.673,low,medium,1
Appartements,3,1,105.0,600.0,Ben arous,El Mourouj,5.71,2.7789,low,large,1
Maisons et Villas,2,1,130.0,400.0,Ben arous,Ezzahra,3.08,2.6031,low,large,2
Appartements,4,2,137.0,750.0,Ben arous,Hammam Chott,5.47,2.8756,medium,large,1
Maisons et Villas,3,1,250.0,450.0,Ben arous,Autres villes,1.8,2.6542,low,extra_large,2
Maisons et Villas,1,1,100.0,400.0,Ben arous,Medina Jedida,4.0,2.6031,low,medium,2
Maisons et Villas,3,2,165.0,1000.0,Ben arous,Mégrine,6.06,3.0004,medium,large,2
Appartements,3,1,79.0,530.0,Ben arous,Autres villes,6.71,2.7251,low,medium,1
Maisons et Villas,2,1,70.0,400.0,Ben arous,El Mourouj,5.71,2.6031,low,medium,2
Appartements,3,1,106.0,580.0,Ben arous,Ezzahra,5.47,2.7642,low,large,1
Maisons et Villas,2,1,70.0,400.0,Ben arous,El Mourouj,5.71,2.6031,low,medium,2
Appartements,3,1,90.0,520.0,Ben arous,Medina Jedida,5.78,2.7168,low,medium,1
Appartements,3,1,85.0,500.0,Ben arous,Boumhel,5.88,2.6998,low,medium,1
Appartements,1,1,50.0,50.0,Ben arous,El Mourouj,1.0,1.7076,very_low,small,1
Maisons et Villas,2,1,100.0,480.0,Ben arous,Fouchana,4.8,2.6821,low,medium,2
Maisons et Villas,2,1,80.0,650.0,Ben arous,Autres villes,8.12,2.8136,low,medium,2
Appartements,3,2,230.0,2000.0,Ben arous,Hammam Chott,8.7,3.3012,high,extra_large,1
Appartements,1,1,82.0,1000.0,Ben arous,Boumhel,12.2,3.0004,medium,medium,1
Appartements,2,1,70.0,400.0,Ben arous,El Mourouj,5.71,2.6031,low,medium,1
Appartements,2,1,70.0,111.0,Ben arous,Hammam Chott,1.59,2.0492,very_low,medium,1
Appartements,4,1,110.0,580.0,Ben arous,El Mourouj,5.27,2.7642,low,large,1
Appartements,3,1,120.0,680.0,Ben arous,Ezzahra,5.67,2.8331,low,large,1
Bureaux et Plateaux,2,1,67.0,700.0,Ben arous,Ezzahra,10.45,2.8457,low,medium,1
Maisons et Villas,3,2,250.0,700.0,Ben arous,El Mourouj,2.8,2.8457,low,extra_large,2
Appartements,2,1,100.0,450.0,Ben arous,Mornag,4.5,2.6542,low,medium,1
Bureaux et Plateaux,2,1,100.0,1400.0,Ben arous,El Mourouj,14.0,3.1464,medium,medium,1
Maisons et Villas,1,1,80.0,650.0,Ben arous,Boumhel,8.12,2.8136,low,medium,2
Appartements,3,1,110.0,580.0,Ben arous,El Mourouj,5.27,2.7642,low,large,1
Appartements,2,1,80.0,500.0,Ben arous,Boumhel,6.25,2.6998,low,medium,1
Maisons et Villas,3,1,120.0,530.0,Ben arous,El Mourouj,4.42,2.7251,low,large,2
Appartements,3,1,90.0,250.0,Ben arous,Radès,2.78,2.3997,very_low,medium,1
Maisons et Villas,3,1,90.0,500.0,Ben arous,El Mourouj,5.56,2.6998,low,medium,2
Appartements,2,1,120.0,100.0,Ben arous,El Mourouj,0.83,2.0043,very_low,large,1
Appartements,3,1,100.0,580.0,Ben arous,El Mourouj,5.8,2.7642,low,medium,1
Appartements,2,1,120.0,100.0,Ben arous,El Mourouj,0.83,2.0043,very_low,large,1
Appartements,4,3,158.0,1100.0,Ben arous,Medina Jedida,6.96,3.0418,medium,large,1
Colocations,2,1,100.0,200.0,Ben arous,Medina Jedida,2.0,2.3032,very_low,medium,1
Maisons et Villas,2,1,100.0,400.0,Ben arous,Radès,4.0,2.6031,low,medium,2
Maisons et Villas,3,1,120.0,600.0,Ben arous,Radès,5.0,2.7789,low,large,2
Appartements,2,1,40.0,350.0,Ben arous,El Mourouj,8.75,2.5453,low,small,1
Appartements,3,1,100.0,1100.0,Ben arous,Autres villes,11.0,3.0418,medium,medium,1
Appartements,3,1,85.0,350.0,Ben arous,Fouchana,4.12,2.5453,low,medium,1
Appartements,4,2,120.0,900.0,Ben arous,Radès,7.5,2.9547,medium,large,1
Appartements,3,1,120.0,700.0,Ben arous,Radès,5.83,2.8457,low,large,1
Appartements,2,1,85.0,420.0,Ben arous,El Mourouj,4.94,2.6243,low,medium,1
Appartements,1,1,66.0,550.0,Ben arous,Boumhel,8.33,2.7412,low,medium,1
Maisons et Villas,3,1,120.0,450.0,Ben arous,El Mourouj,3.75,2.6542,low,large,2
Appartements,3,1,120.0,700.0,Ben arous,Ezzahra,5.83,2.8457,low,large,1
"Magasins, Commerces et Locaux industriels",1,1,23.0,600.0,Ben arous,Ezzahra,26.09,2.7789,low,small,2
Locations de vacances,3,2,130.0,770.0,Ben arous,Boumhel,5.92,2.8871,medium,large,2
Appartements,2,1,35.0,320.0,Ben arous,El Mourouj,9.14,2.5065,low,small,1
"Magasins, Commerces et Locaux industriels",1,1,100.0,1500.0,Ben arous,Mégrine,15.0,3.1764,medium,medium,2
Bureaux et Plateaux,2,1,65.0,650.0,Ben arous,Mégrine,10.0,2.8136,low,medium,1
Maisons et Villas,3,1,120.0,470.0,Ben arous,Autres villes,3.92,2.673,low,large,2
"Magasins, Commerces et Locaux industriels",1,1,84.0,700.0,Ben arous,Ezzahra,8.33,2.8457,low,medium,2
Maisons et Villas,3,1,100.0,350.0,Ben arous,Ezzahra,3.5,2.5453,low,medium,2
Maisons et Villas,4,2,150.0,700.0,Ben arous,El Mourouj,4.67,2.8457,low,large,2
Appartements,2,1,80.0,500.0,Ben arous,Ezzahra,6.25,2.6998,low,medium,1
Locations de vacances,3,1,100.0,70.0,Ben arous,El Mourouj,0.7,1.8513,very_low,medium,2
Appartements,4,1,90.0,550.0,Ben arous,El Mourouj,6.11,2.7412,low,medium,1
"Magasins, Commerces et Locaux industriels",1,1,100.0,1000.0,Ben arous,Boumhel,10.0,3.0004,medium,medium,2
Maisons et Villas,3,1,80.0,280.0,Ben arous,Autres villes,3.5,2.4487,very_low,medium,2
Appartements,2,1,70.0,420.0,Ben arous,Autres villes,6.0,2.6243,low,medium,1
Appartements,2,1,50.0,70.0,Ben arous,El Mourouj,1.4,1.8513,very_low,small,1
Maisons et Villas,3,1,90.0,90.0,Ben arous,El Mourouj,1.0,1.959,very_low,medium,2
Appartements,2,1,65.0,620.0,Ben arous,Boumhel,9.54,2.7931,low,medium,1
Appartements,3,1,95.0,540.0,Ben arous,El Mourouj,5.68,2.7332,low,medium,1
Bureaux et Plateaux,2,1,85.0,900.0,Ben arous,Ezzahra,10.59,2.9547,medium,medium,1
"Magasins, Commerces et Locaux industriels",2,1,70.0,700.0,Ben arous,El Mourouj,10.0,2.8457,low,medium,2
Appartements,1,1,50.0,650.0,Ben arous,Mégrine,13.0,2.8136,low,small,1
Appartements,3,1,110.0,750.0,Ben arous,Mégrine,6.82,2.8756,medium,large,1
Appartements,2,1,90.0,450.0,Ben arous,Hammam Chott,5.0,2.6542,low,medium,1
Appartements,2,1,100.0,75.0,Ben arous,Mégrine,0.75,1.8808,very_low,medium,1
Maisons et Villas,3,1,100.0,380.0,Ben arous,El Mourouj,3.8,2.5809,low,medium,2
Maisons et Villas,4,1,130.0,100.0,Ben arous,Mégrine,0.77,2.0043,very_low,large,2
Locations de vacances,2,2,120.0,70.0,Ben arous,Hammam Chott,0.58,1.8513,very_low,large,2
Maisons et Villas,3,2,200.0,880.0,Ben arous,Mornag,4.4,2.945,medium,large,2
Appartements,2,1,80.0,750.0,Ben arous,Ezzahra,9.38,2.8756,medium,medium,1
Bureaux et Plateaux,5,2,420.0,2500.0,Ben arous,Mégrine,5.95,3.3981,high,extra_large,1
Bureaux et Plateaux,1,1,125.0,1500.0,Ben arous,Ben arous,12.0,3.1764,medium,large,1
Bureaux et Plateaux,1,1,85.0,1000.0,Ben arous,Ben arous,11.76,3.0004,medium,medium,1
Appartements,3,1,100.0,350.0,Ben arous,El Mourouj,3.5,2.5453,low,medium,1
Appartements,4,1,80.0,550.0,Ben arous,El Mourouj,6.88,2.7412,low,medium,1
Maisons et Villas,2,1,100.0,420.0,Ben arous,El Mourouj,4.2,2.6243,low,medium,2
Bureaux et Plateaux,2,1,100.0,600.0,Ben arous,Mégrine,6.0,2.7789,low,medium,1
Bureaux et Plateaux,2,1,70.0,400.0,Ben arous,Mégrine,5.71,2.6031,low,medium,1
Appartements,4,2,140.0,560.0,Ben arous,Radès,4.0,2.749,low,large,1
Appartements,3,1,85.0,350.0,Ben arous,Ben arous,4.12,2.5453,low,medium,1
Appartements,3,1,150.0,630.0,Ben arous,El Mourouj,4.2,2.8,low,large,1
Maisons et Villas,4,1,120.0,600.0,Ben arous,El Mourouj,5.0,2.7789,low,large,2
Bureaux et Plateaux,1,4,300.0,2100.0,Ben arous,Mégrine,7.0,3.3224,high,extra_large,1
Appartements,3,1,106.0,600.0,Ben arous,Autres villes,5.66,2.7789,low,large,1
Maisons et Villas,2,1,130.0,120.0,Ben arous,Mégrine,0.92,2.0828,very_low,large,2
Maisons et Villas,2,1,120.0,250.0,Ben arous,Autres villes,2.08,2.3997,very_low,large,2
Maisons et Villas,3,1,130.0,1250.0,Ben arous,Mégrine,9.62,3.0973,medium,large,2
Bureaux et Plateaux,2,1,70.0,1400.0,Ben arous,El Mourouj,20.0,3.1464,medium,medium,1
Bureaux et Plateaux,2,1,280.0,1200.0,Ben arous,Autres villes,4.29,3.0795,medium,extra_large,1
Maisons et Villas,3,1,100.0,500.0,Ben arous,El Mourouj,5.0,2.6998,low,medium,2
Appartements,2,1,60.0,500.0,Ben arous,El Mourouj,8.33,2.6998,low,medium,1
Appartements,2,1,50.0,500.0,Ben arous,El Mourouj,10.0,2.6998,low,small,1
Maisons et Villas,4,1,150.0,550.0,Ben arous,El Mourouj,3.67,2.7412,low,large,2
Maisons et Villas,2,1,100.0,120.0,Ben arous,Mégrine,1.2,2.0828,very_low,medium,2
Maisons et Villas,3,1,150.0,900.0,Ben arous,Radès,6.0,2.9547,medium,large,2
Maisons et Villas,3,1,140.0,150.0,Ben arous,Radès,1.07,2.179,very_low,large,2
Maisons et Villas,3,1,270.0,650.0,Ben arous,Ben arous,2.41,2.8136,low,extra_large,2
Appartements,1,1,50.0,700.0,Ben arous,Mégrine,14.0,2.8457,low,small,1
Appartements,2,1,100.0,480.0,Ben arous,Radès,4.8,2.6821,low,medium,1
Appartements,4,1,150.0,1250.0,Ben arous,Mégrine,8.33,3.0973,medium,large,1
Appartements,1,1,70.0,1200.0,Ben arous,Medina Jedida,17.14,3.0795,medium,medium,1
Appartements,1,1,70.0,1100.0,Ben arous,Boumhel,15.71,3.0418,medium,medium,1
"Magasins, Commerces et Locaux industriels",1,1,220.0,1500.0,Ben arous,Mornag,6.82,3.1764,medium,extra_large,2
Maisons et Villas,3,1,150.0,700.0,Ben arous,Medina Jedida,4.67,2.8457,low,large,2
Appartements,2,1,70.0,600.0,Ben arous,El Mourouj,8.57,2.7789,low,medium,1
Maisons et Villas,3,1,120.0,300.0,Ben arous,El Mourouj,2.5,2.4786,very_low,large,2
Appartements,2,1,50.0,350.0,Ben arous,Autres villes,7.0,2.5453,low,small,1
Maisons et Villas,3,1,200.0,620.0,Ben arous,Radès,3.1,2.7931,low,large,2
Appartements,3,1,120.0,700.0,Ben arous,Boumhel,5.83,2.8457,low,large,1
Maisons et Villas,2,1,150.0,750.0,Ben arous,Mégrine,5.0,2.8756,medium,large,2
"Magasins, Commerces et Locaux industriels",3,1,180.0,1200.0,Ben arous,Mégrine,6.67,3.0795,medium,large,2
Maisons et Villas,2,1,100.0,600.0,Ben arous,Hammam Chott,6.0,2.7789,low,medium,2
Maisons et Villas,3,2,150.0,700.0,Ben arous,Medina Jedida,4.67,2.8457,low,large,2
Bureaux et Plateaux,3,1,130.0,1500.0,Ben arous,Boumhel,11.54,3.1764,medium,large,1
Bureaux et Plateaux,2,1,100.0,1100.0,Ben arous,Boumhel,11.0,3.0418,medium,medium,1
Appartements,3,2,120.0,650.0,Ben arous,Boumhel,5.42,2.8136,low,large,1
Colocations,1,1,80.0,210.0,Ben arous,Ben arous,2.62,2.3243,very_low,medium,1
Appartements,1,1,40.0,280.0,Ben arous,Radès,7.0,2.4487,very_low,small,1
Appartements,1,1,40.0,290.0,Ben arous,Ben arous,7.25,2.4639,very_low,small,1
Appartements,3,1,110.0,490.0,Ben arous,Hammam Chott,4.45,2.6911,low,large,1
Appartements,3,1,106.0,600.0,Ben arous,Autres villes,5.66,2.7789,low,large,1
Appartements,3,1,97.0,450.0,Ben arous,Hammam Chott,4.64,2.6542,low,medium,1
Appartements,3,1,90.0,370.0,Ben arous,Hammam Chott,4.11,2.5694,low,medium,1
"Magasins, Commerces et Locaux industriels",1,1,150.0,1000.0,Ben arous,Hammam Chott,6.67,3.0004,medium,large,2
"Magasins, Commerces et Locaux industriels",1,1,70.0,1700.0,Ben arous,Hammam Chott,24.29,3.2307,high,medium,2
Appartements,3,1,135.0,700.0,Ben arous,Hammam Lif,5.19,2.8457,low,large,1
Maisons et Villas,4,2,170.0,650.0,Ben arous,Autres villes,3.82,2.8136,low,large,2
Appartements,3,1,150.0,600.0,Ben arous,El Mourouj,4.0,2.7789,low,large,1
Appartements,3,1,110.0,700.0,Ben arous,Medina Jedida,6.36,2.8457,low,large,1
Appartements,1,1,57.0,400.0,Ben arous,El Mourouj,7.02,2.6031,low,medium,1
Appartements,1,1,77.0,600.0,Ben arous,Medina Jedida,7.79,2.7789,low,medium,1
Appartements,3,1,90.0,560.0,Ben arous,El Mourouj,6.22,2.749,low,medium,1
"Magasins, Commerces et Locaux industriels",2,1,77.0,1800.0,Ben arous,Ezzahra,23.38,3.2555,high,medium,2
"Magasins, Commerces et Locaux industriels",1,1,50.0,700.0,Ben arous,Hammam Lif,14.0,2.8457,low,small,2
Appartements,3,2,130.0,750.0,Ben arous,Hammam Chott,5.77,2.8756,medium,large,1
Bureaux et Plateaux,4,1,80.0,850.0,Ben arous,Ezzahra,10.62,2.9299,medium,medium,1
Maisons et Villas,2,1,90.0,460.0,Ben arous,El Mourouj,5.11,2.6637,low,medium,2
Appartements,3,1,100.0,550.0,Ben arous,El Mourouj,5.5,2.7412,low,medium,1
Maisons et Villas,4,1,180.0,600.0,Ben arous,Radès,3.33,2.7789,low,large,2
Appartements,2,1,100.0,600.0,Ben arous,El Mourouj,6.0,2.7789,low,medium,1
Maisons et Villas,2,1,100.0,450.0,Ben arous,El Mourouj,4.5,2.6542,low,medium,2
Appartements,3,1,150.0,650.0,Ben arous,El Mourouj,4.33,2.8136,low,large,1
Appartements,2,1,100.0,420.0,Ben arous,El Mourouj,4.2,2.6243,low,medium,1
Appartements,2,1,98.0,390.0,Ben arous,Hammam Chott,3.98,2.5922,low,medium,1
Maisons et Villas,6,2,220.0,2000.0,Ben arous,Autres villes,9.09,3.3012,high,extra_large,2
Maisons et Villas,3,1,100.0,450.0,Ben arous,El Mourouj,4.5,2.6542,low,medium,2
Appartements,2,1,50.0,300.0,Ben arous,Autres villes,6.0,2.4786,very_low,small,1
Maisons et Villas,5,2,500.0,900.0,Ben arous,El Mourouj,1.8,2.9547,medium,extra_large,2
Maisons et Villas,3,1,160.0,570.0,Ben arous,Autres villes,3.56,2.7566,low,large,2
Bureaux et Plateaux,2,1,60.0,550.0,Ben arous,Fouchana,9.17,2.7412,low,medium,1
Appartements,2,1,80.0,280.0,Ben arous,Radès,3.5,2.4487,very_low,medium,1
Maisons et Villas,1,1,70.0,300.0,Ben arous,Fouchana,4.29,2.4786,very_low,medium,2
Appartements,4,1,125.0,500.0,Ben arous,Fouchana,4.0,2.6998,low,large,1
Appartements,3,1,75.0,500.0,Ben arous,Autres villes,6.67,2.6998,low,medium,1
Appartements,4,2,150.0,550.0,Ben arous,Hammam Chott,3.67,2.7412,low,large,1
Maisons et Villas,2,1,90.0,520.0,Ben arous,Mégrine,5.78,2.7168,low,medium,2
Maisons et Villas,2,1,120.0,500.0,Ben arous,Radès,4.17,2.6998,low,large,2
"Magasins, Commerces et Locaux industriels",1,1,50.0,800.0,Ben arous,Radès,16.0,2.9036,medium,small,2
Maisons et Villas,3,1,100.0,270.0,Ben arous,Mohamedia,2.7,2.433,very_low,medium,2
Maisons et Villas,2,1,100.0,390.0,Ben arous,Fouchana,3.9,2.5922,low,medium,2
Appartements,3,1,115.0,750.0,Ben arous,Ben arous,6.52,2.8756,medium,large,1
Bureaux et Plateaux,2,1,120.0,1200.0,Ben arous,Mégrine,10.0,3.0795,medium,large,1
"Magasins, Commerces et Locaux industriels",1,1,90.0,1300.0,Ben arous,Radès,14.44,3.1143,medium,medium,2
Appartements,1,1,80.0,650.0,Ben arous,Mégrine,8.12,2.8136,low,medium,1
Appartements,3,1,140.0,680.0,Ben arous,Medina Jedida,4.86,2.8331,low,large,1
Bureaux et Plateaux,1,1,30.0,500.0,Ben arous,Autres villes,16.67,2.6998,low,small,1
Appartements,3,1,85.0,550.0,Ben arous,Boumhel,6.47,2.7412,low,medium,1
Maisons et Villas,3,2,220.0,1400.0,Ben arous,Autres villes,6.36,3.1464,medium,extra_large,2
Bureaux et Plateaux,2,1,65.0,450.0,Ben arous,Boumhel,6.92,2.6542,low,medium,1
Maisons et Villas,2,1,110.0,600.0,Ben arous,Medina Jedida,5.45,2.7789,low,large,2
Appartements,2,1,70.0,400.0,Ben arous,El Mourouj,5.71,2.6031,low,medium,1
Maisons et Villas,2,1,130.0,480.0,Ben arous,El Mourouj,3.69,2.6821,low,large,2
"Magasins, Commerces et Locaux industriels",1,1,100.0,600.0,Ben arous,Autres villes,6.0,2.7789,low,medium,2
Appartements,2,1,125.0,400.0,Ben arous,Autres villes,3.2,2.6031,low,large,1
Appartements,3,1,160.0,1000.0,Ben arous,Ezzahra,6.25,3.0004,medium,large,1
Maisons et Villas,3,1,150.0,750.0,Ben arous,Radès,5.0,2.8756,medium,large,2
Maisons et Villas,3,1,90.0,110.0,Ben arous,El Mourouj,1.22,2.0453,very_low,medium,2
Appartements,3,1,80.0,350.0,Ben arous,Autres villes,4.38,2.5453,low,medium,1
Maisons et Villas,2,1,100.0,250.0,Ben arous,Mohamedia,2.5,2.3997,very_low,medium,2
Appartements,2,1,115.0,780.0,Ben arous,Mégrine,6.78,2.8927,medium,large,1
Appartements,3,2,170.0,1100.0,Ben arous,Mégrine,6.47,3.0418,medium,large,1
Bureaux et Plateaux,3,1,100.0,1150.0,Ben arous,Mégrine,11.5,3.0611,medium,medium,1
Maisons et Villas,3,1,125.0,580.0,Ben arous,Boumhel,4.64,2.7642,low,large,2
Appartements,1,1,60.0,1000.0,Ben arous,Boumhel,16.67,3.0004,medium,medium,1
"Magasins, Commerces et Locaux industriels",1,1,70.0,1500.0,Ben arous,Mornag,21.43,3.1764,medium,medium,2
Maisons et Villas,3,1,100.0,450.0,Ben arous,El Mourouj,4.5,2.6542,low,medium,2
Maisons et Villas,3,1,120.0,900.0,Ben arous,Boumhel,7.5,2.9547,medium,large,2
"Magasins, Commerces et Locaux industriels",1,1,48.0,1200.0,Ben arous,Mégrine,25.0,3.0795,medium,small,2
Maisons et Villas,4,1,125.0,552.0,Ben arous,El Mourouj,4.42,2.7427,low,large,2
Appartements,2,1,90.0,460.0,Ben arous,Radès,5.11,2.6637,low,medium,1
Appartements,2,1,107.0,850.0,Ben arous,Boumhel,7.94,2.9299,medium,large,1
Maisons et Villas,3,1,140.0,310.0,Ben arous,Fouchana,2.21,2.4928,low,large,2
Maisons et Villas,4,1,130.0,450.0,Ben arous,El Mourouj,3.46,2.6542,low,large,2
Maisons et Villas,3,1,140.0,280.0,Ben arous,Autres villes,2.0,2.4487,very_low,large,2
Appartements,4,1,90.0,550.0,Ben arous,El Mourouj,6.11,2.7412,low,medium,1
Appartements,3,1,140.0,700.0,Ben arous,Medina Jedida,5.0,2.8457,low,large,1
Appartements,1,1,60.0,350.0,Ben arous,Boumhel,5.83,2.5453,low,medium,1
Appartements,4,1,130.0,500.0,Ben arous,Medina Jedida,3.85,2.6998,low,large,1
Maisons et Villas,4,2,250.0,850.0,Ben arous,Boumhel,3.4,2.9299,medium,extra_large,2
Appartements,4,2,160.0,550.0,Ben arous,El Mourouj,3.44,2.7412,low,large,1
Maisons et Villas,2,1,110.0,480.0,Ben arous,El Mourouj,4.36,2.6821,low,large,2
Maisons et Villas,2,1,100.0,450.0,Ben arous,El Mourouj,4.5,2.6542,low,medium,2
Appartements,3,1,100.0,450.0,Ben arous,El Mourouj,4.5,2.6542,low,medium,1
Maisons et Villas,2,1,100.0,320.0,Ben arous,El Mourouj,3.2,2.5065,low,medium,2
Maisons et Villas,4,2,500.0,700.0,Ben arous,El Mourouj,1.4,2.8457,low,extra_large,2
Bureaux et Plateaux,1,1,70.0,900.0,Ben arous,Hammam Lif,12.86,2.9547,medium,medium,1
Appartements,2,1,80.0,400.0,Ben arous,El Mourouj,5.0,2.6031,low,medium,1
Maisons et Villas,3,1,100.0,400.0,Ben arous,Radès,4.0,2.6031,low,medium,2
Appartements,4,2,140.0,560.0,Ben arous,Radès,4.0,2.749,low,large,1
"Magasins, Commerces et Locaux industriels",2,1,60.0,350.0,Ben arous,Ben arous,5.83,2.5453,low,medium,2
Appartements,1,1,50.0,300.0,Ben arous,Hammam Chott,6.0,2.4786,very_low,small,1
Appartements,1,1,55.0,350.0,Ben arous,Autres villes,6.36,2.5453,low,medium,1
Appartements,2,1,85.0,350.0,Ben arous,El Mourouj,4.12,2.5453,low,medium,1
Appartements,2,1,90.0,400.0,Ben arous,El Mourouj,4.44,2.6031,low,medium,1
Appartements,3,1,120.0,600.0,Ben arous,Boumhel,5.0,2.7789,low,large,1
Appartements,1,1,65.0,1000.0,Ben arous,Ezzahra,15.38,3.0004,medium,medium,1
Appartements,2,1,113.0,900.0,Ben arous,El Mourouj,7.96,2.9547,medium,large,1
Appartements,1,1,52.0,1100.0,Ben arous,Boumhel,21.15,3.0418,medium,medium,1
Appartements,3,1,100.0,550.0,Ben arous,El Mourouj,5.5,2.7412,low,medium,1
Appartements,2,1,110.0,1600.0,Ben arous,Boumhel,14.55,3.2044,high,large,1
Appartements,1,1,75.0,1300.0,Ben arous,Boumhel,17.33,3.1143,medium,medium,1
Maisons et Villas,1,1,80.0,1500.0,Ben arous,Hammam Lif,18.75,3.1764,medium,medium,2
Appartements,4,2,150.0,1250.0,Ben arous,Mégrine,8.33,3.0973,medium,large,1
Maisons et Villas,2,1,100.0,550.0,Ben arous,El Mourouj,5.5,2.7412,low,medium,2
Appartements,4,2,139.0,700.0,Ben arous,Medina Jedida,5.04,2.8457,low,large,1
Locations de vacances,2,1,50.0,300.0,Ben arous,Ezzahra,6.0,2.4786,very_low,small,2
Maisons et Villas,3,1,120.0,500.0,Ben arous,El Mourouj,4.17,2.6998,low,large,2
Appartements,2,1,70.0,450.0,Ben arous,Radès,6.43,2.6542,low,medium,1
Appartements,2,2,97.0,550.0,Ben arous,Mégrine,5.67,2.7412,low,medium,1
Appartements,2,1,100.0,500.0,Ben arous,Ezzahra,5.0,2.6998,low,medium,1
Appartements,2,1,70.0,600.0,Ben arous,El Mourouj,8.57,2.7789,low,medium,1
Colocations,2,1,100.0,150.0,Ben arous,El Mourouj,1.5,2.179,very_low,medium,1
Maisons et Villas,4,1,195.0,1200.0,Ben arous,Mégrine,6.15,3.0795,medium,large,2
Appartements,1,1,50.0,280.0,Bizerte,Bizerte,5.6,2.4487,very_low,small,1
Colocations,2,1,250.0,170.0,Bizerte,Bizerte,0.68,2.233,very_low,extra_large,2
Maisons et Villas,3,1,140.0,850.0,Bizerte,Autres villes,6.07,2.9299,medium,large,2
Maisons et Villas,3,1,120.0,430.0,Bizerte,Bizerte Nord,3.58,2.6345,low,large,2
Maisons et Villas,1,1,70.0,480.0,Bizerte,Autres villes,6.86,2.6821,low,medium,2
Appartements,4,2,140.0,750.0,Bizerte,Autres villes,5.36,2.8756,medium,large,1
Appartements,2,1,60.0,250.0,Bizerte,Bizerte Nord,4.17,2.3997,very_low,medium,1
Bureaux et Plateaux,3,1,120.0,4000.0,Bizerte,Autres villes,33.33,3.6022,high,large,1
Locations de vacances,3,1,150.0,180.0,Bizerte,Autres villes,1.2,2.2577,very_low,large,2
Appartements,3,1,105.0,550.0,Bizerte,Zarzouna,5.24,2.7412,low,large,1
Maisons et Villas,4,1,200.0,70.0,Bizerte,Autres villes,0.35,1.8513,very_low,large,2
Appartements,2,1,122.0,700.0,Bizerte,Bizerte,5.74,2.8457,low,large,1
Maisons et Villas,4,1,100.0,520.0,Bizerte,Bizerte Nord,5.2,2.7168,low,medium,2
Appartements,2,1,100.0,420.0,Bizerte,Bizerte Nord,4.2,2.6243,low,medium,1
Maisons et Villas,4,2,300.0,350.0,Bizerte,Bizerte Nord,1.17,2.5453,low,extra_large,2
"Magasins, Commerces et Locaux industriels",1,1,240.0,700.0,Bizerte,Bizerte,2.92,2.8457,low,extra_large,2
Appartements,2,1,70.0,450.0,Bizerte,Autres villes,6.43,2.6542,low,medium,1
Maisons et Villas,2,1,80.0,450.0,Bizerte,Bizerte Nord,5.62,2.6542,low,medium,2
"Magasins, Commerces et Locaux industriels",1,1,66.0,700.0,Bizerte,Bizerte,10.61,2.8457,low,medium,2
Appartements,4,1,130.0,600.0,Bizerte,Bizerte Nord,4.62,2.7789,low,large,1
Appartements,2,1,100.0,900.0,Bizerte,Bizerte,9.0,2.9547,medium,medium,1
Appartements,3,1,90.0,150.0,Bizerte,Autres villes,1.67,2.179,very_low,medium,1
Appartements,3,1,140.0,460.0,Bizerte,Bizerte,3.29,2.6637,low,large,1
"Magasins, Commerces et Locaux industriels",1,1,80.0,700.0,Bizerte,Bizerte,8.75,2.8457,low,medium,2
Maisons et Villas,6,2,100.0,900.0,Bizerte,Bizerte Nord,9.0,2.9547,medium,medium,2
Appartements,3,1,100.0,720.0,Bizerte,Autres villes,7.2,2.8579,medium,medium,1
Bureaux et Plateaux,4,1,107.0,800.0,Bizerte,Bizerte Nord,7.48,2.9036,medium,large,1
Bureaux et Plateaux,2,1,60.0,450.0,Bizerte,Autres villes,7.5,2.6542,low,medium,1
Appartements,3,1,80.0,400.0,Bizerte,Bizerte Nord,5.0,2.6031,low,medium,1
Maisons et Villas,2,1,80.0,350.0,Bizerte,Bizerte Nord,4.38,2.5453,low,medium,2
Appartements,2,1,60.0,300.0,Bizerte,Bizerte Nord,5.0,2.4786,very_low,medium,1
Appartements,3,1,120.0,220.0,Bizerte,Autres villes,1.83,2.3444,very_low,large,1
Maisons et Villas,4,2,170.0,300.0,Bizerte,Bizerte,1.76,2.4786,very_low,large,2
Bureaux et Plateaux,3,1,77.0,500.0,Bizerte,Bizerte Nord,6.49,2.6998,low,medium,1
Maisons et Villas,3,1,200.0,300.0,Bizerte,Autres villes,1.5,2.4786,very_low,large,2
Maisons et Villas,2,2,200.0,600.0,Bizerte,Bizerte Nord,3.0,2.7789,low,large,2
Maisons et Villas,3,1,80.0,280.0,Bizerte,Autres villes,3.5,2.4487,very_low,medium,2
"Magasins, Commerces et Locaux industriels",2,2,120.0,1800.0,Bizerte,Autres villes,15.0,3.2555,high,large,2
Appartements,3,1,80.0,100.0,Bizerte,Bizerte,1.25,2.0043,very_low,medium,1
Appartements,3,1,80.0,100.0,Bizerte,Bizerte,1.25,2.0043,very_low,medium,1
Appartements,3,1,110.0,350.0,Bizerte,Ras Jebel,3.18,2.5453,low,large,1
Appartements,3,1,112.0,350.0,Bizerte,Autres villes,3.12,2.5453,low,large,1
Appartements,2,1,80.0,320.0,Bizerte,Bizerte,4.0,2.5065,low,medium,1
Maisons et Villas,3,1,300.0,550.0,Bizerte,Bizerte,1.83,2.7412,low,extra_large,2
"Magasins, Commerces et Locaux industriels",1,1,40.0,480.0,Bizerte,Bizerte,12.0,2.6821,low,small,2
"Magasins, Commerces et Locaux industriels",1,1,50.0,2800.0,Bizerte,Bizerte Sud,56.0,3.4473,high,small,2
Maisons et Villas,3,1,300.0,230.0,Bizerte,Bizerte Sud,0.77,2.3636,very_low,extra_large,2
Appartements,2,1,50.0,320.0,Bizerte,Autres villes,6.4,2.5065,low,small,1
Appartements,3,1,105.0,550.0,Bizerte,Zarzouna,5.24,2.7412,low,large,1
Appartements,1,1,60.0,420.0,Bizerte,Autres villes,7.0,2.6243,low,medium,1
Appartements,1,1,60.0,400.0,Bizerte,Bizerte Nord,6.67,2.6031,low,medium,1
Maisons et Villas,3,1,130.0,350.0,Bizerte,Autres villes,2.69,2.5453,low,large,2
Appartements,3,1,100.0,300.0,Bizerte,Bizerte Sud,3.0,2.4786,very_low,medium,1
Appartements,2,1,70.0,300.0,Bizerte,Bizerte Nord,4.29,2.4786,very_low,medium,1
Appartements,2,1,100.0,400.0,Bizerte,Bizerte Nord,4.0,2.6031,low,medium,1
Locations de vacances,2,1,120.0,45.0,Bizerte,Autres villes,0.38,1.6628,very_low,large,2
Maisons et Villas,1,1,80.0,330.0,Bizerte,Bizerte Nord,4.12,2.5198,low,medium,2
Appartements,2,1,60.0,380.0,Bizerte,Bizerte Nord,6.33,2.5809,low,medium,1
Appartements,3,1,87.0,500.0,Bizerte,Bizerte,5.75,2.6998,low,medium,1
Appartements,3,1,60.0,300.0,Bizerte,Ras Jebel,5.0,2.4786,very_low,medium,1
Appartements,3,2,120.0,530.0,Bizerte,Menzel Bourguiba,4.42,2.7251,low,large,1
Appartements,2,1,90.0,500.0,Bizerte,Bizerte Nord,5.56,2.6998,low,medium,1
Appartements,3,1,80.0,100.0,Bizerte,Bizerte,1.25,2.0043,very_low,medium,1
Maisons et Villas,4,1,170.0,550.0,Bizerte,Bizerte,3.24,2.7412,low,large,2
Maisons et Villas,3,1,150.0,300.0,Bizerte,Ras Jebel,2.0,2.4786,very_low,large,2
Appartements,3,1,110.0,350.0,Bizerte,Ras Jebel,3.18,2.5453,low,large,1
"Magasins, Commerces et Locaux industriels",1,0,40.0,850.0,Bizerte,Bizerte Nord,21.25,2.9299,medium,small,2
Maisons et Villas,1,1,70.0,200.0,Bizerte,Zarzouna,2.86,2.3032,very_low,medium,2
Maisons et Villas,2,1,115.0,600.0,Bizerte,Bizerte Nord,5.22,2.7789,low,large,2
Maisons et Villas,3,1,80.0,250.0,Bizerte,Bizerte Sud,3.12,2.3997,very_low,medium,2
Appartements,1,1,80.0,150.0,Bizerte,Bizerte,1.88,2.179,very_low,medium,1
Appartements,2,1,100.0,200.0,Bizerte,Bizerte,2.0,2.3032,very_low,medium,1
Appartements,2,1,402.0,75.0,Bizerte,Bizerte,0.19,1.8808,very_low,extra_large,1
Appartements,3,1,120.0,750.0,Bizerte,Autres villes,6.25,2.8756,medium,large,1
Maisons et Villas,4,1,150.0,580.0,Bizerte,Bizerte,3.87,2.7642,low,large,2
Appartements,1,1,60.0,420.0,Bizerte,Autres villes,7.0,2.6243,low,medium,1
Appartements,3,1,160.0,350.0,Bizerte,Bizerte Nord,2.19,2.5453,low,large,1
Maisons et Villas,4,1,150.0,580.0,Bizerte,Autres villes,3.87,2.7642,low,large,2
Appartements,1,1,60.0,400.0,Bizerte,Autres villes,6.67,2.6031,low,medium,1
Appartements,2,1,80.0,500.0,Bizerte,Bizerte Sud,6.25,2.6998,low,medium,1
Maisons et Villas,4,2,500.0,1500.0,Bizerte,Bizerte Nord,3.0,3.1764,medium,extra_large,2
Maisons et Villas,3,1,90.0,380.0,Bizerte,Bizerte Nord,4.22,2.5809,low,medium,2
Appartements,2,1,80.0,300.0,Bizerte,Bizerte Nord,3.75,2.4786,very_low,medium,1
Appartements,3,1,90.0,450.0,Bizerte,Bizerte Nord,5.0,2.6542,low,medium,1
Maisons et Villas,3,1,100.0,650.0,Bizerte,Autres villes,6.5,2.8136,low,medium,2
Maisons et Villas,5,3,250.0,1200.0,Bizerte,Bizerte Nord,4.8,3.0795,medium,extra_large,2
Appartements,2,1,40.0,60.0,Bizerte,Bizerte Nord,1.5,1.7853,very_low,small,1
Appartements,2,1,70.0,400.0,Bizerte,Bizerte Nord,5.71,2.6031,low,medium,1
Appartements,2,1,100.0,200.0,Bizerte,Bizerte,2.0,2.3032,very_low,medium,1
Appartements,1,1,100.0,150.0,Bizerte,Bizerte,1.5,2.179,very_low,medium,1
Locations de vacances,3,1,350.0,111.0,Bizerte,Bizerte,0.32,2.0492,very_low,extra_large,2
Appartements,3,1,90.0,450.0,Bizerte,Bizerte Nord,5.0,2.6542,low,medium,1
Appartements,3,1,90.0,250.0,Gabès,Gabès,2.78,2.3997,very_low,medium,1
Maisons et Villas,3,1,90.0,250.0,Gabès,Gabès Médina,2.78,2.3997,very_low,medium,2
Locations de vacances,2,1,120.0,80.0,Gabès,Gabès Sud,0.67,1.9085,very_low,large,2
Locations de vacances,2,1,120.0,70.0,Gabès,Gabès Médina,0.58,1.8513,very_low,large,2
Appartements,2,1,130.0,300.0,Gabès,Gabès Médina,2.31,2.4786,very_low,large,1
Appartements,3,1,150.0,350.0,Gabès,Autres villes,2.33,2.5453,low,large,1
Locations de vacances,2,1,90.0,45.0,Gabès,Autres villes,0.5,1.6628,very_low,medium,2
Locations de vacances,3,1,240.0,65.0,Gabès,Autres villes,0.27,1.8195,very_low,extra_large,2
Maisons et Villas,3,1,90.0,200.0,Gabès,Métouia,2.22,2.3032,very_low,medium,2
Appartements,3,1,100.0,250.0,Gabès,Autres villes,2.5,2.3997,very_low,medium,1
Maisons et Villas,3,2,150.0,400.0,Gabès,Gabès Sud,2.67,2.6031,low,large,2
Appartements,2,1,70.0,420.0,Gabès,Gabès,6.0,2.6243,low,medium,1
Maisons et Villas,4,1,200.0,400.0,Gabès,Gabès Sud,2.0,2.6031,low,large,2
Locations de vacances,2,1,100.0,50.0,Gabès,Autres villes,0.5,1.7076,very_low,medium,2
Maisons et Villas,2,1,70.0,300.0,Gabès,Autres villes,4.29,2.4786,very_low,medium,2
Appartements,3,1,110.0,550.0,Gabès,Autres villes,5.0,2.7412,low,large,1
Maisons et Villas,3,2,160.0,500.0,Gabès,Gabès Sud,3.12,2.6998,low,large,2
Appartements,3,2,150.0,600.0,Gabès,Gabès Sud,4.0,2.7789,low,large,1
Appartements,3,1,85.0,300.0,Gabès,Autres villes,3.53,2.4786,very_low,medium,1
Appartements,1,1,90.0,370.0,Gabès,Autres villes,4.11,2.5694,low,medium,1
Locations de vacances,3,1,110.0,45.0,Gabès,Autres villes,0.41,1.6628,very_low,large,2
Appartements,2,1,150.0,70.0,Gabès,Gabès Sud,0.47,1.8513,very_low,large,1
Appartements,2,1,70.0,350.0,Gabès,Autres villes,5.0,2.5453,low,medium,1
Appartements,3,1,160.0,400.0,Gabès,Gabès,2.5,2.6031,low,large,1
Appartements,2,1,70.0,220.0,Gabès,Autres villes,3.14,2.3444,very_low,medium,1
Maisons et Villas,4,2,400.0,550.0,Gabès,Gabès Sud,1.38,2.7412,low,extra_large,2
Appartements,1,1,80.0,600.0,Gabès,Gabès Médina,7.5,2.7789,low,medium,1
Appartements,3,1,115.0,550.0,Gabès,Autres villes,4.78,2.7412,low,large,1
Appartements,2,1,90.0,520.0,Gabès,Gabès Médina,5.78,2.7168,low,medium,1
Appartements,2,1,60.0,250.0,Gabès,Gabès Sud,4.17,2.3997,very_low,medium,1
Appartements,2,1,100.0,350.0,Gabès,Autres villes,3.5,2.5453,low,medium,1
Appartements,2,1,70.0,420.0,Gabès,Gabès,6.0,2.6243,low,medium,1
Maisons et Villas,4,1,70.0,1200.0,Gabès,Gabès,17.14,3.0795,medium,medium,2
Appartements,2,1,80.0,400.0,Gabès,Gabès Sud,5.0,2.6031,low,medium,1
Appartements,3,2,160.0,450.0,Gabès,Autres villes,2.81,2.6542,low,large,1
Maisons et Villas,2,1,100.0,220.0,Gabès,Gabès Médina,2.2,2.3444,very_low,medium,2
Maisons et Villas,2,2,110.0,450.0,Gabès,Autres villes,4.09,2.6542,low,large,2
Appartements,2,1,250.0,75.0,Gabès,Autres villes,0.3,1.8808,very_low,extra_large,1
Appartements,2,1,100.0,480.0,Gabès,Gabès Sud,4.8,2.6821,low,medium,1
Appartements,1,1,30.0,250.0,Gabès,Gabès Sud,8.33,2.3997,very_low,small,1
Maisons et Villas,3,1,200.0,650.0,Gabès,Gabès Sud,3.25,2.8136,low,large,2
Maisons et Villas,3,1,100.0,700.0,Gabès,Gabès Médina,7.0,2.8457,low,medium,2
Maisons et Villas,1,3,300.0,350.0,Gabès,Autres villes,1.17,2.5453,low,extra_large,2
Locations de vacances,3,1,240.0,65.0,Gabès,Autres villes,0.27,1.8195,very_low,extra_large,2
Locations de vacances,3,1,200.0,200.0,Gabès,Mareth,1.0,2.3032,very_low,large,2
Appartements,1,1,40.0,180.0,Gabès,Autres villes,4.5,2.2577,very_low,small,1
Appartements,4,1,150.0,450.0,Gabès,Gabès Médina,3.0,2.6542,low,large,1
Appartements,3,1,90.0,300.0,Gabès,Autres villes,3.33,2.4786,very_low,medium,1
Locations de vacances,2,1,120.0,80.0,Gabès,Gabès Sud,0.67,1.9085,very_low,large,2
Locations de vacances,4,3,250.0,120.0,Gabès,Gabès Sud,0.48,2.0828,very_low,extra_large,2
Maisons et Villas,2,1,120.0,170.0,Gabès,Gabès Sud,1.42,2.233,very_low,large,2
Maisons et Villas,3,1,250.0,400.0,Gabès,Autres villes,1.6,2.6031,low,extra_large,2
Appartements,2,1,100.0,400.0,Gabès,Gabès,4.0,2.6031,low,medium,1
Appartements,3,1,160.0,400.0,Gabès,Gabès,2.5,2.6031,low,large,1
Maisons et Villas,2,1,120.0,330.0,Gabès,Gabès,2.75,2.5198,low,large,2
Appartements,3,1,150.0,50.0,Gabès,Autres villes,0.33,1.7076,very_low,large,1
Maisons et Villas,2,1,70.0,420.0,Gabès,Gabès Ouest,6.0,2.6243,low,medium,2
Appartements,2,1,100.0,600.0,Gabès,Gabès Médina,6.0,2.7789,low,medium,1
Maisons et Villas,2,1,130.0,380.0,Gabès,Gabès Sud,2.92,2.5809,low,large,2
Locations de vacances,2,1,104.0,60.0,Gabès,Gabès Sud,0.58,1.7853,very_low,large,2
Locations de vacances,3,1,77.0,70.0,Gabès,Gabès,0.91,1.8513,very_low,medium,2
Locations de vacances,2,1,52.0,60.0,Gabès,El Hamma,1.15,1.7853,very_low,medium,2
Locations de vacances,1,1,45.0,60.0,Gabès,Gabès,1.33,1.7853,very_low,small,2
Appartements,1,1,45.0,60.0,Gabès,Gabès,1.33,1.7853,very_low,small,1
Appartements,3,1,100.0,300.0,Gabès,Métouia,3.0,2.4786,very_low,medium,1
Appartements,2,1,88.0,70.0,Gabès,Gabès,0.8,1.8513,very_low,medium,1
Locations de vacances,2,1,60.0,70.0,Gabès,Autres villes,1.17,1.8513,very_low,medium,2
Maisons et Villas,2,1,111.0,100.0,Gabès,Gabès Sud,0.9,2.0043,very_low,large,2
Appartements,2,1,125.0,100.0,Gabès,Gabès Sud,0.8,2.0043,very_low,large,1
Maisons et Villas,3,1,77.0,70.0,Gabès,Gabès,0.91,1.8513,very_low,medium,2
Locations de vacances,2,1,99.0,70.0,Gabès,Autres villes,0.71,1.8513,very_low,medium,2
Appartements,2,1,88.0,70.0,Gabès,Autres villes,0.8,1.8513,very_low,medium,1
Locations de vacances,2,1,111.0,70.0,Gabès,Gabès,0.63,1.8513,very_low,large,2
Locations de vacances,3,1,240.0,70.0,Gabès,Autres villes,0.29,1.8513,very_low,extra_large,2
Appartements,2,1,70.0,300.0,Gabès,Gabès Médina,4.29,2.4786,very_low,medium,1
Locations de vacances,2,1,50.0,60.0,Gabès,El Hamma,1.2,1.7853,very_low,small,2
Appartements,2,1,90.0,350.0,Gabès,Autres villes,3.89,2.5453,low,medium,1
Maisons et Villas,4,1,140.0,350.0,Gafsa,Gafsa Sud,2.5,2.5453,low,large,2
Appartements,3,1,110.0,370.0,Gafsa,Gafsa Sud,3.36,2.5694,low,large,1
Appartements,1,1,100.0,150.0,Gafsa,Gafsa Sud,1.5,2.179,very_low,medium,1
Appartements,3,1,110.0,370.0,Gafsa,Gafsa Sud,3.36,2.5694,low,large,1
Appartements,3,1,150.0,380.0,Gafsa,Gafsa Sud,2.53,2.5809,low,large,1
Maisons et Villas,4,1,420.0,280.0,Gafsa,Autres villes,0.67,2.4487,very_low,extra_large,2
Maisons et Villas,3,1,150.0,240.0,Gafsa,Gafsa Sud,1.6,2.382,very_low,large,2
Appartements,1,1,40.0,300.0,Gafsa,Gafsa Sud,7.5,2.4786,very_low,small,1
Appartements,4,1,200.0,350.0,Gafsa,Gafsa Sud,1.75,2.5453,low,large,1
Appartements,3,1,110.0,390.0,Gafsa,Gafsa Sud,3.55,2.5922,low,large,1
Appartements,3,1,110.0,390.0,Gafsa,Gafsa Sud,3.55,2.5922,low,large,1
Maisons et Villas,3,1,120.0,320.0,Gafsa,Gafsa Sud,2.67,2.5065,low,large,2
Appartements,3,1,80.0,350.0,Gafsa,Autres villes,4.38,2.5453,low,medium,1
Maisons et Villas,3,1,140.0,350.0,Gafsa,Gafsa Sud,2.5,2.5453,low,large,2
Maisons et Villas,3,1,500.0,470.0,Gafsa,Autres villes,0.94,2.673,low,extra_large,2
"Magasins, Commerces et Locaux industriels",1,1,100.0,500.0,Gafsa,Autres villes,5.0,2.6998,low,medium,2
Appartements,2,1,160.0,200.0,Gafsa,Autres villes,1.25,2.3032,very_low,large,1
Maisons et Villas,5,2,200.0,650.0,Gafsa,Autres villes,3.25,2.8136,low,large,2
Maisons et Villas,4,1,140.0,350.0,Gafsa,Gafsa Sud,2.5,2.5453,low,large,2
Appartements,3,1,110.0,390.0,Gafsa,Gafsa Sud,3.55,2.5922,low,large,1
Maisons et Villas,4,1,400.0,450.0,Gafsa,Gafsa Sud,1.12,2.6542,low,extra_large,2
Locations de vacances,3,2,200.0,240.0,Jendouba,Tabarka,1.2,2.382,very_low,large,2
Appartements,4,1,120.0,350.0,Jendouba,Autres villes,2.92,2.5453,low,large,1
Appartements,2,1,50.0,60.0,Jendouba,Tabarka,1.2,1.7853,very_low,small,1
Locations de vacances,3,1,120.0,60.0,Jendouba,Tabarka,0.5,1.7853,very_low,large,2
Appartements,2,1,50.0,200.0,Jendouba,Jendouba,4.0,2.3032,very_low,small,1
Locations de vacances,3,1,120.0,60.0,Jendouba,Tabarka,0.5,1.7853,very_low,large,2
Locations de vacances,2,1,110.0,100.0,Jendouba,Tabarka,0.91,2.0043,very_low,large,2
Appartements,3,1,120.0,400.0,Jendouba,Jendouba,3.33,2.6031,low,large,1
Appartements,2,1,50.0,200.0,Jendouba,Jendouba,4.0,2.3032,very_low,small,1
Locations de vacances,3,1,120.0,70.0,Jendouba,Ain Draham,0.58,1.8513,very_low,large,2
Appartements,4,1,70.0,70.0,Jendouba,Ain Draham,1.0,1.8513,very_low,medium,1
Maisons et Villas,4,1,160.0,400.0,Jendouba,Bou Salem,2.5,2.6031,low,large,2
Maisons et Villas,4,1,180.0,400.0,Jendouba,Autres villes,2.22,2.6031,low,large,2
Locations de vacances,1,1,60.0,50.0,Jendouba,Tabarka,0.83,1.7076,very_low,medium,2
Locations de vacances,3,1,150.0,80.0,Jendouba,Ain Draham,0.53,1.9085,very_low,large,2
Maisons et Villas,4,2,200.0,400.0,Jendouba,Autres villes,2.0,2.6031,low,large,2
Locations de vacances,2,1,120.0,50.0,Jendouba,Tabarka,0.42,1.7076,very_low,large,2
Maisons et Villas,3,1,150.0,400.0,Jendouba,Jendouba,2.67,2.6031,low,large,2
Appartements,1,1,50.0,50.0,Jendouba,Tabarka,1.0,1.7076,very_low,small,1
Locations de vacances,3,2,200.0,240.0,Jendouba,Tabarka,1.2,2.382,very_low,large,2
Locations de vacances,3,1,120.0,60.0,Jendouba,Tabarka,0.5,1.7853,very_low,large,2
Locations de vacances,1,1,120.0,50.0,Jendouba,Autres villes,0.42,1.7076,very_low,large,2
Maisons et Villas,3,2,250.0,350.0,Kairouan,Kairouan,1.4,2.5453,low,extra_large,2
Appartements,4,1,160.0,400.0,Kairouan,Kairouan,2.5,2.6031,low,large,1
Maisons et Villas,3,1,95.0,230.0,Kairouan,Kairouan Sud,2.42,2.3636,very_low,medium,2
"Magasins, Commerces et Locaux industriels",1,1,240.0,4000.0,Kairouan,Kairouan,16.67,3.6022,high,extra_large,0
Maisons et Villas,3,1,100.0,350.0,Kairouan,Kairouan,3.5,2.5453,low,medium,2
Appartements,1,1,50.0,220.0,Kairouan,Kairouan,4.4,2.3444,very_low,small,3
Appartements,1,1,70.0,400.0,Kairouan,Autres villes,5.71,2.6031,low,medium,1
Appartements,2,1,150.0,230.0,Kairouan,Autres villes,1.53,2.3636,very_low,large,1
Appartements,2,1,80.0,300.0,Kairouan,Kairouan Nord,3.75,2.4786,very_low,medium,1
Appartements,2,1,30.0,130.0,Kairouan,Kairouan Sud,4.33,2.1173,very_low,small,3
Maisons et Villas,4,1,150.0,280.0,Kairouan,Kairouan Sud,1.87,2.4487,very_low,large,2
Appartements,2,1,120.0,350.0,Kairouan,Kairouan Sud,2.92,2.5453,low,large,1
"Magasins, Commerces et Locaux industriels",1,1,380.0,4000.0,Kairouan,Haffouz,10.53,3.6022,high,extra_large,0
Maisons et Villas,3,1,120.0,300.0,Kairouan,Autres villes,2.5,2.4786,very_low,large,2
Maisons et Villas,4,1,200.0,350.0,Kairouan,Kairouan Nord,1.75,2.5453,low,large,2
"Magasins, Commerces et Locaux industriels",1,1,690.0,4000.0,Kairouan,Kairouan,5.8,3.6022,high,extra_large,0
Bureaux et Plateaux,3,1,160.0,800.0,Kairouan,Kairouan,5.0,2.9036,medium,large,1
Appartements,3,1,95.0,400.0,Kairouan,Kairouan,4.21,2.6031,low,medium,1
Maisons et Villas,5,2,300.0,800.0,Kairouan,Kairouan Sud,2.67,2.9036,medium,extra_large,2
"Magasins, Commerces et Locaux industriels",11,3,350.0,500.0,Kairouan,Kairouan Nord,1.43,2.6998,low,extra_large,2
Appartements,2,1,50.0,350.0,Kairouan,Kairouan Sud,7.0,2.5453,low,small,1
Bureaux et Plateaux,3,1,60.0,315.0,Kairouan,Kairouan Nord,5.25,2.4997,low,medium,1
Maisons et Villas,4,1,200.0,500.0,Kairouan,Kairouan Nord,2.5,2.6998,low,large,2
Maisons et Villas,3,1,100.0,600.0,Kairouan,Kairouan,6.0,2.7789,low,medium,2
Appartements,2,1,54.0,330.0,Kairouan,Autres villes,6.11,2.5198,low,medium,1
Appartements,2,1,45.0,200.0,Kairouan,Autres villes,4.44,2.3032,very_low,small,3
Maisons et Villas,2,1,150.0,250.0,Kairouan,Autres villes,1.67,2.3997,very_low,large,2
"Magasins, Commerces et Locaux industriels",5,3,1000.0,3000.0,Kairouan,Chebika,3.0,3.4773,high,extra_large,0
Bureaux et Plateaux,3,1,45.0,600.0,Kairouan,Kairouan,13.33,2.7789,low,small,1
Appartements,2,1,140.0,450.0,Kairouan,Kairouan Nord,3.21,2.6542,low,large,1
Appartements,2,1,60.0,250.0,Kairouan,Kairouan Nord,4.17,2.3997,very_low,medium,1
Maisons et Villas,3,2,300.0,450.0,Kasserine,Autres villes,1.5,2.6542,low,extra_large,2
Locations de vacances,2,1,120.0,280.0,Kasserine,Kasserine Nord,2.33,2.4487,very_low,large,2
Maisons et Villas,3,1,120.0,300.0,Kasserine,Sbeïtla,2.5,2.4786,very_low,large,2
Maisons et Villas,4,1,150.0,380.0,Kasserine,Kasserine Nord,2.53,2.5809,low,large,2
Bureaux et Plateaux,2,1,65.0,200.0,Kébili,Autres villes,3.08,2.3032,very_low,medium,3
Maisons et Villas,3,1,100.0,400.0,La manouba,Oued Ellil,4.0,2.6031,low,medium,2
Appartements,3,1,80.0,350.0,La manouba,Douar Hicher,4.38,2.5453,low,medium,3
Maisons et Villas,3,1,100.0,600.0,La manouba,Autres villes,6.0,2.7789,low,medium,2
Maisons et Villas,2,1,90.0,350.0,La manouba,Mornaguia,3.89,2.5453,low,medium,2
Appartements,3,2,120.0,700.0,La manouba,Manouba Ville,5.83,2.8457,low,large,1
Appartements,2,1,100.0,600.0,La manouba,Denden,6.0,2.7789,low,medium,3
Maisons et Villas,3,2,170.0,600.0,La manouba,Oued Ellil,3.53,2.7789,low,large,2
Maisons et Villas,3,1,130.0,500.0,La manouba,La manouba,3.85,2.6998,low,large,2
"Magasins, Commerces et Locaux industriels",1,1,62.0,1400.0,La manouba,Autres villes,22.58,3.1464,medium,medium,2
Maisons et Villas,3,1,80.0,350.0,La manouba,Douar Hicher,4.38,2.5453,low,medium,2
Maisons et Villas,2,1,100.0,320.0,La manouba,La manouba,3.2,2.5065,low,medium,2
Appartements,2,1,60.0,260.0,La manouba,Douar Hicher,4.33,2.4166,very_low,medium,3
Maisons et Villas,5,1,180.0,950.0,La manouba,La manouba,5.28,2.9782,medium,large,0
"Magasins, Commerces et Locaux industriels",1,1,600.0,2600.0,La manouba,Mornaguia,4.33,3.4151,high,extra_large,0
Bureaux et Plateaux,2,1,70.0,400.0,La manouba,Denden,5.71,2.6031,low,medium,3
Maisons et Villas,4,1,100.0,1000.0,La manouba,La manouba,10.0,3.0004,medium,medium,2
Appartements,2,1,60.0,75.0,La manouba,La manouba,1.25,1.8808,very_low,medium,3
Appartements,2,1,60.0,75.0,La manouba,La manouba,1.25,1.8808,very_low,medium,3
Maisons et Villas,3,1,100.0,350.0,La manouba,Oued Ellil,3.5,2.5453,low,medium,2
Appartements,3,1,130.0,550.0,La manouba,La manouba,4.23,2.7412,low,large,1
Appartements,3,1,75.0,300.0,La manouba,Autres villes,4.0,2.4786,very_low,medium,3
Appartements,3,1,90.0,360.0,La manouba,Oued Ellil,4.0,2.5575,low,medium,3
Appartements,2,1,62.0,370.0,La manouba,Denden,5.97,2.5694,low,medium,3
Maisons et Villas,5,1,150.0,510.0,La manouba,Autres villes,3.4,2.7084,low,large,2
Maisons et Villas,4,2,110.0,650.0,La manouba,Manouba Ville,5.91,2.8136,low,large,2
Maisons et Villas,5,1,170.0,1300.0,La manouba,Manouba Ville,7.65,3.1143,medium,large,0
Appartements,2,1,90.0,600.0,La manouba,Autres villes,6.67,2.7789,low,medium,3
Appartements,3,1,90.0,400.0,La manouba,Manouba Ville,4.44,2.6031,low,medium,3
Appartements,2,1,70.0,330.0,La manouba,Oued Ellil,4.71,2.5198,low,medium,3
Maisons et Villas,3,1,80.0,350.0,La manouba,Autres villes,4.38,2.5453,low,medium,2
Maisons et Villas,4,1,150.0,1500.0,La manouba,Menzel El Habib,10.0,3.1764,medium,large,0
Appartements,3,2,120.0,750.0,La manouba,Manouba Ville,6.25,2.8756,medium,large,4
Appartements,4,2,176.0,750.0,La manouba,Autres villes,4.26,2.8756,medium,large,4
Maisons et Villas,3,1,80.0,350.0,La manouba,Manouba Ville,4.38,2.5453,low,medium,2
Appartements,3,2,140.0,950.0,La manouba,La manouba,6.79,2.9782,medium,large,4
Appartements,3,2,140.0,950.0,La manouba,Denden,6.79,2.9782,medium,large,4
Appartements,3,1,105.0,850.0,La manouba,Denden,8.1,2.9299,medium,large,4
Appartements,2,1,65.0,600.0,La manouba,Denden,9.23,2.7789,low,medium,3
Appartements,1,1,55.0,370.0,La manouba,Denden,6.73,2.5694,low,medium,3
Appartements,3,2,100.0,500.0,La manouba,Manouba Ville,5.0,2.6998,low,medium,3
Maisons et Villas,3,1,120.0,350.0,La manouba,Autres villes,2.92,2.5453,low,large,2
Maisons et Villas,3,1,140.0,400.0,La manouba,Autres villes,2.86,2.6031,low,large,2
Appartements,2,1,80.0,450.0,La manouba,Manouba Ville,5.62,2.6542,low,medium,3
Maisons et Villas,3,1,90.0,280.0,La manouba,Douar Hicher,3.11,2.4487,very_low,medium,2
Maisons et Villas,3,1,90.0,280.0,La manouba,Douar Hicher,3.11,2.4487,very_low,medium,2
Appartements,2,1,65.0,520.0,La manouba,La manouba,8.0,2.7168,low,medium,3
Appartements,2,1,65.0,500.0,La manouba,Manouba Ville,7.69,2.6998,low,medium,3
Bureaux et Plateaux,2,1,50.0,600.0,La manouba,Autres villes,12.0,2.7789,low,small,3
Maisons et Villas,3,1,80.0,600.0,La manouba,Autres villes,7.5,2.7789,low,medium,2
Maisons et Villas,3,1,150.0,350.0,La manouba,Autres villes,2.33,2.5453,low,large,2
Appartements,2,1,50.0,140.0,La manouba,Denden,2.8,2.1492,very_low,small,3
Maisons et Villas,1,1,90.0,45.0,La manouba,La manouba,0.5,1.6628,very_low,medium,2
Maisons et Villas,4,2,180.0,580.0,La manouba,La manouba,3.22,2.7642,low,large,2
Maisons et Villas,3,1,370.0,800.0,La manouba,Autres villes,2.16,2.9036,medium,extra_large,0
Maisons et Villas,3,1,130.0,450.0,La manouba,La manouba,3.46,2.6542,low,large,2
Maisons et Villas,2,1,100.0,300.0,La manouba,Autres villes,3.0,2.4786,very_low,medium,2
"Magasins, Commerces et Locaux industriels",2,1,30.0,450.0,La manouba,La manouba,15.0,2.6542,low,small,2
"Magasins, Commerces et Locaux industriels",2,1,30.0,450.0,La manouba,La manouba,15.0,2.6542,low,small,2
Appartements,3,1,90.0,450.0,La manouba,Oued Ellil,5.0,2.6542,low,medium,3
Appartements,2,1,60.0,500.0,La manouba,Manouba Ville,8.33,2.6998,low,medium,3
Appartements,2,1,94.0,400.0,La manouba,Oued Ellil,4.26,2.6031,low,medium,3
Maisons et Villas,4,2,100.0,650.0,La manouba,Manouba Ville,6.5,2.8136,low,medium,2
Appartements,3,1,90.0,580.0,La manouba,Manouba Ville,6.44,2.7642,low,medium,3
Maisons et Villas,2,1,200.0,400.0,La manouba,Borj El Amri,2.0,2.6031,low,large,2
Appartements,1,1,120.0,250.0,La manouba,Autres villes,2.08,2.3997,very_low,large,3
Maisons et Villas,5,2,120.0,680.0,La manouba,Denden,5.67,2.8331,low,large,2
Appartements,4,1,75.0,650.0,La manouba,Manouba Ville,8.67,2.8136,low,medium,3
Colocations,2,1,80.0,150.0,La manouba,Manouba Ville,1.88,2.179,very_low,medium,3
Maisons et Villas,2,1,100.0,280.0,La manouba,Douar Hicher,2.8,2.4487,very_low,medium,2
Maisons et Villas,2,1,150.0,750.0,La manouba,La manouba,5.0,2.8756,medium,large,0
Maisons et Villas,2,1,200.0,600.0,La manouba,Manouba Ville,3.0,2.7789,low,large,2
Maisons et Villas,3,1,110.0,350.0,La manouba,Autres villes,3.18,2.5453,low,large,2
Maisons et Villas,3,1,80.0,350.0,La manouba,Douar Hicher,4.38,2.5453,low,medium,2
Maisons et Villas,3,1,100.0,350.0,La manouba,Oued Ellil,3.5,2.5453,low,medium,2
Appartements,3,1,90.0,320.0,La manouba,Douar Hicher,3.56,2.5065,low,medium,3
Maisons et Villas,2,1,90.0,400.0,La manouba,Mornaguia,4.44,2.6031,low,medium,2
Appartements,2,1,70.0,380.0,La manouba,Denden,5.43,2.5809,low,medium,3
Appartements,2,1,35.0,290.0,La manouba,Manouba Ville,8.29,2.4639,very_low,small,3
Appartements,2,1,100.0,320.0,La manouba,La manouba,3.2,2.5065,low,medium,3
Maisons et Villas,4,1,120.0,400.0,La manouba,Autres villes,3.33,2.6031,low,large,2
Appartements,3,1,90.0,500.0,La manouba,Manouba Ville,5.56,2.6998,low,medium,3
Appartements,3,1,80.0,350.0,La manouba,Douar Hicher,4.38,2.5453,low,medium,3
Bureaux et Plateaux,3,2,130.0,850.0,La manouba,Tebourba,6.54,2.9299,medium,large,4
Appartements,2,1,80.0,600.0,La manouba,Denden,7.5,2.7789,low,medium,3
Appartements,3,1,90.0,500.0,La manouba,Autres villes,5.56,2.6998,low,medium,3
Appartements,3,1,89.0,500.0,La manouba,Manouba Ville,5.62,2.6998,low,medium,3
Appartements,3,1,143.0,1000.0,La manouba,La manouba,6.99,3.0004,medium,large,4
Appartements,2,1,98.0,650.0,La manouba,Manouba Ville,6.63,2.8136,low,medium,3
Maisons et Villas,3,1,100.0,430.0,La manouba,Manouba Ville,4.3,2.6345,low,medium,2
Appartements,2,1,100.0,500.0,La manouba,Denden,5.0,2.6998,low,medium,3
Bureaux et Plateaux,2,1,96.0,800.0,La manouba,La manouba,8.33,2.9036,medium,medium,4
Maisons et Villas,2,1,80.0,430.0,La manouba,Denden,5.38,2.6345,low,medium,2
Maisons et Villas,3,1,120.0,150.0,La manouba,La manouba,1.25,2.179,very_low,large,2
Maisons et Villas,4,1,120.0,150.0,La manouba,La manouba,1.25,2.179,very_low,large,2
Maisons et Villas,4,1,150.0,650.0,La manouba,Denden,4.33,2.8136,low,large,2
Appartements,3,1,120.0,550.0,La manouba,La manouba,4.58,2.7412,low,large,1
Appartements,2,1,110.0,600.0,La manouba,La manouba,5.45,2.7789,low,large,1
Appartements,3,1,75.0,550.0,La manouba,La manouba,7.33,2.7412,low,medium,3
Maisons et Villas,3,1,100.0,400.0,La manouba,La manouba,4.0,2.6031,low,medium,2
Maisons et Villas,3,1,100.0,430.0,La manouba,Autres villes,4.3,2.6345,low,medium,2
Appartements,2,1,65.0,400.0,La manouba,Manouba Ville,6.15,2.6031,low,medium,3
Maisons et Villas,3,1,150.0,600.0,La manouba,La manouba,4.0,2.7789,low,large,2
Maisons et Villas,4,3,190.0,1100.0,La manouba,Manouba Ville,5.79,3.0418,medium,large,0
Maisons et Villas,4,1,150.0,850.0,La manouba,Manouba Ville,5.67,2.9299,medium,large,0
Maisons et Villas,4,1,120.0,150.0,La manouba,La manouba,1.25,2.179,very_low,large,2
Appartements,3,1,95.0,430.0,La manouba,Denden,4.53,2.6345,low,medium,3
Appartements,3,1,100.0,600.0,La manouba,Manouba Ville,6.0,2.7789,low,medium,3
Appartements,1,1,40.0,280.0,La manouba,Manouba Ville,7.0,2.4487,very_low,small,3
Maisons et Villas,4,1,180.0,300.0,La manouba,Mornaguia,1.67,2.4786,very_low,large,2
Appartements,4,1,156.0,700.0,La manouba,Autres villes,4.49,2.8457,low,large,1
Maisons et Villas,5,2,120.0,450.0,La manouba,Douar Hicher,3.75,2.6542,low,large,2
Appartements,2,1,60.0,500.0,La manouba,Manouba Ville,8.33,2.6998,low,medium,3
Appartements,1,1,80.0,450.0,La manouba,La manouba,5.62,2.6542,low,medium,3
Appartements,3,1,140.0,400.0,La manouba,Denden,2.86,2.6031,low,large,1
Appartements,2,1,100.0,640.0,La manouba,La manouba,6.4,2.8069,low,medium,3
Appartements,2,1,55.0,350.0,La manouba,Denden,6.36,2.5453,low,medium,3
Appartements,2,1,65.0,640.0,La manouba,La manouba,9.85,2.8069,low,medium,3
Maisons et Villas,1,1,100.0,150.0,La manouba,Denden,1.5,2.179,very_low,medium,2
Maisons et Villas,1,1,100.0,150.0,La manouba,Denden,1.5,2.179,very_low,medium,2
Bureaux et Plateaux,3,1,50.0,600.0,La manouba,Denden,12.0,2.7789,low,small,3
"Magasins, Commerces et Locaux industriels",1,1,37.0,620.0,La manouba,Autres villes,16.76,2.7931,low,small,2
Appartements,3,1,120.0,370.0,La manouba,Denden,3.08,2.5694,low,large,1
Maisons et Villas,3,2,180.0,400.0,La manouba,Autres villes,2.22,2.6031,low,large,2
Appartements,3,1,116.0,620.0,La manouba,Manouba Ville,5.34,2.7931,low,large,1
Maisons et Villas,3,1,150.0,300.0,La manouba,Autres villes,2.0,2.4786,very_low,large,2
Maisons et Villas,4,2,140.0,750.0,La manouba,Autres villes,5.36,2.8756,medium,large,0
Appartements,2,1,70.0,450.0,La manouba,La manouba,6.43,2.6542,low,medium,3
Locations de vacances,2,1,60.0,75.0,La manouba,La manouba,1.25,1.8808,very_low,medium,2
Maisons et Villas,2,1,76.0,430.0,La manouba,La manouba,5.66,2.6345,low,medium,2
Bureaux et Plateaux,3,1,90.0,600.0,La manouba,Denden,6.67,2.7789,low,medium,3
Appartements,3,1,93.0,700.0,La manouba,La manouba,7.53,2.8457,low,medium,3
"Magasins, Commerces et Locaux industriels",1,1,37.0,123.0,La manouba,Autres villes,3.32,2.0934,very_low,small,2
Bureaux et Plateaux,2,0,70.0,800.0,La manouba,Manouba Ville,11.43,2.9036,medium,medium,1
Appartements,3,1,90.0,700.0,La manouba,La manouba,7.78,2.8457,low,medium,3
Maisons et Villas,4,1,600.0,380.0,La manouba,Djedeida,0.63,2.5809,low,extra_large,2
Appartements,2,1,100.0,400.0,La manouba,Djedeida,4.0,2.6031,low,medium,3
Appartements,1,1,20.0,200.0,La manouba,La manouba,10.0,2.3032,very_low,small,3
Colocations,2,1,50.0,125.0,La manouba,Denden,2.5,2.1004,very_low,small,3
Maisons et Villas,2,1,100.0,600.0,La manouba,La manouba,6.0,2.7789,low,medium,2
Appartements,3,1,80.0,300.0,La manouba,Oued Ellil,3.75,2.4786,very_low,medium,3
Appartements,2,1,45.0,450.0,La manouba,La manouba,10.0,2.6542,low,small,3
Appartements,3,1,94.0,450.0,La manouba,Autres villes,4.79,2.6542,low,medium,3
Bureaux et Plateaux,5,2,140.0,1500.0,La manouba,La manouba,10.71,3.1764,medium,large,4
Maisons et Villas,4,2,200.0,950.0,La manouba,La manouba,4.75,2.9782,medium,large,0
Appartements,2,1,75.0,300.0,La manouba,Oued Ellil,4.0,2.4786,very_low,medium,3
Appartements,3,1,110.0,800.0,La manouba,Denden,7.27,2.9036,medium,large,4
"Magasins, Commerces et Locaux industriels",1,1,37.0,111.0,La manouba,Autres villes,3.0,2.0492,very_low,small,2
Maisons et Villas,2,1,70.0,500.0,La manouba,La manouba,7.14,2.6998,low,medium,2
Bureaux et Plateaux,2,1,100.0,700.0,La manouba,Douar Hicher,7.0,2.8457,low,medium,3
Appartements,3,1,100.0,75.0,La manouba,La manouba,0.75,1.8808,very_low,medium,3
Maisons et Villas,3,1,100.0,650.0,La manouba,La manouba,6.5,2.8136,low,medium,2
Locations de vacances,3,1,100.0,75.0,La manouba,La manouba,0.75,1.8808,very_low,medium,2
Appartements,2,1,90.0,350.0,La manouba,Oued Ellil,3.89,2.5453,low,medium,3
Appartements,2,1,90.0,350.0,La manouba,Oued Ellil,3.89,2.5453,low,medium,3
Maisons et Villas,2,1,70.0,360.0,La manouba,Denden,5.14,2.5575,low,medium,2
Appartements,3,1,107.0,480.0,La manouba,Denden,4.49,2.6821,low,large,1
Appartements,1,1,70.0,450.0,La manouba,Manouba Ville,6.43,2.6542,low,medium,3
Appartements,2,1,50.0,400.0,La manouba,Manouba Ville,8.0,2.6031,low,small,3
Maisons et Villas,4,1,205.0,480.0,La manouba,Mornaguia,2.34,2.6821,low,extra_large,2
Appartements,3,1,80.0,500.0,La manouba,Autres villes,6.25,2.6998,low,medium,3
Maisons et Villas,3,1,160.0,750.0,La manouba,La manouba,4.69,2.8756,medium,large,0
Appartements,2,1,100.0,350.0,La manouba,La manouba,3.5,2.5453,low,medium,3
Maisons et Villas,2,1,160.0,600.0,La manouba,Denden,3.75,2.7789,low,large,2
Appartements,2,1,95.0,500.0,La manouba,Manouba Ville,5.26,2.6998,low,medium,3
Appartements,3,1,100.0,495.0,La manouba,Manouba Ville,4.95,2.6955,low,medium,3
Appartements,3,1,98.0,550.0,La manouba,Manouba Ville,5.61,2.7412,low,medium,3
Appartements,4,1,110.0,550.0,La manouba,Denden,5.0,2.7412,low,large,1
Maisons et Villas,3,1,100.0,300.0,La manouba,Oued Ellil,3.0,2.4786,very_low,medium,2
Maisons et Villas,4,1,120.0,450.0,La manouba,Autres villes,3.75,2.6542,low,large,2
Maisons et Villas,3,1,100.0,220.0,La manouba,Oued Ellil,2.2,2.3444,very_low,medium,2
Maisons et Villas,3,1,120.0,400.0,La manouba,Oued Ellil,3.33,2.6031,low,large,2
Maisons et Villas,4,1,300.0,1000.0,La manouba,Manouba Ville,3.33,3.0004,medium,extra_large,0
Maisons et Villas,4,1,110.0,600.0,La manouba,Autres villes,5.45,2.7789,low,large,2
Appartements,1,1,50.0,320.0,La manouba,Denden,6.4,2.5065,low,small,3
Maisons et Villas,2,1,130.0,400.0,La manouba,Oued Ellil,3.08,2.6031,low,large,2
Appartements,2,1,83.0,550.0,La manouba,La manouba,6.63,2.7412,low,medium,3
Appartements,2,1,85.0,400.0,La manouba,Manouba Ville,4.71,2.6031,low,medium,3
Appartements,1,1,50.0,290.0,La manouba,Manouba Ville,5.8,2.4639,very_low,small,3
Appartements,3,1,90.0,300.0,La manouba,Autres villes,3.33,2.4786,very_low,medium,3
Appartements,1,1,50.0,650.0,La manouba,La manouba,13.0,2.8136,low,small,3
Appartements,2,1,120.0,500.0,La manouba,Manouba Ville,4.17,2.6998,low,large,1
Appartements,1,1,90.0,480.0,La manouba,Manouba Ville,5.33,2.6821,low,medium,3
Appartements,2,1,110.0,550.0,La manouba,Denden,5.0,2.7412,low,large,1
Appartements,1,1,70.0,380.0,La manouba,La manouba,5.43,2.5809,low,medium,3
Appartements,2,1,83.0,460.0,La manouba,La manouba,5.54,2.6637,low,medium,3
"Magasins, Commerces et Locaux industriels",1,1,20.0,250.0,La manouba,Autres villes,12.5,2.3997,very_low,small,2
Appartements,2,1,70.0,400.0,La manouba,Denden,5.71,2.6031,low,medium,3
Bureaux et Plateaux,2,1,65.0,450.0,La manouba,Manouba Ville,6.92,2.6542,low,medium,3
Appartements,4,1,150.0,500.0,La manouba,Autres villes,3.33,2.6998,low,large,1
Appartements,4,1,100.0,600.0,La manouba,Manouba Ville,6.0,2.7789,low,medium,3
Appartements,3,1,80.0,450.0,La manouba,La manouba,5.62,2.6542,low,medium,3
Maisons et Villas,4,1,150.0,150.0,La manouba,Denden,1.0,2.179,very_low,large,2
Maisons et Villas,3,1,130.0,550.0,La manouba,Mornaguia,4.23,2.7412,low,large,2
Bureaux et Plateaux,3,1,90.0,500.0,La manouba,La manouba,5.56,2.6998,low,medium,3
Maisons et Villas,3,1,100.0,300.0,La manouba,Autres villes,3.0,2.4786,very_low,medium,2
Appartements,2,1,110.0,500.0,La manouba,La manouba,4.55,2.6998,low,large,1
Appartements,3,1,70.0,420.0,La manouba,Manouba Ville,6.0,2.6243,low,medium,3
Appartements,1,1,71.0,700.0,La manouba,La manouba,9.86,2.8457,low,medium,3
"Magasins, Commerces et Locaux industriels",4,2,350.0,1800.0,La manouba,Mornaguia,5.14,3.2555,high,extra_large,0
Maisons et Villas,4,1,110.0,600.0,La manouba,La manouba,5.45,2.7789,low,large,2
Appartements,2,1,50.0,140.0,La manouba,Denden,2.8,2.1492,very_low,small,3
Maisons et Villas,2,1,220.0,550.0,Le kef,Autres villes,2.5,2.7412,low,extra_large,0
Maisons et Villas,2,1,100.0,230.0,Le kef,Le kef,2.3,2.3636,very_low,medium,2
Maisons et Villas,4,1,150.0,400.0,Le kef,Kef Ouest,2.67,2.6031,low,large,2
Maisons et Villas,2,1,110.0,300.0,Le kef,Kef Ouest,2.73,2.4786,very_low,large,2
Maisons et Villas,5,2,573.0,650.0,Le kef,Kef Ouest,1.13,2.8136,low,extra_large,0
Appartements,1,1,36.0,200.0,Le kef,Kef Ouest,5.56,2.3032,very_low,small,3
Bureaux et Plateaux,4,1,90.0,500.0,Le kef,Le kef,5.56,2.6998,low,medium,3
Maisons et Villas,2,1,200.0,550.0,Le kef,Kef Est,2.75,2.7412,low,large,2
Maisons et Villas,3,1,250.0,60.0,Le kef,Kef Ouest,0.24,1.7853,very_low,extra_large,2
Locations de vacances,3,1,70.0,50.0,Le kef,Djerissa,0.71,1.7076,very_low,medium,3
Appartements,3,1,80.0,280.0,Le kef,Autres villes,3.5,2.4487,very_low,medium,3
Maisons et Villas,3,1,110.0,250.0,Le kef,Es-Sers,2.27,2.3997,very_low,large,2
Appartements,1,1,75.0,350.0,Mahdia,Mahdia,4.67,2.5453,low,medium,3
Appartements,3,2,143.0,750.0,Mahdia,Mahdia,5.24,2.8756,medium,large,4
Locations de vacances,1,1,35.0,60.0,Mahdia,Mahdia,1.71,1.7853,very_low,small,3
Appartements,2,1,97.0,300.0,Mahdia,Mahdia,3.09,2.4786,very_low,medium,3
Locations de vacances,2,1,110.0,80.0,Mahdia,Mahdia,0.73,1.9085,very_low,large,2
Appartements,2,3,150.0,800.0,Mahdia,Mahdia,5.33,2.9036,medium,large,4
Appartements,2,2,136.0,750.0,Mahdia,Mahdia,5.51,2.8756,medium,large,4
Appartements,1,1,46.0,450.0,Mahdia,Mahdia,9.78,2.6542,low,small,3
Appartements,1,1,80.0,370.0,Mahdia,Mahdia,4.62,2.5694,low,medium,3
Appartements,1,1,46.0,450.0,Mahdia,Mahdia,9.78,2.6542,low,small,3
Locations de vacances,2,1,100.0,60.0,Mahdia,Mahdia,0.6,1.7853,very_low,medium,3
Appartements,2,1,110.0,400.0,Mahdia,Mahdia,3.64,2.6031,low,large,3
Appartements,1,1,60.0,500.0,Mahdia,Mahdia,8.33,2.6998,low,medium,3
Appartements,1,1,65.0,350.0,Mahdia,Mahdia,5.38,2.5453,low,medium,3
Locations de vacances,3,2,140.0,80.0,Mahdia,Mahdia,0.57,1.9085,very_low,large,2
Appartements,3,2,140.0,600.0,Mahdia,Mahdia,4.29,2.7789,low,large,3
Appartements,2,1,98.0,350.0,Mahdia,Mahdia,3.57,2.5453,low,medium,3
Appartements,1,1,75.0,400.0,Mahdia,Mahdia,5.33,2.6031,low,medium,3
Locations de vacances,1,1,70.0,280.0,Mahdia,Mahdia,4.0,2.4487,very_low,medium,3
Appartements,1,1,60.0,250.0,Mahdia,Mahdia,4.17,2.3997,very_low,medium,3
Maisons et Villas,3,1,70.0,240.0,Mahdia,Mahdia,3.43,2.382,very_low,medium,2
Appartements,1,1,90.0,350.0,Mahdia,Mahdia,3.89,2.5453,low,medium,3
Appartements,1,1,60.0,250.0,Mahdia,Mahdia,4.17,2.3997,very_low,medium,3
Appartements,2,1,60.0,250.0,Mahdia,Mahdia,4.17,2.3997,very_low,medium,3
Appartements,3,1,100.0,50.0,Mahdia,Mahdia,0.5,1.7076,very_low,medium,3
Maisons et Villas,3,1,200.0,550.0,Mahdia,Mahdia,2.75,2.7412,low,large,0
Maisons et Villas,2,1,90.0,350.0,Mahdia,Autres villes,3.89,2.5453,low,medium,2
Appartements,1,1,20.0,300.0,Mahdia,Mahdia,15.0,2.4786,very_low,small,3
Maisons et Villas,1,1,100.0,250.0,Mahdia,Autres villes,2.5,2.3997,very_low,medium,2
Maisons et Villas,3,2,200.0,600.0,Mahdia,Mahdia,3.0,2.7789,low,large,0
Maisons et Villas,2,1,70.0,300.0,Mahdia,Autres villes,4.29,2.4786,very_low,medium,2
Appartements,1,1,70.0,370.0,Mahdia,Mahdia,5.29,2.5694,low,medium,3
Appartements,1,1,60.0,280.0,Mahdia,Mahdia,4.67,2.4487,very_low,medium,3
Appartements,1,1,60.0,400.0,Mahdia,Mahdia,6.67,2.6031,low,medium,3
"Magasins, Commerces et Locaux industriels",1,1,50.0,650.0,Mahdia,Autres villes,13.0,2.8136,low,small,2
Maisons et Villas,3,1,200.0,600.0,Mahdia,Ksour Essef,3.0,2.7789,low,large,0
Locations de vacances,2,2,120.0,70.0,Mahdia,Mahdia,0.58,1.8513,very_low,large,2
Appartements,2,2,120.0,70.0,Mahdia,Mahdia,0.58,1.8513,very_low,large,3
Maisons et Villas,3,1,70.0,240.0,Mahdia,Mahdia,3.43,2.382,very_low,medium,2
Colocations,1,1,60.0,125.0,Mahdia,Mahdia,2.08,2.1004,very_low,medium,3
Appartements,2,1,100.0,50.0,Mahdia,Mahdia,0.5,1.7076,very_low,medium,3
Maisons et Villas,2,1,430.0,180.0,Mahdia,Mahdia,0.42,2.2577,very_low,extra_large,2
Locations de vacances,2,2,430.0,3500.0,Mahdia,Mahdia,8.14,3.5442,high,extra_large,0
Appartements,2,1,80.0,80.0,Mahdia,Mahdia,1.0,1.9085,very_low,medium,3
Maisons et Villas,2,2,2000.0,2800.0,Mahdia,Mahdia,1.4,3.4473,high,extra_large,0
Appartements,2,1,100.0,50.0,Mahdia,Mahdia,0.5,1.7076,very_low,medium,3
Maisons et Villas,2,2,430.0,200.0,Mahdia,Mahdia,0.47,2.3032,very_low,extra_large,2
Locations de vacances,2,1,200.0,180.0,Mahdia,Mahdia,0.9,2.2577,very_low,large,2
Appartements,2,1,80.0,80.0,Mahdia,Mahdia,1.0,1.9085,very_low,medium,3
Appartements,3,1,120.0,450.0,Mahdia,Mahdia,3.75,2.6542,low,large,3
Appartements,2,2,124.0,500.0,Mahdia,Mahdia,4.03,2.6998,low,large,3
Appartements,3,1,150.0,500.0,Mahdia,Mahdia,3.33,2.6998,low,large,3
"Magasins, Commerces et Locaux industriels",1,1,30.0,400.0,Mahdia,Mahdia,13.33,2.6031,low,small,2
Appartements,2,1,90.0,550.0,Mahdia,Mahdia,6.11,2.7412,low,medium,3
Appartements,2,1,90.0,460.0,Mahdia,Mahdia,5.11,2.6637,low,medium,3
Appartements,2,1,76.0,800.0,Mahdia,Mahdia,10.53,2.9036,medium,medium,4
Appartements,2,2,90.0,50.0,Mahdia,Autres villes,0.56,1.7076,very_low,medium,3
Appartements,2,2,100.0,50.0,Mahdia,Autres villes,0.5,1.7076,very_low,medium,3
Appartements,2,1,80.0,380.0,Mahdia,Mahdia,4.75,2.5809,low,medium,3
Appartements,2,1,125.0,850.0,Mahdia,Mahdia,6.8,2.9299,medium,large,4
Locations de vacances,2,1,80.0,100.0,Mahdia,Mahdia,1.25,2.0043,very_low,medium,3
Appartements,2,1,120.0,420.0,Mahdia,Mahdia,3.5,2.6243,low,large,3
Appartements,3,1,100.0,50.0,Mahdia,Mahdia,0.5,1.7076,very_low,medium,3
Locations de vacances,1,1,45.0,45.0,Mahdia,Autres villes,1.0,1.6628,very_low,small,3
Maisons et Villas,4,2,486.0,450.0,Mahdia,Mahdia,0.93,2.6542,low,extra_large,0
Appartements,2,1,100.0,330.0,Mahdia,Mahdia,3.3,2.5198,low,medium,3
Appartements,2,2,100.0,600.0,Mahdia,Mahdia,6.0,2.7789,low,medium,3
Maisons et Villas,3,1,160.0,200.0,Mahdia,Autres villes,1.25,2.3032,very_low,large,2
Appartements,2,1,102.0,650.0,Mahdia,Mahdia,6.37,2.8136,low,large,3
"Magasins, Commerces et Locaux industriels",1,1,40.0,300.0,Mahdia,Mahdia,7.5,2.4786,very_low,small,2
Appartements,3,2,166.0,480.0,Mahdia,Autres villes,2.89,2.6821,low,large,3
Appartements,3,1,100.0,50.0,Mahdia,Mahdia,0.5,1.7076,very_low,medium,3
Appartements,2,1,100.0,550.0,Mahdia,Mahdia,5.5,2.7412,low,medium,3
Appartements,1,1,80.0,500.0,Mahdia,Mahdia,6.25,2.6998,low,medium,3
Appartements,1,1,90.0,600.0,Mahdia,Mahdia,6.67,2.7789,low,medium,3
Appartements,1,1,65.0,450.0,Mahdia,Mahdia,6.92,2.6542,low,medium,3
Appartements,2,1,102.0,550.0,Mahdia,Mahdia,5.39,2.7412,low,large,3
Maisons et Villas,3,1,150.0,370.0,Mahdia,Mahdia,2.47,2.5694,low,large,0
Appartements,2,1,120.0,850.0,Mahdia,Mahdia,7.08,2.9299,medium,large,4
Appartements,2,1,102.0,500.0,Mahdia,Mahdia,4.9,2.6998,low,large,3
Appartements,1,1,75.0,350.0,Mahdia,Mahdia,4.67,2.5453,low,medium,3
Appartements,2,1,85.0,500.0,Mahdia,Autres villes,5.88,2.6998,low,medium,3
Appartements,1,1,28.0,200.0,Médenine,Djerba - Midoun,7.14,2.3032,very_low,small,3
Maisons et Villas,2,1,90.0,70.0,Médenine,Djerba - Midoun,0.78,1.8513,very_low,medium,2
Maisons et Villas,4,2,120.0,1100.0,Médenine,Djerba - Midoun,9.17,3.0418,medium,large,0
"Magasins, Commerces et Locaux industriels",5,1,30.0,150.0,Médenine,Médenine,5.0,2.179,very_low,small,3
Locations de vacances,1,1,160.0,600.0,Médenine,Djerba - Midoun,3.75,2.7789,low,large,0
Maisons et Villas,3,1,500.0,1500.0,Médenine,Djerba - Midoun,3.0,3.1764,medium,extra_large,0
Maisons et Villas,4,1,2000.0,520.0,Médenine,Djerba - Midoun,0.26,2.7168,low,extra_large,0
Locations de vacances,2,1,100.0,50.0,Médenine,Djerba-Houmt Souk,0.5,1.7076,very_low,medium,3
Locations de vacances,1,1,75.0,50.0,Médenine,Djerba-Houmt Souk,0.67,1.7076,very_low,medium,3
Maisons et Villas,2,1,80.0,600.0,Médenine,Djerba - Midoun,7.5,2.7789,low,medium,0
Locations de vacances,3,1,90.0,850.0,Médenine,Djerba - Midoun,9.44,2.9299,medium,medium,0
Maisons et Villas,2,1,120.0,400.0,Médenine,Djerba-Houmt Souk,3.33,2.6031,low,large,0
Locations de vacances,1,1,75.0,45.0,Médenine,Djerba-Houmt Souk,0.6,1.6628,very_low,medium,3
Locations de vacances,2,1,400.0,1900.0,Médenine,Djerba-Houmt Souk,4.75,3.279,high,extra_large,0
Maisons et Villas,3,2,350.0,1300.0,Médenine,Djerba - Midoun,3.71,3.1143,medium,extra_large,0
Locations de vacances,2,1,80.0,2400.0,Médenine,Djerba - Midoun,30.0,3.3804,high,medium,0
Locations de vacances,2,1,80.0,1500.0,Médenine,Djerba - Midoun,18.75,3.1764,medium,medium,0
Maisons et Villas,2,1,100.0,650.0,Médenine,Djerba-Houmt Souk,6.5,2.8136,low,medium,0
Maisons et Villas,3,2,300.0,750.0,Médenine,Djerba - Midoun,2.5,2.8756,medium,extra_large,0
Locations de vacances,1,1,75.0,50.0,Médenine,Djerba-Houmt Souk,0.67,1.7076,very_low,medium,3
Maisons et Villas,2,1,75.0,700.0,Médenine,Djerba - Midoun,9.33,2.8457,low,medium,0
Locations de vacances,1,1,70.0,50.0,Médenine,Djerba-Houmt Souk,0.71,1.7076,very_low,medium,3
Appartements,2,1,100.0,50.0,Médenine,Djerba-Houmt Souk,0.5,1.7076,very_low,medium,3
Maisons et Villas,5,3,600.0,750.0,Médenine,Autres villes,1.25,2.8756,medium,extra_large,0
Maisons et Villas,3,1,100.0,500.0,Médenine,Djerba - Midoun,5.0,2.6998,low,medium,0
Maisons et Villas,2,1,175.0,600.0,Médenine,Djerba-Houmt Souk,3.43,2.7789,low,large,0
Maisons et Villas,3,2,150.0,750.0,Médenine,Autres villes,5.0,2.8756,medium,large,0
Maisons et Villas,2,1,120.0,800.0,Médenine,Autres villes,6.67,2.9036,medium,large,0
Locations de vacances,1,1,100.0,350.0,Médenine,Djerba-Houmt Souk,3.5,2.5453,low,medium,3
Maisons et Villas,4,2,350.0,950.0,Médenine,Djerba - Midoun,2.71,2.9782,medium,extra_large,0
Maisons et Villas,3,1,150.0,1500.0,Médenine,Djerba-Houmt Souk,10.0,3.1764,medium,large,0
Locations de vacances,1,1,160.0,50.0,Médenine,Djerba - Midoun,0.31,1.7076,very_low,large,3
Maisons et Villas,1,1,70.0,650.0,Médenine,Autres villes,9.29,2.8136,low,medium,0
Locations de vacances,1,1,60.0,80.0,Médenine,Autres villes,1.33,1.9085,very_low,medium,3
Appartements,2,1,50.0,50.0,Médenine,Djerba - Midoun,1.0,1.7076,very_low,small,3
Maisons et Villas,3,2,145.0,170.0,Médenine,Autres villes,1.17,2.233,very_low,large,0
Locations de vacances,4,2,350.0,3500.0,Médenine,Djerba - Midoun,10.0,3.5442,high,extra_large,0
Maisons et Villas,2,2,120.0,1000.0,Médenine,Djerba - Midoun,8.33,3.0004,medium,large,0
Maisons et Villas,3,1,81.0,600.0,Médenine,Autres villes,7.41,2.7789,low,medium,0
Maisons et Villas,3,1,500.0,550.0,Médenine,Djerba - Midoun,1.1,2.7412,low,extra_large,0
Maisons et Villas,2,1,100.0,450.0,Médenine,Djerba - Midoun,4.5,2.6542,low,medium,0
Maisons et Villas,4,3,220.0,3200.0,Médenine,Djerba - Midoun,14.55,3.5053,high,extra_large,0
Maisons et Villas,2,1,100.0,400.0,Médenine,Djerba - Midoun,4.0,2.6031,low,medium,0
Appartements,3,1,120.0,550.0,Médenine,Djerba - Midoun,4.58,2.7412,low,large,3
Maisons et Villas,3,2,170.0,350.0,Médenine,Djerba - Midoun,2.06,2.5453,low,large,0
"Magasins, Commerces et Locaux industriels",2,0,60.0,800.0,Médenine,Djerba-Houmt Souk,13.33,2.9036,medium,medium,0
Maisons et Villas,2,1,250.0,250.0,Médenine,Djerba - Midoun,1.0,2.3997,very_low,extra_large,0
Maisons et Villas,3,1,120.0,450.0,Médenine,Djerba - Midoun,3.75,2.6542,low,large,0
Appartements,1,1,50.0,45.0,Médenine,Autres villes,0.9,1.6628,very_low,small,3
Appartements,2,1,55.0,350.0,Médenine,Autres villes,6.36,2.5453,low,medium,3
Maisons et Villas,3,2,210.0,1200.0,Médenine,Djerba-Houmt Souk,5.71,3.0795,medium,extra_large,0
Locations de vacances,1,1,160.0,50.0,Médenine,Djerba - Midoun,0.31,1.7076,very_low,large,3
Locations de vacances,2,2,130.0,200.0,Médenine,Djerba - Midoun,1.54,2.3032,very_low,large,3
Locations de vacances,2,1,65.0,60.0,Médenine,Djerba - Midoun,0.92,1.7853,very_low,medium,3
Maisons et Villas,2,1,138.0,350.0,Médenine,Autres villes,2.54,2.5453,low,large,0
Maisons et Villas,3,1,120.0,350.0,Médenine,Djerba-Houmt Souk,2.92,2.5453,low,large,0
Bureaux et Plateaux,4,2,82.0,850.0,Médenine,Djerba-Houmt Souk,10.37,2.9299,medium,medium,4
Maisons et Villas,2,2,140.0,1600.0,Médenine,Djerba-Houmt Souk,11.43,3.2044,high,large,0
Maisons et Villas,2,1,100.0,400.0,Médenine,Djerba - Midoun,4.0,2.6031,low,medium,0
Locations de vacances,3,1,200.0,300.0,Médenine,Autres villes,1.5,2.4786,very_low,large,3
Appartements,2,1,80.0,320.0,Monastir,Monastir,4.0,2.5065,low,medium,3
Appartements,2,1,90.0,550.0,Monastir,Autres villes,6.11,2.7412,low,medium,3
Appartements,2,1,100.0,500.0,Monastir,Monastir,5.0,2.6998,low,medium,3
Colocations,2,1,100.0,100.0,Monastir,Ksar Hellal,1.0,2.0043,very_low,medium,3
Appartements,1,1,65.0,450.0,Monastir,Autres villes,6.92,2.6542,low,medium,3
Maisons et Villas,2,1,100.0,50.0,Monastir,Monastir,0.5,1.7076,very_low,medium,2
Maisons et Villas,3,1,125.0,549.0,Monastir,Autres villes,4.39,2.7404,low,large,0
Appartements,2,2,130.0,450.0,Monastir,Autres villes,3.46,2.6542,low,large,3
"Magasins, Commerces et Locaux industriels",1,1,180.0,230.0,Monastir,Moknine,1.28,2.3636,very_low,large,2
Appartements,1,1,75.0,450.0,Monastir,Monastir,6.0,2.6542,low,medium,3
Appartements,1,1,65.0,380.0,Monastir,Monastir,5.85,2.5809,low,medium,3
Maisons et Villas,2,1,100.0,330.0,Monastir,Monastir,3.3,2.5198,low,medium,0
Appartements,1,1,45.0,170.0,Monastir,Autres villes,3.78,2.233,very_low,small,3
Appartements,3,1,100.0,400.0,Monastir,Monastir,4.0,2.6031,low,medium,3
Appartements,2,1,60.0,390.0,Monastir,Monastir,6.5,2.5922,low,medium,3
Appartements,1,1,80.0,50.0,Monastir,Autres villes,0.62,1.7076,very_low,medium,3
Appartements,2,1,100.0,350.0,Monastir,Sahline,3.5,2.5453,low,medium,3
Appartements,1,1,70.0,340.0,Monastir,Autres villes,4.86,2.5328,low,medium,3
Appartements,3,1,102.0,550.0,Monastir,Monastir,5.39,2.7412,low,large,3
Bureaux et Plateaux,2,1,80.0,300.0,Monastir,Moknine,3.75,2.4786,very_low,medium,3
Bureaux et Plateaux,1,0,45.0,380.0,Monastir,Monastir,8.44,2.5809,low,small,3
Appartements,1,1,55.0,370.0,Monastir,Monastir,6.73,2.5694,low,medium,3
Locations de vacances,2,1,125.0,590.0,Monastir,Monastir,4.72,2.7716,low,large,0
Appartements,2,1,100.0,600.0,Monastir,Monastir,6.0,2.7789,low,medium,3
Bureaux et Plateaux,4,1,900.0,1500.0,Monastir,Ouerdanine,1.67,3.1764,medium,extra_large,4
Appartements,1,1,50.0,320.0,Monastir,Autres villes,6.4,2.5065,low,small,3
Appartements,2,1,100.0,800.0,Monastir,Monastir,8.0,2.9036,medium,medium,4
Appartements,2,1,50.0,320.0,Monastir,Autres villes,6.4,2.5065,low,small,3
Locations de vacances,2,1,90.0,60.0,Monastir,Monastir,0.67,1.7853,very_low,medium,3
Maisons et Villas,2,1,100.0,600.0,Monastir,Monastir,6.0,2.7789,low,medium,0
Appartements,1,1,54.0,400.0,Monastir,Monastir,7.41,2.6031,low,medium,3
Appartements,2,1,110.0,800.0,Monastir,Monastir,7.27,2.9036,medium,large,4
Appartements,1,1,70.0,60.0,Monastir,Monastir,0.86,1.7853,very_low,medium,3
Appartements,3,2,100.0,400.0,Monastir,Monastir,4.0,2.6031,low,medium,3
Appartements,1,1,70.0,420.0,Monastir,Monastir,6.0,2.6243,low,medium,3
Maisons et Villas,4,2,200.0,1000.0,Monastir,Monastir,5.0,3.0004,medium,large,0
Appartements,2,2,100.0,500.0,Monastir,Monastir,5.0,2.6998,low,medium,3
Appartements,3,1,83.0,450.0,Monastir,Monastir,5.42,2.6542,low,medium,3
Appartements,3,1,120.0,600.0,Monastir,Monastir,5.0,2.7789,low,large,3
Appartements,2,1,105.0,1200.0,Monastir,Autres villes,11.43,3.0795,medium,large,4
Appartements,1,1,60.0,330.0,Monastir,Monastir,5.5,2.5198,low,medium,3
Appartements,1,1,65.0,550.0,Monastir,Monastir,8.46,2.7412,low,medium,3
Appartements,3,1,100.0,450.0,Monastir,Monastir,4.5,2.6542,low,medium,3
Appartements,2,1,90.0,600.0,Monastir,Monastir,6.67,2.7789,low,medium,3
Appartements,1,1,50.0,260.0,Monastir,Monastir,5.2,2.4166,very_low,small,3
Locations de vacances,2,1,100.0,700.0,Monastir,Monastir,7.0,2.8457,low,medium,3
Maisons et Villas,2,1,250.0,80.0,Monastir,Autres villes,0.32,1.9085,very_low,extra_large,0
Locations de vacances,2,1,250.0,50.0,Monastir,Autres villes,0.2,1.7076,very_low,extra_large,0
Appartements,3,2,120.0,700.0,Monastir,Monastir,5.83,2.8457,low,large,3
Appartements,1,1,70.0,600.0,Monastir,Monastir,8.57,2.7789,low,medium,3
Bureaux et Plateaux,2,1,70.0,700.0,Monastir,Monastir,10.0,2.8457,low,medium,3
Appartements,2,1,100.0,1200.0,Monastir,Monastir,12.0,3.0795,medium,medium,4
Appartements,2,1,100.0,600.0,Monastir,Monastir,6.0,2.7789,low,medium,3
Appartements,3,1,200.0,1200.0,Monastir,Monastir,6.0,3.0795,medium,large,4
Maisons et Villas,4,3,600.0,1000.0,Monastir,Monastir,1.67,3.0004,medium,extra_large,0
Appartements,3,1,200.0,500.0,Monastir,Monastir,2.5,2.6998,low,large,3
Appartements,2,1,100.0,500.0,Monastir,Monastir,5.0,2.6998,low,medium,3
"Magasins, Commerces et Locaux industriels",1,1,200.0,1500.0,Monastir,Sayada-Lamta-Bou Hajar,7.5,3.1764,medium,large,0
Appartements,1,1,50.0,500.0,Monastir,Monastir,10.0,2.6998,low,small,3
Appartements,2,1,92.0,420.0,Monastir,Monastir,4.57,2.6243,low,medium,3
Appartements,3,1,70.0,70.0,Monastir,Autres villes,1.0,1.8513,very_low,medium,3
Maisons et Villas,3,2,160.0,650.0,Monastir,Monastir,4.06,2.8136,low,large,0
Appartements,1,1,65.0,350.0,Monastir,Autres villes,5.38,2.5453,low,medium,3
Appartements,3,1,220.0,1500.0,Monastir,Monastir,6.82,3.1764,medium,extra_large,4
Appartements,3,1,150.0,900.0,Monastir,Monastir,6.0,2.9547,medium,large,4
Appartements,2,1,95.0,420.0,Monastir,Monastir,4.42,2.6243,low,medium,3
Appartements,2,1,100.0,750.0,Monastir,Monastir,7.5,2.8756,medium,medium,4
Appartements,1,1,60.0,1000.0,Monastir,Monastir,16.67,3.0004,medium,medium,4
Appartements,2,1,500.0,500.0,Monastir,Monastir,1.0,2.6998,low,extra_large,4
Appartements,1,1,75.0,350.0,Monastir,Monastir,4.67,2.5453,low,medium,3
Appartements,2,1,95.0,400.0,Monastir,Monastir,4.21,2.6031,low,medium,3
Appartements,2,1,90.0,380.0,Monastir,Monastir,4.22,2.5809,low,medium,3
Appartements,2,1,85.0,350.0,Monastir,Monastir,4.12,2.5453,low,medium,3
Appartements,1,1,60.0,750.0,Monastir,Monastir,12.5,2.8756,medium,medium,4
Appartements,2,1,65.0,300.0,Monastir,Autres villes,4.62,2.4786,very_low,medium,3
Appartements,2,1,80.0,220.0,Monastir,Monastir,2.75,2.3444,very_low,medium,3
Appartements,3,1,120.0,380.0,Monastir,Autres villes,3.17,2.5809,low,large,3
Maisons et Villas,1,1,100.0,260.0,Monastir,Autres villes,2.6,2.4166,very_low,medium,2
Maisons et Villas,5,2,100.0,360.0,Monastir,Monastir,3.6,2.5575,low,medium,0
Appartements,2,1,90.0,630.0,Monastir,Monastir,7.0,2.8,low,medium,3
Appartements,2,1,80.0,500.0,Monastir,Monastir,6.25,2.6998,low,medium,3
Maisons et Villas,4,4,420.0,1500.0,Monastir,Monastir,3.57,3.1764,medium,extra_large,0
"Magasins, Commerces et Locaux industriels",4,1,160.0,550.0,Monastir,Moknine,3.44,2.7412,low,large,0
"Magasins, Commerces et Locaux industriels",1,1,350.0,1200.0,Monastir,Sahline,3.43,3.0795,medium,extra_large,0
Appartements,2,1,75.0,350.0,Monastir,Monastir,4.67,2.5453,low,medium,3
Appartements,1,1,75.0,450.0,Monastir,Monastir,6.0,2.6542,low,medium,3
Appartements,2,1,60.0,330.0,Monastir,Monastir,5.5,2.5198,low,medium,3
Appartements,2,1,60.0,900.0,Monastir,Monastir,15.0,2.9547,medium,medium,4
Appartements,1,1,70.0,320.0,Monastir,Monastir,4.57,2.5065,low,medium,3
Maisons et Villas,2,1,110.0,300.0,Monastir,Autres villes,2.73,2.4786,very_low,large,2
Maisons et Villas,2,1,100.0,950.0,Monastir,Monastir,9.5,2.9782,medium,medium,0
Appartements,1,1,65.0,400.0,Monastir,Autres villes,6.15,2.6031,low,medium,3
Locations de vacances,2,2,100.0,80.0,Monastir,Autres villes,0.8,1.9085,very_low,medium,3
Appartements,2,1,85.0,550.0,Monastir,Sahline,6.47,2.7412,low,medium,3
Appartements,2,1,82.0,850.0,Monastir,Monastir,10.37,2.9299,medium,medium,4
Appartements,1,1,45.0,270.0,Monastir,Autres villes,6.0,2.433,very_low,small,3
Bureaux et Plateaux,1,1,50.0,320.0,Monastir,Téboulba,6.4,2.5065,low,small,3
Locations de vacances,2,1,85.0,50.0,Monastir,Monastir,0.59,1.7076,very_low,medium,3
Appartements,2,1,140.0,500.0,Monastir,Monastir,3.57,2.6998,low,large,3
Appartements,4,1,120.0,520.0,Monastir,Autres villes,4.33,2.7168,low,large,3
Appartements,1,1,80.0,250.0,Monastir,Monastir,3.12,2.3997,very_low,medium,3
Appartements,1,1,90.0,800.0,Monastir,Monastir,8.89,2.9036,medium,medium,4
Appartements,2,1,90.0,700.0,Monastir,Monastir,7.78,2.8457,low,medium,3
Appartements,1,1,110.0,310.0,Monastir,Autres villes,2.82,2.4928,low,large,3
Maisons et Villas,4,2,200.0,650.0,Monastir,Monastir,3.25,2.8136,low,large,0
Maisons et Villas,4,2,400.0,650.0,Monastir,Monastir,1.62,2.8136,low,extra_large,0
Appartements,2,1,90.0,500.0,Monastir,Monastir,5.56,2.6998,low,medium,3
Appartements,1,1,40.0,60.0,Monastir,Autres villes,1.5,1.7853,very_low,small,3
Bureaux et Plateaux,3,1,120.0,1000.0,Monastir,Monastir,8.33,3.0004,medium,large,4
Appartements,1,1,65.0,380.0,Monastir,Monastir,5.85,2.5809,low,medium,3
Appartements,2,1,60.0,280.0,Monastir,Autres villes,4.67,2.4487,very_low,medium,3
Appartements,2,1,150.0,500.0,Monastir,Monastir,3.33,2.6998,low,large,3
"Magasins, Commerces et Locaux industriels",1,0,50.0,800.0,Monastir,Monastir,16.0,2.9036,medium,small,0
Appartements,2,1,55.0,320.0,Monastir,Monastir,5.82,2.5065,low,medium,3
Maisons et Villas,1,1,150.0,250.0,Monastir,Monastir,1.67,2.3997,very_low,large,2
Appartements,2,1,80.0,370.0,Monastir,Monastir,4.62,2.5694,low,medium,3
Appartements,1,1,50.0,400.0,Monastir,Monastir,8.0,2.6031,low,small,3
Appartements,1,1,70.0,650.0,Monastir,Monastir,9.29,2.8136,low,medium,3
Maisons et Villas,3,1,200.0,700.0,Monastir,Monastir,3.5,2.8457,low,large,0
Appartements,2,1,100.0,370.0,Monastir,Monastir,3.7,2.5694,low,medium,3
Appartements,2,1,90.0,400.0,Monastir,Monastir,4.44,2.6031,low,medium,3
"Magasins, Commerces et Locaux industriels",3,1,54.0,500.0,Monastir,Ksar Hellal,9.26,2.6998,low,medium,0
Appartements,1,1,45.0,50.0,Monastir,Monastir,1.11,1.7076,very_low,small,3
Appartements,3,1,120.0,100.0,Monastir,Autres villes,0.83,2.0043,very_low,large,3
Appartements,2,1,75.0,350.0,Monastir,Monastir,4.67,2.5453,low,medium,3
Appartements,2,1,100.0,600.0,Monastir,Monastir,6.0,2.7789,low,medium,3
Appartements,2,1,100.0,800.0,Monastir,Monastir,8.0,2.9036,medium,medium,4
Appartements,1,1,70.0,220.0,Monastir,Moknine,3.14,2.3444,very_low,medium,3
"Magasins, Commerces et Locaux industriels",1,1,400.0,600.0,Monastir,Autres villes,1.5,2.7789,low,extra_large,0
Bureaux et Plateaux,4,1,130.0,1000.0,Monastir,Autres villes,7.69,3.0004,medium,large,4
Appartements,1,1,80.0,250.0,Monastir,Monastir,3.12,2.3997,very_low,medium,3
Maisons et Villas,3,1,200.0,1200.0,Monastir,Monastir,6.0,3.0795,medium,large,0
Appartements,2,1,50.0,350.0,Monastir,Monastir,7.0,2.5453,low,small,3
Locations de vacances,2,1,75.0,350.0,Monastir,Monastir,4.67,2.5453,low,medium,3
Appartements,1,1,50.0,400.0,Monastir,Autres villes,8.0,2.6031,low,small,3
Appartements,1,1,40.0,200.0,Monastir,Monastir,5.0,2.3032,very_low,small,3
Appartements,1,1,60.0,250.0,Monastir,Moknine,4.17,2.3997,very_low,medium,3
Appartements,2,1,100.0,300.0,Monastir,Ksar Hellal,3.0,2.4786,very_low,medium,3
Appartements,1,1,50.0,320.0,Monastir,Monastir,6.4,2.5065,low,small,3
Appartements,2,1,90.0,500.0,Monastir,Monastir,5.56,2.6998,low,medium,3
Appartements,3,1,105.0,800.0,Monastir,Monastir,7.62,2.9036,medium,large,4
Appartements,2,1,71.0,300.0,Monastir,Monastir,4.23,2.4786,very_low,medium,3
Maisons et Villas,1,1,150.0,300.0,Monastir,Sahline,2.0,2.4786,very_low,large,2
Locations de vacances,1,1,70.0,250.0,Monastir,Monastir,3.57,2.3997,very_low,medium,3
Appartements,2,1,85.0,380.0,Monastir,Monastir,4.47,2.5809,low,medium,3
Appartements,1,1,50.0,550.0,Monastir,Monastir,11.0,2.7412,low,small,3
Appartements,2,1,85.0,350.0,Monastir,Monastir,4.12,2.5453,low,medium,3
Appartements,2,1,80.0,800.0,Monastir,Monastir,10.0,2.9036,medium,medium,4
Appartements,2,1,50.0,280.0,Monastir,Monastir,5.6,2.4487,very_low,small,3
Locations de vacances,3,1,80.0,150.0,Monastir,Autres villes,1.88,2.179,very_low,medium,3
Bureaux et Plateaux,2,1,40.0,450.0,Monastir,Monastir,11.25,2.6542,low,small,3
Appartements,1,1,35.0,320.0,Monastir,Autres villes,9.14,2.5065,low,small,3
Appartements,2,1,100.0,600.0,Monastir,Monastir,6.0,2.7789,low,medium,3
Appartements,2,1,60.0,450.0,Monastir,Monastir,7.5,2.6542,low,medium,3
Maisons et Villas,3,1,150.0,450.0,Monastir,Autres villes,3.0,2.6542,low,large,0
Appartements,2,1,90.0,420.0,Monastir,Monastir,4.67,2.6243,low,medium,3
Appartements,1,1,30.0,250.0,Monastir,Monastir,8.33,2.3997,very_low,small,3
Appartements,3,1,120.0,530.0,Monastir,Monastir,4.42,2.7251,low,large,3
Maisons et Villas,3,2,200.0,650.0,Monastir,Monastir,3.25,2.8136,low,large,0
Locations de vacances,2,1,100.0,50.0,Monastir,Monastir,0.5,1.7076,very_low,medium,3
Appartements,2,1,80.0,1100.0,Monastir,Autres villes,13.75,3.0418,medium,medium,4
Appartements,2,1,120.0,80.0,Monastir,Autres villes,0.67,1.9085,very_low,large,3
Appartements,3,1,145.0,500.0,Monastir,Sahline,3.45,2.6998,low,large,3
Appartements,3,1,85.0,350.0,Monastir,Monastir,4.12,2.5453,low,medium,3
Appartements,1,1,45.0,310.0,Monastir,Monastir,6.89,2.4928,low,small,3
Maisons et Villas,4,2,230.0,1500.0,Monastir,Autres villes,6.52,3.1764,medium,extra_large,0
Appartements,1,1,70.0,650.0,Monastir,Monastir,9.29,2.8136,low,medium,3
Maisons et Villas,3,1,120.0,450.0,Monastir,Monastir,3.75,2.6542,low,large,0
Appartements,2,1,55.0,500.0,Monastir,Autres villes,9.09,2.6998,low,medium,3
Appartements,2,1,70.0,380.0,Monastir,Autres villes,5.43,2.5809,low,medium,3
Appartements,2,1,70.0,460.0,Monastir,Monastir,6.57,2.6637,low,medium,3
Appartements,1,1,40.0,200.0,Monastir,Monastir,5.0,2.3032,very_low,small,3
Appartements,2,1,80.0,550.0,Monastir,Autres villes,6.88,2.7412,low,medium,3
Appartements,2,2,100.0,900.0,Monastir,Autres villes,9.0,2.9547,medium,medium,4
Maisons et Villas,3,1,250.0,320.0,Monastir,Jemmal,1.28,2.5065,low,extra_large,0
Appartements,1,1,50.0,300.0,Monastir,Autres villes,6.0,2.4786,very_low,small,3
Bureaux et Plateaux,8,2,245.0,3000.0,Monastir,Monastir,12.24,3.4773,high,extra_large,4
Maisons et Villas,4,1,250.0,250.0,Monastir,Jemmal,1.0,2.3997,very_low,extra_large,0
Appartements,2,1,85.0,400.0,Monastir,Monastir,4.71,2.6031,low,medium,3
Appartements,1,1,75.0,450.0,Monastir,Monastir,6.0,2.6542,low,medium,3
Appartements,2,1,100.0,390.0,Monastir,Monastir,3.9,2.5922,low,medium,3
"Magasins, Commerces et Locaux industriels",1,1,300.0,2500.0,Monastir,Autres villes,8.33,3.3981,high,extra_large,0
Appartements,1,1,85.0,50.0,Monastir,Monastir,0.59,1.7076,very_low,medium,3
Appartements,2,1,92.0,600.0,Monastir,Monastir,6.52,2.7789,low,medium,3
Appartements,1,1,88.0,280.0,Monastir,Monastir,3.18,2.4487,very_low,medium,3
Appartements,1,1,48.0,420.0,Monastir,Monastir,8.75,2.6243,low,small,3
"Magasins, Commerces et Locaux industriels",1,2,300.0,2500.0,Monastir,Autres villes,8.33,3.3981,high,extra_large,0
Maisons et Villas,2,1,250.0,750.0,Monastir,Monastir,3.0,2.8756,medium,extra_large,0
Appartements,2,1,75.0,350.0,Monastir,Monastir,4.67,2.5453,low,medium,3
Appartements,1,1,70.0,450.0,Monastir,Monastir,6.43,2.6542,low,medium,3
Appartements,2,1,70.0,500.0,Monastir,Monastir,7.14,2.6998,low,medium,3
Maisons et Villas,3,1,430.0,900.0,Monastir,Monastir,2.09,2.9547,medium,extra_large,0
Appartements,3,1,112.0,800.0,Monastir,Monastir,7.14,2.9036,medium,large,4
Appartements,4,2,123.0,500.0,Monastir,Monastir,4.07,2.6998,low,large,3
"Magasins, Commerces et Locaux industriels",1,1,32.0,850.0,Monastir,Ksar Hellal,26.56,2.9299,medium,small,0
Appartements,1,1,75.0,70.0,Monastir,Monastir,0.93,1.8513,very_low,medium,3
Appartements,1,1,50.0,600.0,Monastir,Monastir,12.0,2.7789,low,small,3
Appartements,2,1,100.0,450.0,Monastir,Autres villes,4.5,2.6542,low,medium,3
Bureaux et Plateaux,4,1,900.0,1500.0,Monastir,Ouerdanine,1.67,3.1764,medium,extra_large,4
Appartements,1,1,60.0,350.0,Monastir,Autres villes,5.83,2.5453,low,medium,3
"Magasins, Commerces et Locaux industriels",1,1,100.0,1000.0,Monastir,Autres villes,10.0,3.0004,medium,medium,0
Maisons et Villas,3,1,120.0,300.0,Sidi bouzid,Sidi Bouzid Ouest,2.5,2.4786,very_low,large,0
Locations de vacances,2,1,200.0,70.0,Sidi bouzid,Autres villes,0.35,1.8513,very_low,large,3
Maisons et Villas,3,1,300.0,300.0,Sidi bouzid,Sidi bouzid,1.0,2.4786,very_low,extra_large,0
Appartements,2,1,109.0,500.0,Sidi bouzid,Autres villes,4.59,2.6998,low,large,3
Locations de vacances,2,1,100.0,60.0,Sidi bouzid,Sidi Bouzid Est,0.6,1.7853,very_low,medium,3
Maisons et Villas,3,1,130.0,300.0,Sidi bouzid,Autres villes,2.31,2.4786,very_low,large,0
Appartements,2,1,95.0,300.0,Sidi bouzid,Sidi Bouzid Ouest,3.16,2.4786,very_low,medium,3
Locations de vacances,2,1,90.0,50.0,Sidi bouzid,Sidi Bouzid Est,0.56,1.7076,very_low,medium,3
Locations de vacances,2,1,100.0,60.0,Sidi bouzid,Sidi Bouzid Est,0.6,1.7853,very_low,medium,3
Maisons et Villas,3,1,140.0,400.0,Sidi bouzid,Autres villes,2.86,2.6031,low,large,0
Bureaux et Plateaux,4,2,150.0,450.0,Sidi bouzid,Sidi bouzid,3.0,2.6542,low,large,3
Maisons et Villas,4,1,240.0,450.0,Siliana,Siliana,1.88,2.6542,low,extra_large,0
Maisons et Villas,2,1,100.0,250.0,Siliana,Siliana,2.5,2.3997,very_low,medium,0
Maisons et Villas,4,1,100.0,80.0,Siliana,Siliana,0.8,1.9085,very_low,medium,0
Maisons et Villas,2,1,100.0,250.0,Siliana,Siliana,2.5,2.3997,very_low,medium,0
Appartements,2,1,90.0,450.0,Sousse,Sahloul,5.0,2.6542,low,medium,3
Appartements,3,1,130.0,800.0,Sousse,Hammam Sousse,6.15,2.9036,medium,large,4
Appartements,2,1,70.0,60.0,Sousse,Hergla,0.86,1.7853,very_low,medium,3
Appartements,1,1,65.0,650.0,Sousse,Autres villes,10.0,2.8136,low,medium,3
Appartements,2,1,113.0,850.0,Sousse,Akouda,7.52,2.9299,medium,large,4
Appartements,2,1,80.0,400.0,Sousse,Sousse Jawhara,5.0,2.6031,low,medium,3
Appartements,1,1,35.0,400.0,Sousse,Autres villes,11.43,2.6031,low,small,3
Appartements,1,1,56.0,600.0,Sousse,Sahloul,10.71,2.7789,low,medium,3
Maisons et Villas,3,1,100.0,600.0,Sousse,Autres villes,6.0,2.7789,low,medium,0
Locations de vacances,2,1,80.0,50.0,Sousse,Hammam Sousse,0.62,1.7076,very_low,medium,3
Appartements,1,1,80.0,380.0,Sousse,Hammam Sousse,4.75,2.5809,low,medium,3
Appartements,1,1,40.0,60.0,Sousse,Kantaoui,1.5,1.7853,very_low,small,3
Locations de vacances,2,1,90.0,60.0,Sousse,Kantaoui,0.67,1.7853,very_low,medium,3
Appartements,2,1,95.0,650.0,Sousse,Sahloul,6.84,2.8136,low,medium,3
Appartements,2,1,100.0,650.0,Sousse,Autres villes,6.5,2.8136,low,medium,3
Appartements,3,1,200.0,1100.0,Sousse,Sahloul,5.5,3.0418,medium,large,4
Appartements,3,2,150.0,950.0,Sousse,Sahloul,6.33,2.9782,medium,large,4
Appartements,2,1,120.0,800.0,Sousse,Sahloul,6.67,2.9036,medium,large,4
Bureaux et Plateaux,2,1,120.0,1100.0,Sousse,Sahloul,9.17,3.0418,medium,large,4
Bureaux et Plateaux,2,1,80.0,700.0,Sousse,Sousse Jawhara,8.75,2.8457,low,medium,3
Locations de vacances,1,1,80.0,60.0,Sousse,Sousse,0.75,1.7853,very_low,medium,3
Locations de vacances,2,1,90.0,60.0,Sousse,Autres villes,0.67,1.7853,very_low,medium,3
Appartements,3,1,200.0,500.0,Sousse,Autres villes,2.5,2.6998,low,large,3
Bureaux et Plateaux,3,1,120.0,700.0,Sousse,Sahloul,5.83,2.8457,low,large,3
Appartements,2,1,90.0,850.0,Sousse,Sahloul,9.44,2.9299,medium,medium,4
Appartements,2,1,80.0,750.0,Sousse,Autres villes,9.38,2.8756,medium,medium,4
Appartements,1,1,60.0,350.0,Sousse,Sousse Riadh,5.83,2.5453,low,medium,3
Maisons et Villas,3,1,250.0,800.0,Sousse,Sousse Riadh,3.2,2.9036,medium,extra_large,0
Appartements,3,1,240.0,1000.0,Sousse,Sahloul,4.17,3.0004,medium,extra_large,4
Appartements,2,1,100.0,1150.0,Sousse,Sousse Jawhara,11.5,3.0611,medium,medium,4
Maisons et Villas,2,1,100.0,650.0,Sousse,Sahloul,6.5,2.8136,low,medium,0
"Magasins, Commerces et Locaux industriels",1,1,35.0,600.0,Sousse,Sahloul,17.14,2.7789,low,small,0
Appartements,3,1,150.0,1200.0,Sousse,Sahloul,8.0,3.0795,medium,large,4
Maisons et Villas,3,1,300.0,1200.0,Sousse,Hammam Sousse,4.0,3.0795,medium,extra_large,0
"Magasins, Commerces et Locaux industriels",2,1,80.0,700.0,Sousse,Sousse,8.75,2.8457,low,medium,0
Appartements,2,1,100.0,650.0,Sousse,Hammam Sousse,6.5,2.8136,low,medium,3
Maisons et Villas,5,2,400.0,1800.0,Sousse,Kantaoui,4.5,3.2555,high,extra_large,0
Appartements,2,1,90.0,690.0,Sousse,Sahloul,7.67,2.8395,low,medium,3
Maisons et Villas,4,1,200.0,900.0,Sousse,Sousse Jawhara,4.5,2.9547,medium,large,0
Appartements,2,1,86.0,450.0,Sousse,Sousse Riadh,5.23,2.6542,low,medium,3
Appartements,2,1,100.0,1200.0,Sousse,Hammam Sousse,12.0,3.0795,medium,medium,4
Appartements,2,1,100.0,450.0,Sousse,Sahloul,4.5,2.6542,low,medium,3
Maisons et Villas,4,1,190.0,770.0,Sousse,Sousse Riadh,4.05,2.8871,medium,large,0
Appartements,1,1,50.0,520.0,Sousse,Sahloul,10.4,2.7168,low,small,3
"Magasins, Commerces et Locaux industriels",1,1,320.0,1000.0,Sousse,Sousse,3.12,3.0004,medium,extra_large,0
Appartements,2,1,100.0,1100.0,Sousse,Autres villes,11.0,3.0418,medium,medium,4
Appartements,2,2,100.0,1300.0,Sousse,Kantaoui,13.0,3.1143,medium,medium,4
Appartements,2,1,100.0,1200.0,Sousse,Kantaoui,12.0,3.0795,medium,medium,4
Maisons et Villas,3,1,450.0,1000.0,Sousse,Kantaoui,2.22,3.0004,medium,extra_large,0
Appartements,2,1,150.0,900.0,Sousse,Hammam Sousse,6.0,2.9547,medium,large,4
Appartements,2,1,100.0,800.0,Sousse,Kantaoui,8.0,2.9036,medium,medium,4
Appartements,3,1,160.0,950.0,Sousse,Sahloul,5.94,2.9782,medium,large,4
Appartements,2,1,100.0,1000.0,Sousse,Kantaoui,10.0,3.0004,medium,medium,4
Appartements,1,1,52.0,450.0,Sousse,Kantaoui,8.65,2.6542,low,medium,3
Appartements,1,1,75.0,900.0,Sousse,Kantaoui,12.0,2.9547,medium,medium,4
Appartements,2,1,100.0,450.0,Sousse,Sousse Jawhara,4.5,2.6542,low,medium,3
Maisons et Villas,2,1,100.0,550.0,Sousse,Sousse Jawhara,5.5,2.7412,low,medium,0
Appartements,1,1,60.0,750.0,Sousse,Autres villes,12.5,2.8756,medium,medium,4
Locations de vacances,1,1,77.0,70.0,Sousse,Kantaoui,0.91,1.8513,very_low,medium,3
Locations de vacances,2,1,102.0,70.0,Sousse,Autres villes,0.69,1.8513,very_low,large,3
Locations de vacances,2,1,95.0,60.0,Sousse,Autres villes,0.63,1.7853,very_low,medium,3
Locations de vacances,1,1,77.0,70.0,Sousse,Kantaoui,0.91,1.8513,very_low,medium,3
Locations de vacances,1,1,71.0,60.0,Sousse,Autres villes,0.85,1.7853,very_low,medium,3
Locations de vacances,2,1,75.0,60.0,Sousse,Autres villes,0.8,1.7853,very_low,medium,3
"Magasins, Commerces et Locaux industriels",1,1,450.0,2000.0,Sousse,Sousse,4.44,3.3012,high,extra_large,0
Appartements,3,1,70.0,500.0,Sousse,Sahloul,7.14,2.6998,low,medium,3
Appartements,2,1,45.0,400.0,Sousse,Autres villes,8.89,2.6031,low,small,3
Appartements,1,1,60.0,550.0,Sousse,Sousse Jawhara,9.17,2.7412,low,medium,3
Appartements,3,2,220.0,820.0,Sousse,Autres villes,3.73,2.9143,medium,extra_large,4
Appartements,3,2,220.0,900.0,Sousse,Sahloul,4.09,2.9547,medium,extra_large,4
Maisons et Villas,4,1,500.0,2100.0,Sousse,Hammam Sousse,4.2,3.3224,high,extra_large,0
Appartements,2,1,90.0,750.0,Sousse,Sahloul,8.33,2.8756,medium,medium,4
Bureaux et Plateaux,1,1,200.0,900.0,Sousse,Hammam Sousse,4.5,2.9547,medium,large,4
Appartements,2,1,100.0,450.0,Sousse,Sahloul,4.5,2.6542,low,medium,3
Locations de vacances,1,1,75.0,60.0,Sousse,Autres villes,0.8,1.7853,very_low,medium,3
Appartements,2,1,80.0,750.0,Sousse,Autres villes,9.38,2.8756,medium,medium,4
Appartements,2,1,95.0,450.0,Sousse,Sousse Jawhara,4.74,2.6542,low,medium,3
Appartements,2,1,100.0,550.0,Sousse,Hammam Sousse,5.5,2.7412,low,medium,3
"Magasins, Commerces et Locaux industriels",1,1,350.0,700.0,Sousse,Autres villes,2.0,2.8457,low,extra_large,0
Appartements,1,1,62.0,750.0,Sousse,Sahloul,12.1,2.8756,medium,medium,4
Appartements,1,1,60.0,600.0,Sousse,Sahloul,10.0,2.7789,low,medium,3
Locations de vacances,2,1,80.0,70.0,Sousse,Kantaoui,0.88,1.8513,very_low,medium,3
"Magasins, Commerces et Locaux industriels",1,1,200.0,500.0,Sousse,Akouda,2.5,2.6998,low,large,0
Appartements,1,1,55.0,200.0,Sousse,Zaouit-Ksibat Thrayett,3.64,2.3032,very_low,medium,3
Appartements,1,1,80.0,700.0,Sousse,Sahloul,8.75,2.8457,low,medium,3
Appartements,2,1,99.0,450.0,Sousse,Sousse Riadh,4.55,2.6542,low,medium,3
Locations de vacances,1,1,80.0,60.0,Sousse,Sousse,0.75,1.7853,very_low,medium,3
Locations de vacances,2,2,120.0,80.0,Sousse,Sousse,0.67,1.9085,very_low,large,3
Locations de vacances,1,1,80.0,60.0,Sousse,Sousse,0.75,1.7853,very_low,medium,3
Appartements,1,1,80.0,750.0,Sousse,Sousse Jawhara,9.38,2.8756,medium,medium,4
Locations de vacances,1,1,40.0,60.0,Sousse,Kantaoui,1.5,1.7853,very_low,small,3
Appartements,2,1,100.0,1250.0,Sousse,Sousse Médina,12.5,3.0973,medium,medium,4
Appartements,1,1,75.0,350.0,Sousse,Autres villes,4.67,2.5453,low,medium,3
Appartements,2,1,100.0,1150.0,Sousse,Sousse Médina,11.5,3.0611,medium,medium,4
Appartements,2,1,110.0,400.0,Sousse,Sahloul,3.64,2.6031,low,large,3
Appartements,2,1,130.0,550.0,Sousse,Hammam Sousse,4.23,2.7412,low,large,3
Appartements,2,1,80.0,750.0,Sousse,Sousse Jawhara,9.38,2.8756,medium,medium,4
Appartements,2,1,130.0,800.0,Sousse,Sahloul,6.15,2.9036,medium,large,4
Locations de vacances,2,1,110.0,60.0,Sousse,Autres villes,0.55,1.7853,very_low,large,3
Appartements,2,1,130.0,650.0,Sousse,Sousse Riadh,5.0,2.8136,low,large,3
Appartements,1,1,76.0,700.0,Sousse,Sahloul,9.21,2.8457,low,medium,3
Appartements,2,1,100.0,1250.0,Sousse,Sousse Médina,12.5,3.0973,medium,medium,4
Appartements,2,1,120.0,1100.0,Sousse,Sousse Riadh,9.17,3.0418,medium,large,4
Bureaux et Plateaux,3,1,70.0,800.0,Sousse,Sousse,11.43,2.9036,medium,medium,4
Maisons et Villas,2,1,120.0,400.0,Sousse,Sahloul,3.33,2.6031,low,large,0
Appartements,3,2,130.0,1300.0,Sousse,Sahloul,10.0,3.1143,medium,large,4
Bureaux et Plateaux,2,1,85.0,850.0,Sousse,Sahloul,10.0,2.9299,medium,medium,4
Appartements,2,1,130.0,750.0,Sousse,Sousse Jawhara,5.77,2.8756,medium,large,4
Appartements,3,1,125.0,1050.0,Sousse,Sousse Jawhara,8.4,3.0216,medium,large,4
Bureaux et Plateaux,5,1,160.0,900.0,Sousse,Sousse Médina,5.62,2.9547,medium,large,4
Appartements,2,1,120.0,1100.0,Sousse,Autres villes,9.17,3.0418,medium,large,4
Appartements,1,1,70.0,750.0,Sousse,Autres villes,10.71,2.8756,medium,medium,4
Appartements,3,1,220.0,600.0,Sousse,Autres villes,2.73,2.7789,low,extra_large,4
Appartements,4,1,270.0,450.0,Sousse,M'saken,1.67,2.6542,low,extra_large,4
Maisons et Villas,3,3,200.0,1400.0,Sousse,Kantaoui,7.0,3.1464,medium,large,0
Appartements,2,1,100.0,800.0,Sousse,Sahloul,8.0,2.9036,medium,medium,4
Appartements,1,1,80.0,1000.0,Sousse,Sousse,12.5,3.0004,medium,medium,4
Appartements,2,1,90.0,700.0,Sousse,Sahloul,7.78,2.8457,low,medium,3
Appartements,2,1,56.0,300.0,Sousse,Sousse Médina,5.36,2.4786,very_low,medium,3
Appartements,1,1,70.0,1111.0,Sousse,Kantaoui,15.87,3.0461,medium,medium,4
Appartements,2,1,90.0,300.0,Sousse,Autres villes,3.33,2.4786,very_low,medium,3
Appartements,2,1,120.0,1100.0,Sousse,Sousse Médina,9.17,3.0418,medium,large,4
Appartements,1,1,70.0,750.0,Sousse,Sousse Médina,10.71,2.8756,medium,medium,4
Locations de vacances,2,2,120.0,150.0,Sousse,Hergla,1.25,2.179,very_low,large,3
Appartements,3,1,170.0,1600.0,Sousse,Hammam Sousse,9.41,3.2044,high,large,4
Appartements,2,1,100.0,800.0,Sousse,Sousse Médina,8.0,2.9036,medium,medium,4
Appartements,2,1,85.0,450.0,Sousse,Sahloul,5.29,2.6542,low,medium,3
Appartements,3,1,120.0,1200.0,Sousse,Hammam Sousse,10.0,3.0795,medium,large,4
Appartements,1,1,70.0,700.0,Sousse,Sousse Jawhara,10.0,2.8457,low,medium,3
Appartements,2,1,140.0,550.0,Sousse,Sousse,3.93,2.7412,low,large,3
Appartements,1,1,70.0,650.0,Sousse,Hammam Sousse,9.29,2.8136,low,medium,3
Appartements,2,1,120.0,1250.0,Sousse,Autres villes,10.42,3.0973,medium,large,4
Appartements,2,1,100.0,450.0,Sousse,Hammam Sousse,4.5,2.6542,low,medium,3
Appartements,3,2,180.0,900.0,Sousse,Hammam Sousse,5.0,2.9547,medium,large,4
Appartements,3,2,149.0,1000.0,Sousse,Sahloul,6.71,3.0004,medium,large,4
Locations de vacances,2,2,120.0,120.0,Sousse,Hammam Sousse,1.0,2.0828,very_low,large,3
Appartements,1,1,80.0,650.0,Sousse,Hammam Sousse,8.12,2.8136,low,medium,3
Maisons et Villas,3,1,300.0,1200.0,Sousse,Hammam Sousse,4.0,3.0795,medium,extra_large,0
Bureaux et Plateaux,1,1,37.0,250.0,Sousse,Akouda,6.76,2.3997,very_low,small,3
Appartements,2,1,100.0,1100.0,Sousse,Autres villes,11.0,3.0418,medium,medium,4
Appartements,2,1,60.0,800.0,Sousse,Sousse Médina,13.33,2.9036,medium,medium,4
Appartements,2,1,100.0,1150.0,Sousse,Sousse Médina,11.5,3.0611,medium,medium,4
Appartements,1,1,70.0,750.0,Sousse,Sousse Médina,10.71,2.8756,medium,medium,4
Appartements,2,1,85.0,800.0,Sousse,Hammam Sousse,9.41,2.9036,medium,medium,4
Appartements,2,1,90.0,800.0,Sousse,Autres villes,8.89,2.9036,medium,medium,4
Appartements,1,1,60.0,1000.0,Sousse,Hammam Sousse,16.67,3.0004,medium,medium,4
Appartements,1,1,50.0,1500.0,Sousse,Akouda,30.0,3.1764,medium,small,4
Appartements,2,1,80.0,550.0,Sousse,Sahloul,6.88,2.7412,low,medium,3
Locations de vacances,1,1,80.0,250.0,Sousse,Sousse Riadh,3.12,2.3997,very_low,medium,3
Appartements,2,1,100.0,500.0,Sousse,Sousse,5.0,2.6998,low,medium,3
Appartements,3,1,125.0,800.0,Sousse,Sahloul,6.4,2.9036,medium,large,4
Appartements,2,1,113.0,1100.0,Sousse,Sousse,9.73,3.0418,medium,large,4
Appartements,2,1,100.0,350.0,Sousse,Sousse Riadh,3.5,2.5453,low,medium,3
Appartements,1,1,75.0,450.0,Sousse,Autres villes,6.0,2.6542,low,medium,3
Appartements,1,1,40.0,650.0,Sousse,Hammam Sousse,16.25,2.8136,low,small,3
Locations de vacances,1,1,80.0,60.0,Sousse,Sousse,0.75,1.7853,very_low,medium,3
Bureaux et Plateaux,2,1,85.0,600.0,Sousse,Sousse,7.06,2.7789,low,medium,3
Appartements,3,1,100.0,600.0,Sousse,Hammam Sousse,6.0,2.7789,low,medium,3
Appartements,3,1,115.0,800.0,Sousse,Hammam Sousse,6.96,2.9036,medium,large,4
Maisons et Villas,5,2,400.0,1300.0,Sousse,Sousse Jawhara,3.25,3.1143,medium,extra_large,0
Appartements,2,1,110.0,800.0,Sousse,Hammam Sousse,7.27,2.9036,medium,large,4
Appartements,2,1,110.0,700.0,Sousse,Hammam Sousse,6.36,2.8457,low,large,3
Locations de vacances,1,1,55.0,80.0,Sousse,Hammam Sousse,1.45,1.9085,very_low,medium,3
Appartements,2,1,110.0,700.0,Sousse,Sahloul,6.36,2.8457,low,large,3
Appartements,1,1,60.0,300.0,Sousse,Kantaoui,5.0,2.4786,very_low,medium,3
Maisons et Villas,4,1,90.0,450.0,Sousse,Sousse Médina,5.0,2.6542,low,medium,0
Appartements,1,1,52.0,700.0,Sousse,Sousse Jawhara,13.46,2.8457,low,medium,3
Appartements,2,2,90.0,600.0,Sousse,Hammam Sousse,6.67,2.7789,low,medium,3
Appartements,2,1,80.0,1000.0,Sousse,Sousse,12.5,3.0004,medium,medium,4
Appartements,1,1,45.0,350.0,Sousse,Sousse Jawhara,7.78,2.5453,low,small,3
"Magasins, Commerces et Locaux industriels",2,1,200.0,600.0,Sousse,Zaouit-Ksibat Thrayett,3.0,2.7789,low,large,0
Appartements,3,2,150.0,700.0,Sousse,Sahloul,4.67,2.8457,low,large,3
Appartements,3,2,140.0,730.0,Sousse,Sahloul,5.21,2.8639,medium,large,4
Maisons et Villas,5,1,150.0,450.0,Sousse,Sousse Riadh,3.0,2.6542,low,large,0
Appartements,3,2,150.0,800.0,Sousse,Sousse Jawhara,5.33,2.9036,medium,large,4
Maisons et Villas,4,1,120.0,240.0,Sousse,Zaouit-Ksibat Thrayett,2.0,2.382,very_low,large,0
Appartements,4,1,120.0,300.0,Sousse,Zaouit-Ksibat Thrayett,2.5,2.4786,very_low,large,3
Appartements,2,1,180.0,620.0,Sousse,Sousse Jawhara,3.44,2.7931,low,large,3
Appartements,2,1,90.0,450.0,Sousse,Autres villes,5.0,2.6542,low,medium,3
Appartements,2,1,150.0,450.0,Sousse,Sousse Jawhara,3.0,2.6542,low,large,3
Maisons et Villas,3,2,250.0,1200.0,Sousse,Hammam Sousse,4.8,3.0795,medium,extra_large,0
Maisons et Villas,3,2,130.0,800.0,Sousse,Sahloul,6.15,2.9036,medium,large,0
Appartements,3,2,120.0,950.0,Sousse,Sahloul,7.92,2.9782,medium,large,4
Maisons et Villas,3,2,200.0,1250.0,Sousse,Sahloul,6.25,3.0973,medium,large,0
Appartements,3,1,150.0,800.0,Sousse,Autres villes,5.33,2.9036,medium,large,4
Appartements,2,1,90.0,500.0,Sousse,Hammam Sousse,5.56,2.6998,low,medium,3
Bureaux et Plateaux,2,1,122.0,750.0,Sousse,Sousse,6.15,2.8756,medium,large,4
Appartements,3,1,120.0,1000.0,Sousse,Sahloul,8.33,3.0004,medium,large,4
Appartements,2,1,120.0,1200.0,Sousse,Hammam Sousse,10.0,3.0795,medium,large,4
Locations de vacances,1,1,80.0,60.0,Sousse,Sousse,0.75,1.7853,very_low,medium,3
Appartements,2,1,70.0,60.0,Sousse,Hergla,0.86,1.7853,very_low,medium,3
Appartements,4,1,140.0,900.0,Sousse,Sahloul,6.43,2.9547,medium,large,4
Appartements,2,1,90.0,1000.0,Sousse,Sousse Jawhara,11.11,3.0004,medium,medium,4
Appartements,1,1,220.0,800.0,Sousse,Sousse,3.64,2.9036,medium,extra_large,4
Locations de vacances,1,1,120.0,60.0,Sousse,Sousse,0.5,1.7853,very_low,large,3
Appartements,1,1,100.0,350.0,Sousse,Hammam Sousse,3.5,2.5453,low,medium,3
"Magasins, Commerces et Locaux industriels",1,1,180.0,800.0,Sousse,Hammam Sousse,4.44,2.9036,medium,large,0
Appartements,2,2,150.0,710.0,Sousse,Sousse,4.73,2.8519,medium,large,4
Appartements,1,1,65.0,70.0,Sousse,Hergla,1.08,1.8513,very_low,medium,3
Appartements,2,1,70.0,60.0,Sousse,Hergla,0.86,1.7853,very_low,medium,3
Appartements,2,1,100.0,390.0,Sousse,Sousse Riadh,3.9,2.5922,low,medium,3
Appartements,3,1,95.0,350.0,Sousse,M'saken,3.68,2.5453,low,medium,3
Maisons et Villas,2,1,120.0,300.0,Sousse,Kalaâ Sghira,2.5,2.4786,very_low,large,0
Locations de vacances,2,2,120.0,80.0,Sousse,Sousse,0.67,1.9085,very_low,large,3
Appartements,2,1,70.0,380.0,Sousse,Autres villes,5.43,2.5809,low,medium,3
Appartements,2,1,80.0,450.0,Sousse,Sousse Riadh,5.62,2.6542,low,medium,3
Appartements,1,1,80.0,450.0,Sousse,Autres villes,5.62,2.6542,low,medium,3
Appartements,2,1,120.0,1000.0,Sousse,Autres villes,8.33,3.0004,medium,large,4
Appartements,1,1,50.0,370.0,Sousse,Sahloul,7.4,2.5694,low,small,3
"Magasins, Commerces et Locaux industriels",1,1,110.0,900.0,Sousse,Sousse Riadh,8.18,2.9547,medium,large,0
Appartements,2,2,200.0,1800.0,Sousse,Kantaoui,9.0,3.2555,high,large,4
Appartements,2,1,120.0,570.0,Sousse,Autres villes,4.75,2.7566,low,large,3
Locations de vacances,3,1,122.0,80.0,Sousse,Sousse Jawhara,0.66,1.9085,very_low,large,3
Appartements,2,1,100.0,770.0,Sousse,Sousse Jawhara,7.7,2.8871,medium,medium,4
Appartements,3,1,120.0,600.0,Sousse,Sousse Médina,5.0,2.7789,low,large,3
Maisons et Villas,6,4,1000.0,2200.0,Sousse,Sousse Jawhara,2.2,3.3426,high,extra_large,0
Appartements,1,1,60.0,1200.0,Sousse,Kantaoui,20.0,3.0795,medium,medium,4
Appartements,2,1,120.0,750.0,Sousse,Hammam Sousse,6.25,2.8756,medium,large,4
Appartements,2,1,120.0,390.0,Sousse,Sousse,3.25,2.5922,low,large,3
Appartements,2,1,100.0,300.0,Sousse,Autres villes,3.0,2.4786,very_low,medium,3
Appartements,2,1,95.0,480.0,Sousse,Sousse Riadh,5.05,2.6821,low,medium,3
"Magasins, Commerces et Locaux industriels",1,1,27.0,350.0,Sousse,Sousse Riadh,12.96,2.5453,low,small,0
Maisons et Villas,5,3,300.0,1400.0,Sousse,Autres villes,4.67,3.1464,medium,extra_large,0
Appartements,2,1,170.0,500.0,Sousse,Sousse Jawhara,2.94,2.6998,low,large,3
Appartements,1,1,40.0,200.0,Sousse,Kalaâ Sghira,5.0,2.3032,very_low,small,3
"Magasins, Commerces et Locaux industriels",3,1,550.0,1600.0,Sousse,Kalaâ Kebira,2.91,3.2044,high,extra_large,0
Locations de vacances,1,1,80.0,60.0,Sousse,Sousse,0.75,1.7853,very_low,medium,3
Appartements,3,1,130.0,900.0,Sousse,Sahloul,6.92,2.9547,medium,large,4
Bureaux et Plateaux,3,1,86.0,1000.0,Sousse,Sousse,11.63,3.0004,medium,medium,4
Appartements,2,1,100.0,850.0,Sousse,Sousse Jawhara,8.5,2.9299,medium,medium,4
Appartements,1,1,70.0,70.0,Sousse,Autres villes,1.0,1.8513,very_low,medium,3
"Magasins, Commerces et Locaux industriels",1,1,220.0,750.0,Sousse,Sousse Jawhara,3.41,2.8756,medium,extra_large,0
Appartements,2,1,80.0,350.0,Sousse,Autres villes,4.38,2.5453,low,medium,3
Maisons et Villas,4,1,100.0,300.0,Sousse,Zaouit-Ksibat Thrayett,3.0,2.4786,very_low,medium,0
Appartements,4,2,160.0,850.0,Sousse,Sahloul,5.31,2.9299,medium,large,4
Appartements,3,1,85.0,550.0,Sousse,Sahloul,6.47,2.7412,low,medium,3
Colocations,3,1,120.0,150.0,Sousse,Autres villes,1.25,2.179,very_low,large,3
Bureaux et Plateaux,1,1,30.0,350.0,Sousse,Sousse,11.67,2.5453,low,small,3
Appartements,2,1,150.0,750.0,Sousse,Hammam Sousse,5.0,2.8756,medium,large,4
Locations de vacances,2,1,90.0,50.0,Sousse,Autres villes,0.56,1.7076,very_low,medium,3
Locations de vacances,1,1,80.0,60.0,Sousse,Sousse,0.75,1.7853,very_low,medium,3
Appartements,2,1,78.0,600.0,Sousse,Sousse,7.69,2.7789,low,medium,3
Locations de vacances,1,1,80.0,60.0,Sousse,Sousse,0.75,1.7853,very_low,medium,3
Bureaux et Plateaux,1,1,55.0,650.0,Sousse,Autres villes,11.82,2.8136,low,medium,3
Appartements,2,1,100.0,600.0,Sousse,Hammam Sousse,6.0,2.7789,low,medium,3
Appartements,1,1,55.0,450.0,Sousse,Hammam Sousse,8.18,2.6542,low,medium,3
Appartements,3,1,80.0,300.0,Sousse,Sousse Riadh,3.75,2.4786,very_low,medium,3
Maisons et Villas,4,2,220.0,800.0,Sousse,Sousse Jawhara,3.64,2.9036,medium,extra_large,0
Appartements,1,1,80.0,70.0,Sousse,Hammam Sousse,0.88,1.8513,very_low,medium,3
Appartements,1,1,60.0,60.0,Sousse,Hammam Sousse,1.0,1.7853,very_low,medium,3
Maisons et Villas,3,1,300.0,1800.0,Sousse,Kantaoui,6.0,3.2555,high,extra_large,0
Appartements,2,1,80.0,550.0,Sousse,Sahloul,6.88,2.7412,low,medium,3
Appartements,1,1,75.0,450.0,Sousse,Hammam Sousse,6.0,2.6542,low,medium,3
Bureaux et Plateaux,2,1,75.0,750.0,Sousse,Sahloul,10.0,2.8756,medium,medium,4
Appartements,2,1,90.0,650.0,Sousse,Sousse,7.22,2.8136,low,medium,3
Appartements,2,1,100.0,750.0,Sousse,Sousse,7.5,2.8756,medium,medium,4
Bureaux et Plateaux,2,1,85.0,600.0,Sousse,Hammam Sousse,7.06,2.7789,low,medium,3
Appartements,3,1,110.0,1200.0,Sousse,Sousse,10.91,3.0795,medium,large,4
Locations de vacances,1,1,40.0,60.0,Sousse,Kantaoui,1.5,1.7853,very_low,small,3
Appartements,2,1,80.0,650.0,Sousse,Autres villes,8.12,2.8136,low,medium,3
Maisons et Villas,4,4,500.0,1700.0,Sousse,Kantaoui,3.4,3.2307,high,extra_large,0
Appartements,2,1,110.0,1100.0,Sousse,Hammam Sousse,10.0,3.0418,medium,large,4
Appartements,2,1,100.0,800.0,Sousse,Sahloul,8.0,2.9036,medium,medium,4
Appartements,1,1,55.0,520.0,Sousse,Kantaoui,9.45,2.7168,low,medium,3
"Magasins, Commerces et Locaux industriels",1,1,35.0,600.0,Sousse,Sahloul,17.14,2.7789,low,small,0
Appartements,1,1,70.0,280.0,Sousse,Sousse Sidi Abdelhamid,4.0,2.4487,very_low,medium,3
Appartements,1,1,60.0,1000.0,Sousse,Hammam Sousse,16.67,3.0004,medium,medium,4
Appartements,3,1,115.0,1000.0,Sousse,Sousse,8.7,3.0004,medium,large,4
Maisons et Villas,3,1,250.0,800.0,Sousse,Sousse Riadh,3.2,2.9036,medium,extra_large,0
Appartements,3,1,130.0,850.0,Sousse,Sahloul,6.54,2.9299,medium,large,4
Maisons et Villas,3,2,200.0,650.0,Sousse,Sousse Jawhara,3.25,2.8136,low,large,0
Appartements,3,2,150.0,700.0,Sousse,Sousse Jawhara,4.67,2.8457,low,large,3
Appartements,2,1,60.0,700.0,Sousse,Autres villes,11.67,2.8457,low,medium,3
Appartements,1,1,60.0,650.0,Sousse,Hammam Sousse,10.83,2.8136,low,medium,3
"Magasins, Commerces et Locaux industriels",1,1,80.0,280.0,Sousse,Akouda,3.5,2.4487,very_low,medium,0
Maisons et Villas,3,2,180.0,850.0,Sousse,Hammam Sousse,4.72,2.9299,medium,large,0
Maisons et Villas,3,2,200.0,1200.0,Sousse,Sahloul,6.0,3.0795,medium,large,0
Appartements,1,1,50.0,180.0,Sousse,Kalaâ Kebira,3.6,2.2577,very_low,small,3
Appartements,2,1,120.0,1000.0,Sousse,Hammam Sousse,8.33,3.0004,medium,large,4
Appartements,2,1,85.0,590.0,Sousse,Hammam Sousse,6.94,2.7716,low,medium,3
Maisons et Villas,2,1,120.0,750.0,Sousse,Hammam Sousse,6.25,2.8756,medium,large,0
Appartements,3,1,135.0,1000.0,Sousse,Sahloul,7.41,3.0004,medium,large,4
Appartements,1,1,65.0,700.0,Sousse,Hammam Sousse,10.77,2.8457,low,medium,3
Appartements,2,1,100.0,620.0,Sousse,Sousse Jawhara,6.2,2.7931,low,medium,3
Appartements,1,1,70.0,70.0,Sousse,Hergla,1.0,1.8513,very_low,medium,3
Appartements,2,1,100.0,500.0,Sousse,Sousse Jawhara,5.0,2.6998,low,medium,3
Appartements,2,1,115.0,850.0,Sousse,Sousse Jawhara,7.39,2.9299,medium,large,4
Maisons et Villas,4,1,500.0,2100.0,Sousse,Hammam Sousse,4.2,3.3224,high,extra_large,0
Appartements,1,1,75.0,700.0,Sousse,Sahloul,9.33,2.8457,low,medium,3
Appartements,2,1,110.0,800.0,Sousse,Hammam Sousse,7.27,2.9036,medium,large,4
Appartements,2,1,130.0,900.0,Sousse,Sahloul,6.92,2.9547,medium,large,4
Appartements,1,1,55.0,400.0,Sousse,Hammam Sousse,7.27,2.6031,low,medium,3
Appartements,2,1,115.0,900.0,Sousse,Sahloul,7.83,2.9547,medium,large,4
Appartements,4,2,145.0,1200.0,Sousse,Sahloul,8.28,3.0795,medium,large,4
Colocations,2,1,90.0,340.0,Sousse,M'saken,3.78,2.5328,low,medium,3
Appartements,2,1,80.0,600.0,Sousse,Sousse Médina,7.5,2.7789,low,medium,3
Appartements,2,1,120.0,750.0,Sousse,Kantaoui,6.25,2.8756,medium,large,4
Appartements,3,1,120.0,290.0,Sousse,Kalaâ Kebira,2.42,2.4639,very_low,large,3
Appartements,2,1,70.0,650.0,Sousse,Kantaoui,9.29,2.8136,low,medium,3
Appartements,2,1,120.0,850.0,Sousse,Sousse Jawhara,7.08,2.9299,medium,large,4
Appartements,2,1,100.0,850.0,Sousse,Hammam Sousse,8.5,2.9299,medium,medium,4
Maisons et Villas,2,1,120.0,300.0,Sousse,Sousse,2.5,2.4786,very_low,large,0
Appartements,1,1,34.0,450.0,Sousse,Hammam Sousse,13.24,2.6542,low,small,3
Appartements,4,2,200.0,800.0,Sousse,Sousse,4.0,2.9036,medium,large,4
Appartements,1,1,60.0,550.0,Sousse,Kantaoui,9.17,2.7412,low,medium,3
Appartements,2,1,110.0,600.0,Sousse,Sahloul,5.45,2.7789,low,large,3
Appartements,1,1,65.0,520.0,Sousse,Sousse,8.0,2.7168,low,medium,3
Appartements,3,2,150.0,1600.0,Sousse,Kantaoui,10.67,3.2044,high,large,4
Appartements,2,1,100.0,600.0,Sousse,Sousse Jawhara,6.0,2.7789,low,medium,3
Appartements,2,1,85.0,700.0,Sousse,Sousse Riadh,8.24,2.8457,low,medium,3
Bureaux et Plateaux,2,1,70.0,500.0,Sousse,Sousse Jawhara,7.14,2.6998,low,medium,3
Bureaux et Plateaux,2,1,70.0,800.0,Sousse,Sousse,11.43,2.9036,medium,medium,4
Bureaux et Plateaux,2,1,85.0,850.0,Sousse,Sahloul,10.0,2.9299,medium,medium,4
Appartements,2,1,160.0,320.0,Sousse,M'saken,2.0,2.5065,low,large,3
"Magasins, Commerces et Locaux industriels",1,1,43.0,1000.0,Sousse,Autres villes,23.26,3.0004,medium,small,0
Appartements,2,1,100.0,500.0,Sousse,Sousse Jawhara,5.0,2.6998,low,medium,3
Appartements,3,1,170.0,800.0,Sousse,Sahloul,4.71,2.9036,medium,large,4
Appartements,1,1,55.0,800.0,Sousse,Hammam Sousse,14.55,2.9036,medium,medium,4
Appartements,2,1,120.0,700.0,Sousse,Sousse Jawhara,5.83,2.8457,low,large,3
Locations de vacances,2,1,60.0,50.0,Sousse,Kantaoui,0.83,1.7076,very_low,medium,3
Appartements,2,1,100.0,450.0,Sousse,Autres villes,4.5,2.6542,low,medium,3
Appartements,3,1,135.0,1000.0,Sousse,Sahloul,7.41,3.0004,medium,large,4
Appartements,1,1,50.0,290.0,Sousse,Sousse Jawhara,5.8,2.4639,very_low,small,3
Appartements,3,1,140.0,1000.0,Sousse,Sahloul,7.14,3.0004,medium,large,4
Maisons et Villas,3,1,200.0,800.0,Sousse,Sousse Médina,4.0,2.9036,medium,large,0
Appartements,3,2,200.0,1000.0,Sousse,Kantaoui,5.0,3.0004,medium,large,4
Appartements,2,1,50.0,300.0,Sousse,Hammam Sousse,6.0,2.4786,very_low,small,3
Appartements,2,2,100.0,1200.0,Sousse,Kantaoui,12.0,3.0795,medium,medium,4
"Magasins, Commerces et Locaux industriels",1,2,300.0,1000.0,Sousse,Akouda,3.33,3.0004,medium,extra_large,0
Maisons et Villas,3,3,410.0,3500.0,Sousse,Akouda,8.54,3.5442,high,extra_large,0
Appartements,2,2,150.0,1500.0,Sousse,Sousse Jawhara,10.0,3.1764,medium,large,4
Appartements,2,1,130.0,850.0,Sousse,Sousse Jawhara,6.54,2.9299,medium,large,4
Appartements,3,1,200.0,1100.0,Sousse,Sahloul,5.5,3.0418,medium,large,4
Maisons et Villas,3,3,200.0,1700.0,Sousse,Kantaoui,8.5,3.2307,high,large,0
Appartements,2,1,100.0,650.0,Sousse,Kantaoui,6.5,2.8136,low,medium,3
Appartements,2,1,115.0,700.0,Sousse,Sahloul,6.09,2.8457,low,large,3
Appartements,2,1,140.0,600.0,Sousse,Hammam Sousse,4.29,2.7789,low,large,3
Appartements,2,1,170.0,500.0,Sousse,Sousse Jawhara,2.94,2.6998,low,large,3
Appartements,2,1,110.0,600.0,Sousse,Hammam Sousse,5.45,2.7789,low,large,3
Appartements,2,2,100.0,850.0,Sousse,Hammam Sousse,8.5,2.9299,medium,medium,4
Maisons et Villas,2,1,120.0,600.0,Sousse,Sousse,5.0,2.7789,low,large,0
Appartements,1,1,50.0,350.0,Sousse,Autres villes,7.0,2.5453,low,small,3
"Magasins, Commerces et Locaux industriels",1,1,22.0,400.0,Sousse,Sousse Médina,18.18,2.6031,low,small,0
Bureaux et Plateaux,1,1,150.0,900.0,Sousse,Sousse,6.0,2.9547,medium,large,4
Appartements,1,1,50.0,240.0,Sousse,Autres villes,4.8,2.382,very_low,small,3
Appartements,2,1,100.0,900.0,Sousse,Sousse,9.0,2.9547,medium,medium,4
Appartements,2,1,110.0,670.0,Sousse,Sahloul,6.09,2.8267,low,large,3
Appartements,3,1,240.0,1000.0,Sousse,Sahloul,4.17,3.0004,medium,extra_large,4
Appartements,2,2,100.0,1200.0,Sousse,Kantaoui,12.0,3.0795,medium,medium,4
Appartements,2,1,80.0,600.0,Sousse,Hammam Sousse,7.5,2.7789,low,medium,3
Maisons et Villas,3,2,250.0,1800.0,Sousse,Kantaoui,7.2,3.2555,high,extra_large,0
Appartements,3,2,150.0,700.0,Sousse,Hammam Sousse,4.67,2.8457,low,large,3
Appartements,1,1,83.0,550.0,Sousse,Sahloul,6.63,2.7412,low,medium,3
Appartements,2,1,90.0,450.0,Sousse,Autres villes,5.0,2.6542,low,medium,3
Appartements,2,1,80.0,800.0,Sousse,Autres villes,10.0,2.9036,medium,medium,4
Appartements,2,1,100.0,550.0,Sousse,Sousse,5.5,2.7412,low,medium,3
Appartements,2,1,90.0,800.0,Sousse,Sahloul,8.89,2.9036,medium,medium,4
Appartements,2,1,100.0,1000.0,Sousse,Hammam Sousse,10.0,3.0004,medium,medium,4
Appartements,1,1,100.0,350.0,Sousse,Akouda,3.5,2.5453,low,medium,3
Appartements,1,1,50.0,300.0,Sousse,Sousse Jawhara,6.0,2.4786,very_low,small,3
Appartements,3,1,130.0,850.0,Sousse,Sahloul,6.54,2.9299,medium,large,4
Appartements,2,1,100.0,1400.0,Sousse,Sousse Jawhara,14.0,3.1464,medium,medium,4
Appartements,3,1,145.0,700.0,Sousse,Sousse Jawhara,4.83,2.8457,low,large,3
Appartements,2,2,120.0,1300.0,Sousse,Kantaoui,10.83,3.1143,medium,large,4
Appartements,2,1,95.0,600.0,Sousse,Sousse,6.32,2.7789,low,medium,3
Appartements,2,1,95.0,480.0,Sousse,Sousse Riadh,5.05,2.6821,low,medium,3
Appartements,1,1,50.0,1500.0,Sousse,Akouda,30.0,3.1764,medium,small,4
Appartements,3,1,115.0,800.0,Sousse,Hammam Sousse,6.96,2.9036,medium,large,4
Maisons et Villas,5,3,400.0,1500.0,Sousse,Akouda,3.75,3.1764,medium,extra_large,0
Bureaux et Plateaux,3,1,120.0,150.0,Sousse,Sahloul,1.25,2.179,very_low,large,3
"Magasins, Commerces et Locaux industriels",1,1,500.0,1500.0,Sousse,Sousse Sidi Abdelhamid,3.0,3.1764,medium,extra_large,0
Appartements,3,2,150.0,1100.0,Sousse,Hammam Sousse,7.33,3.0418,medium,large,4
Appartements,2,1,80.0,550.0,Sousse,Sahloul,6.88,2.7412,low,medium,3
Appartements,1,1,60.0,550.0,Sousse,Kantaoui,9.17,2.7412,low,medium,3
Appartements,2,1,150.0,750.0,Sousse,Hammam Sousse,5.0,2.8756,medium,large,4
Appartements,2,2,140.0,900.0,Sousse,Hammam Sousse,6.43,2.9547,medium,large,4
Appartements,3,2,120.0,850.0,Sousse,Autres villes,7.08,2.9299,medium,large,4
Appartements,3,2,130.0,1000.0,Sousse,Sahloul,7.69,3.0004,medium,large,4
Appartements,2,1,75.0,1000.0,Sousse,Kantaoui,13.33,3.0004,medium,medium,4
Appartements,1,1,25.0,250.0,Sousse,Autres villes,10.0,2.3997,very_low,small,3
Appartements,2,1,100.0,750.0,Sousse,Autres villes,7.5,2.8756,medium,medium,4
Appartements,1,1,60.0,700.0,Sousse,Hergla,11.67,2.8457,low,medium,3
Appartements,1,1,40.0,400.0,Sousse,Sousse,10.0,2.6031,low,small,3
Appartements,2,1,100.0,850.0,Sousse,Sousse Jawhara,8.5,2.9299,medium,medium,4
Bureaux et Plateaux,3,1,145.0,1300.0,Sousse,Sousse,8.97,3.1143,medium,large,4
Appartements,2,1,230.0,1800.0,Sousse,Sousse Jawhara,7.83,3.2555,high,extra_large,4
Maisons et Villas,2,1,200.0,1800.0,Sousse,Hammam Sousse,9.0,3.2555,high,large,0
Maisons et Villas,4,1,200.0,1000.0,Sousse,Sousse Jawhara,5.0,3.0004,medium,large,0
Locations de vacances,1,1,77.0,60.0,Sousse,Kantaoui,0.78,1.7853,very_low,medium,3
Locations de vacances,2,1,77.0,70.0,Sousse,Autres villes,0.91,1.8513,very_low,medium,3
Appartements,1,1,90.0,550.0,Sousse,Hammam Sousse,6.11,2.7412,low,medium,3
Appartements,2,1,110.0,900.0,Sousse,Hammam Sousse,8.18,2.9547,medium,large,4
Appartements,3,1,200.0,1100.0,Sousse,Sousse Jawhara,5.5,3.0418,medium,large,4
Appartements,1,1,55.0,700.0,Sousse,Sahloul,12.73,2.8457,low,medium,3
Appartements,2,1,120.0,1250.0,Sousse,Sousse,10.42,3.0973,medium,large,4
Appartements,3,1,90.0,650.0,Sousse,Sahloul,7.22,2.8136,low,medium,3
Appartements,2,1,95.0,550.0,Sousse,Akouda,5.79,2.7412,low,medium,3
Appartements,2,1,120.0,600.0,Sousse,Sahloul,5.0,2.7789,low,large,3
Locations de vacances,2,1,80.0,60.0,Sousse,Autres villes,0.75,1.7853,very_low,medium,3
Appartements,1,1,50.0,800.0,Sousse,Hergla,16.0,2.9036,medium,small,4
"Magasins, Commerces et Locaux industriels",1,1,200.0,1000.0,Sousse,Sousse Jawhara,5.0,3.0004,medium,large,0
Appartements,1,1,42.0,1100.0,Sousse,Akouda,26.19,3.0418,medium,small,4
Appartements,3,2,200.0,900.0,Sousse,Sahloul,4.5,2.9547,medium,large,4
Maisons et Villas,4,1,500.0,2100.0,Sousse,Hammam Sousse,4.2,3.3224,high,extra_large,0
Appartements,3,1,148.0,1200.0,Sousse,Sahloul,8.11,3.0795,medium,large,4
Appartements,2,1,120.0,950.0,Sousse,Hammam Sousse,7.92,2.9782,medium,large,4
Appartements,2,1,115.0,800.0,Sousse,Hammam Sousse,6.96,2.9036,medium,large,4
Appartements,2,1,115.0,700.0,Sousse,Sahloul,6.09,2.8457,low,large,3
Appartements,3,1,115.0,1000.0,Sousse,Sousse,8.7,3.0004,medium,large,4
"Magasins, Commerces et Locaux industriels",1,1,500.0,1500.0,Sousse,Sousse Sidi Abdelhamid,3.0,3.1764,medium,extra_large,0
Maisons et Villas,2,1,300.0,2500.0,Sousse,Sousse,8.33,3.3981,high,extra_large,0
Maisons et Villas,3,1,130.0,400.0,Sousse,Sousse Riadh,3.08,2.6031,low,large,0
Appartements,2,1,130.0,1000.0,Sousse,Sahloul,7.69,3.0004,medium,large,4
Appartements,1,1,55.0,500.0,Sousse,Hammam Sousse,9.09,2.6998,low,medium,3
Appartements,1,1,55.0,400.0,Sousse,Hammam Sousse,7.27,2.6031,low,medium,3
Maisons et Villas,3,1,200.0,900.0,Sousse,Sahloul,4.5,2.9547,medium,large,0
Maisons et Villas,3,1,250.0,1200.0,Sousse,Hammam Sousse,4.8,3.0795,medium,extra_large,0
Maisons et Villas,2,1,100.0,320.0,Sousse,M'saken,3.2,2.5065,low,medium,0
Appartements,4,2,276.0,2300.0,Sousse,Sousse,8.33,3.3619,high,extra_large,4
Maisons et Villas,3,1,250.0,1200.0,Sousse,Sousse Jawhara,4.8,3.0795,medium,extra_large,0
Appartements,1,1,70.0,650.0,Sousse,Hammam Sousse,9.29,2.8136,low,medium,3
Appartements,3,1,100.0,550.0,Sousse,Hammam Sousse,5.5,2.7412,low,medium,3
Maisons et Villas,3,1,180.0,550.0,Sousse,Hammam Sousse,3.06,2.7412,low,large,0
Appartements,2,1,70.0,120.0,Sousse,Autres villes,1.71,2.0828,very_low,medium,3
Appartements,1,1,42.0,1100.0,Sousse,Akouda,26.19,3.0418,medium,small,4
Maisons et Villas,2,1,100.0,400.0,Sousse,Sahloul,4.0,2.6031,low,medium,0
Bureaux et Plateaux,1,1,20.0,600.0,Sousse,Autres villes,30.0,2.7789,low,small,3
Appartements,2,1,100.0,850.0,Sousse,Sousse Jawhara,8.5,2.9299,medium,medium,4
Appartements,1,1,62.0,750.0,Sousse,Sahloul,12.1,2.8756,medium,medium,4
Appartements,2,1,60.0,400.0,Sousse,Sousse,6.67,2.6031,low,medium,3
Locations de vacances,1,1,75.0,200.0,Sousse,Kalaâ Sghira,2.67,2.3032,very_low,medium,3
Appartements,2,1,150.0,1100.0,Sousse,Hammam Sousse,7.33,3.0418,medium,large,4
Appartements,2,1,70.0,280.0,Sousse,Sousse Riadh,4.0,2.4487,very_low,medium,3
Appartements,3,2,150.0,1100.0,Sousse,Sahloul,7.33,3.0418,medium,large,4
Appartements,3,1,100.0,800.0,Sousse,Sousse,8.0,2.9036,medium,medium,4
Appartements,4,1,115.0,630.0,Sousse,Sahloul,5.48,2.8,low,large,3
Appartements,3,1,170.0,800.0,Sousse,Autres villes,4.71,2.9036,medium,large,4
Appartements,2,1,115.0,900.0,Sousse,Sahloul,7.83,2.9547,medium,large,4
Appartements,2,1,100.0,750.0,Sousse,Sahloul,7.5,2.8756,medium,medium,4
Bureaux et Plateaux,2,1,200.0,800.0,Sousse,Hammam Sousse,4.0,2.9036,medium,large,4
Bureaux et Plateaux,1,1,80.0,650.0,Sousse,Sahloul,8.12,2.8136,low,medium,3
Appartements,2,1,90.0,390.0,Sousse,Sousse Riadh,4.33,2.5922,low,medium,3
Appartements,2,1,100.0,1400.0,Sousse,Sousse Jawhara,14.0,3.1464,medium,medium,4
Appartements,3,2,160.0,1500.0,Sousse,Sousse Jawhara,9.38,3.1764,medium,large,4
Appartements,2,1,150.0,1500.0,Sousse,Kantaoui,10.0,3.1764,medium,large,4
Appartements,2,2,120.0,900.0,Sousse,Hammam Sousse,7.5,2.9547,medium,large,4
Appartements,2,1,115.0,850.0,Sousse,Sousse Jawhara,7.39,2.9299,medium,large,4
Appartements,2,1,150.0,750.0,Sousse,Hammam Sousse,5.0,2.8756,medium,large,4
Bureaux et Plateaux,2,1,70.0,500.0,Sousse,Sousse Jawhara,7.14,2.6998,low,medium,3
Bureaux et Plateaux,2,1,120.0,500.0,Sousse,Sahloul,4.17,2.6998,low,large,3
Appartements,1,1,65.0,850.0,Sousse,Hammam Sousse,13.08,2.9299,medium,medium,4
Appartements,1,1,75.0,900.0,Sousse,Kantaoui,12.0,2.9547,medium,medium,4
Appartements,1,1,32.0,500.0,Sousse,Sousse,15.62,2.6998,low,small,3
Appartements,3,1,100.0,550.0,Sousse,Sousse Jawhara,5.5,2.7412,low,medium,3
Maisons et Villas,3,2,200.0,950.0,Sousse,Kantaoui,4.75,2.9782,medium,large,0
Appartements,2,2,120.0,1800.0,Sousse,Sousse Jawhara,15.0,3.2555,high,large,4
"Magasins, Commerces et Locaux industriels",1,1,260.0,4000.0,Sousse,Hammam Sousse,15.38,3.6022,high,extra_large,0
Appartements,2,1,100.0,600.0,Sousse,Hergla,6.0,2.7789,low,medium,3
Appartements,3,2,140.0,1100.0,Sousse,Kantaoui,7.86,3.0418,medium,large,4
Appartements,2,1,110.0,650.0,Sousse,Hammam Sousse,5.91,2.8136,low,large,3
"Magasins, Commerces et Locaux industriels",1,1,800.0,2000.0,Sousse,Zaouit-Ksibat Thrayett,2.5,3.3012,high,extra_large,0
Appartements,1,1,27.0,350.0,Sousse,Kantaoui,12.96,2.5453,low,small,3
Appartements,3,2,160.0,1300.0,Sousse,Sahloul,8.12,3.1143,medium,large,4
Appartements,2,1,100.0,450.0,Sousse,Sousse,4.5,2.6542,low,medium,3
Appartements,2,1,100.0,850.0,Sousse,Sousse Jawhara,8.5,2.9299,medium,medium,4
Appartements,2,1,80.0,500.0,Sousse,Sousse Jawhara,6.25,2.6998,low,medium,3
Appartements,3,1,125.0,1050.0,Sousse,Sousse Jawhara,8.4,3.0216,medium,large,4
Locations de vacances,2,1,80.0,45.0,Sousse,Hammam Sousse,0.56,1.6628,very_low,medium,3
Bureaux et Plateaux,2,1,60.0,550.0,Sousse,Hammam Sousse,9.17,2.7412,low,medium,3
Appartements,3,1,125.0,800.0,Sousse,Sahloul,6.4,2.9036,medium,large,4
Appartements,2,1,100.0,600.0,Sousse,Hammam Sousse,6.0,2.7789,low,medium,3
Appartements,1,1,80.0,500.0,Sousse,Kantaoui,6.25,2.6998,low,medium,3
"Magasins, Commerces et Locaux industriels",1,1,40.0,800.0,Sousse,Sousse Médina,20.0,2.9036,medium,small,0
Colocations,2,1,85.0,150.0,Sousse,Autres villes,1.76,2.179,very_low,medium,3
Maisons et Villas,4,1,1000.0,3500.0,Sousse,Hammam Sousse,3.5,3.5442,high,extra_large,0
Appartements,3,1,120.0,620.0,Sousse,Sahloul,5.17,2.7931,low,large,3
Maisons et Villas,4,1,150.0,450.0,Sousse,Sousse Riadh,3.0,2.6542,low,large,0
"Magasins, Commerces et Locaux industriels",2,1,1200.0,180.0,Sousse,Zaouit-Ksibat Thrayett,0.15,2.2577,very_low,extra_large,0
Appartements,4,1,100.0,240.0,Sousse,Zaouit-Ksibat Thrayett,2.4,2.382,very_low,medium,3
Maisons et Villas,4,1,100.0,300.0,Sousse,Zaouit-Ksibat Thrayett,3.0,2.4786,very_low,medium,0
Maisons et Villas,3,2,200.0,1200.0,Sousse,Sahloul,6.0,3.0795,medium,large,0
Appartements,4,1,165.0,1800.0,Sousse,Sousse,10.91,3.2555,high,large,4
Appartements,3,1,115.0,1000.0,Sousse,Sousse,8.7,3.0004,medium,large,4
Appartements,2,1,100.0,700.0,Sousse,Sahloul,7.0,2.8457,low,medium,3
Appartements,2,1,230.0,1800.0,Sousse,Sousse,7.83,3.2555,high,extra_large,4
Appartements,2,1,110.0,550.0,Sousse,Hammam Sousse,5.0,2.7412,low,large,3
"Magasins, Commerces et Locaux industriels",6,2,1508.0,2750.0,Sousse,Sidi El Héni,1.82,3.4395,high,extra_large,0
Appartements,2,1,95.0,650.0,Sousse,Sahloul,6.84,2.8136,low,medium,3
Appartements,3,1,120.0,900.0,Sousse,Sahloul,7.5,2.9547,medium,large,4
Appartements,3,1,110.0,1050.0,Sousse,Sousse Jawhara,9.55,3.0216,medium,large,4
Appartements,3,1,75.0,320.0,Sousse,Autres villes,4.27,2.5065,low,medium,3
Colocations,1,1,25.0,150.0,Sousse,Kantaoui,6.0,2.179,very_low,small,3
Appartements,2,1,100.0,650.0,Sousse,Sahloul,6.5,2.8136,low,medium,3
Appartements,2,1,110.0,1100.0,Sousse,Kantaoui,10.0,3.0418,medium,large,4
Appartements,2,1,100.0,650.0,Sousse,Sousse,6.5,2.8136,low,medium,3
Appartements,2,1,80.0,500.0,Sousse,Sahloul,6.25,2.6998,low,medium,3
Appartements,2,2,150.0,800.0,Sousse,Kantaoui,5.33,2.9036,medium,large,4
Appartements,2,1,100.0,1000.0,Sousse,Sahloul,10.0,3.0004,medium,medium,4
Appartements,3,1,130.0,850.0,Sousse,Sahloul,6.54,2.9299,medium,large,4
Bureaux et Plateaux,2,1,80.0,500.0,Sousse,Hammam Sousse,6.25,2.6998,low,medium,3
Appartements,1,1,80.0,280.0,Sousse,Hammam Sousse,3.5,2.4487,very_low,medium,3
Appartements,2,1,70.0,600.0,Sousse,Sousse,8.57,2.7789,low,medium,3
Appartements,1,1,40.0,650.0,Sousse,Sousse,16.25,2.8136,low,small,3
Appartements,2,1,100.0,850.0,Sousse,Sousse Jawhara,8.5,2.9299,medium,medium,4
"Magasins, Commerces et Locaux industriels",1,1,1200.0,2000.0,Sousse,Kalaâ Kebira,1.67,3.3012,high,extra_large,0
Appartements,1,1,75.0,800.0,Sousse,Hammam Sousse,10.67,2.9036,medium,medium,4
Appartements,2,1,115.0,850.0,Sousse,Sousse Jawhara,7.39,2.9299,medium,large,4
Appartements,1,1,42.0,250.0,Sousse,Autres villes,5.95,2.3997,very_low,small,3
Appartements,1,1,60.0,850.0,Sousse,Hammam Sousse,14.17,2.9299,medium,medium,4
Appartements,2,1,95.0,800.0,Sousse,Hammam Sousse,8.42,2.9036,medium,medium,4
"Magasins, Commerces et Locaux industriels",1,1,300.0,1000.0,Sousse,Zaouit-Ksibat Thrayett,3.33,3.0004,medium,extra_large,0
Maisons et Villas,3,1,200.0,1250.0,Sousse,Hammam Sousse,6.25,3.0973,medium,large,0
"Magasins, Commerces et Locaux industriels",1,1,30.0,250.0,Sousse,Sahloul,8.33,2.3997,very_low,small,3
"Magasins, Commerces et Locaux industriels",1,1,500.0,1800.0,Sousse,Sahloul,3.6,3.2555,high,extra_large,0
Bureaux et Plateaux,2,1,80.0,700.0,Sousse,Sousse Jawhara,8.75,2.8457,low,medium,3
Appartements,2,1,89.0,600.0,Sousse,Sousse,6.74,2.7789,low,medium,3
Bureaux et Plateaux,2,1,85.0,850.0,Sousse,Sahloul,10.0,2.9299,medium,medium,4
Appartements,2,1,110.0,800.0,Sousse,Hammam Sousse,7.27,2.9036,medium,large,4
Appartements,3,1,120.0,1000.0,Sousse,Hammam Sousse,8.33,3.0004,medium,large,4
Appartements,1,1,70.0,550.0,Sousse,Sousse Jawhara,7.86,2.7412,low,medium,3
Appartements,2,1,85.0,800.0,Sousse,Hammam Sousse,9.41,2.9036,medium,medium,4
Appartements,2,1,140.0,350.0,Sousse,Sousse Jawhara,2.5,2.5453,low,large,3
Appartements,1,1,60.0,600.0,Sousse,Sousse,10.0,2.7789,low,medium,3
Bureaux et Plateaux,3,1,70.0,800.0,Sousse,Sousse,11.43,2.9036,medium,medium,4
Bureaux et Plateaux,3,1,80.0,1000.0,Sousse,Sahloul,12.5,3.0004,medium,medium,4
Appartements,2,1,230.0,1800.0,Sousse,Sousse Jawhara,7.83,3.2555,high,extra_large,4
Appartements,2,1,110.0,1100.0,Sousse,Hammam Sousse,10.0,3.0418,medium,large,4
Appartements,3,2,125.0,800.0,Sousse,Sahloul,6.4,2.9036,medium,large,4
Appartements,1,1,60.0,70.0,Sousse,Sousse Jawhara,1.17,1.8513,very_low,medium,3
Appartements,2,1,90.0,900.0,Sousse,Kantaoui,10.0,2.9547,medium,medium,4
Appartements,3,1,160.0,1050.0,Sousse,Sousse Jawhara,6.56,3.0216,medium,large,4
Appartements,2,1,150.0,750.0,Sousse,Hammam Sousse,5.0,2.8756,medium,large,4
Bureaux et Plateaux,2,1,93.0,3000.0,Sousse,Sousse,32.26,3.4773,high,medium,4
Appartements,2,1,100.0,1400.0,Sousse,Sousse Jawhara,14.0,3.1464,medium,medium,4
Appartements,3,1,120.0,1400.0,Sousse,Hammam Sousse,11.67,3.1464,medium,large,4
Appartements,2,1,90.0,700.0,Sousse,Sousse Jawhara,7.78,2.8457,low,medium,3
Appartements,2,1,100.0,1000.0,Sousse,Sousse Jawhara,10.0,3.0004,medium,medium,4
Bureaux et Plateaux,3,1,70.0,150.0,Sousse,Sousse,2.14,2.179,very_low,medium,3
Maisons et Villas,3,1,180.0,1650.0,Sousse,Kantaoui,9.17,3.2177,high,large,0
Appartements,2,1,130.0,400.0,Sousse,Sousse Jawhara,3.08,2.6031,low,large,3
Appartements,3,1,150.0,1200.0,Sousse,Hammam Sousse,8.0,3.0795,medium,large,4
Appartements,3,2,140.0,850.0,Sousse,Sahloul,6.07,2.9299,medium,large,4
Appartements,2,1,100.0,1050.0,Sousse,Autres villes,10.5,3.0216,medium,medium,4
Appartements,4,2,200.0,850.0,Sousse,Sousse,4.25,2.9299,medium,large,4
Appartements,2,2,100.0,500.0,Sousse,Sahloul,5.0,2.6998,low,medium,3
Appartements,2,1,100.0,100.0,Sousse,Sousse Jawhara,1.0,2.0043,very_low,medium,3
Bureaux et Plateaux,2,1,75.0,520.0,Sousse,Sousse Médina,6.93,2.7168,low,medium,3
Appartements,2,1,95.0,750.0,Sousse,Autres villes,7.89,2.8756,medium,medium,4
Appartements,2,1,100.0,700.0,Sousse,Autres villes,7.0,2.8457,low,medium,3
Appartements,2,2,130.0,700.0,Sousse,Sousse Jawhara,5.38,2.8457,low,large,3
Appartements,3,1,150.0,1000.0,Sousse,Sousse Jawhara,6.67,3.0004,medium,large,4
Appartements,2,1,100.0,650.0,Sousse,Sahloul,6.5,2.8136,low,medium,3
Appartements,2,1,75.0,400.0,Sousse,Sousse Jawhara,5.33,2.6031,low,medium,3
"Magasins, Commerces et Locaux industriels",2,1,100.0,180.0,Sousse,Zaouit-Ksibat Thrayett,1.8,2.2577,very_low,medium,0
Bureaux et Plateaux,3,1,80.0,750.0,Sousse,Sousse Jawhara,9.38,2.8756,medium,medium,4
Maisons et Villas,5,3,415.0,1800.0,Sousse,Kantaoui,4.34,3.2555,high,extra_large,0
Appartements,2,1,130.0,600.0,Sousse,Sousse Jawhara,4.62,2.7789,low,large,3
Appartements,1,1,50.0,420.0,Sousse,Hammam Sousse,8.4,2.6243,low,small,3
Maisons et Villas,4,1,1000.0,3500.0,Sousse,Hammam Sousse,3.5,3.5442,high,extra_large,0
Appartements,1,1,62.0,750.0,Sousse,Sousse,12.1,2.8756,medium,medium,4
Appartements,1,1,70.0,750.0,Sousse,Sousse,10.71,2.8756,medium,medium,4
Maisons et Villas,3,2,220.0,700.0,Sousse,Sousse Médina,3.18,2.8457,low,extra_large,0
Appartements,1,1,40.0,650.0,Sousse,Hammam Sousse,16.25,2.8136,low,small,3
Maisons et Villas,3,1,200.0,900.0,Sousse,Sahloul,4.5,2.9547,medium,large,0
Maisons et Villas,3,1,200.0,900.0,Sousse,Sahloul,4.5,2.9547,medium,large,0
Appartements,1,1,50.0,360.0,Sousse,Autres villes,7.2,2.5575,low,small,3
Appartements,1,1,40.0,65.0,Sousse,Kantaoui,1.62,1.8195,very_low,small,3
Appartements,3,1,120.0,660.0,Sousse,Autres villes,5.5,2.8202,low,large,3
Maisons et Villas,4,1,150.0,370.0,Sousse,Autres villes,2.47,2.5694,low,large,0
Appartements,1,1,60.0,450.0,Sousse,Hergla,7.5,2.6542,low,medium,3
Appartements,1,1,79.0,650.0,Sousse,Hammam Sousse,8.23,2.8136,low,medium,3
Maisons et Villas,2,1,180.0,500.0,Sousse,Akouda,2.78,2.6998,low,large,0
Appartements,2,1,115.0,700.0,Sousse,Sahloul,6.09,2.8457,low,large,3
Appartements,3,1,156.0,1000.0,Sousse,Hammam Sousse,6.41,3.0004,medium,large,4
Appartements,2,1,150.0,750.0,Sousse,Hammam Sousse,5.0,2.8756,medium,large,4
Appartements,1,1,55.0,1000.0,Sousse,Sahloul,18.18,3.0004,medium,medium,4
Appartements,2,1,120.0,1000.0,Sousse,Sousse Jawhara,8.33,3.0004,medium,large,4
Appartements,2,1,110.0,700.0,Sousse,Hammam Sousse,6.36,2.8457,low,large,3
Appartements,3,1,90.0,250.0,Sousse,Sousse,2.78,2.3997,very_low,medium,3
Appartements,2,1,110.0,900.0,Sousse,Hammam Sousse,8.18,2.9547,medium,large,4
Locations de vacances,1,1,80.0,100.0,Sousse,Kantaoui,1.25,2.0043,very_low,medium,3
Appartements,2,1,95.0,850.0,Sousse,Sousse Jawhara,8.95,2.9299,medium,medium,4
Appartements,3,1,115.0,1000.0,Sousse,Sousse,8.7,3.0004,medium,large,4
Appartements,2,1,120.0,600.0,Sousse,Sousse Jawhara,5.0,2.7789,low,large,3
Appartements,1,1,35.0,350.0,Sousse,Kantaoui,10.0,2.5453,low,small,3
"Magasins, Commerces et Locaux industriels",1,1,95.0,300.0,Sousse,Zaouit-Ksibat Thrayett,3.16,2.4786,very_low,medium,0
Appartements,3,1,170.0,650.0,Sousse,Sousse,3.82,2.8136,low,large,3
Maisons et Villas,1,1,180.0,180.0,Sousse,Akouda,1.0,2.2577,very_low,large,0
Maisons et Villas,2,1,120.0,400.0,Sousse,Autres villes,3.33,2.6031,low,large,0
Appartements,2,1,55.0,60.0,Sousse,Autres villes,1.09,1.7853,very_low,medium,3
Maisons et Villas,4,1,200.0,1000.0,Sousse,Sousse,5.0,3.0004,medium,large,0
Appartements,3,1,165.0,1800.0,Sousse,Sousse Jawhara,10.91,3.2555,high,large,4
Appartements,2,1,100.0,560.0,Sousse,Sahloul,5.6,2.749,low,medium,3
Appartements,1,1,70.0,350.0,Sousse,Autres villes,5.0,2.5453,low,medium,3
Appartements,3,1,200.0,450.0,Sousse,M'saken,2.25,2.6542,low,large,3
Appartements,1,1,90.0,450.0,Sousse,Sahloul,5.0,2.6542,low,medium,3
Appartements,2,1,100.0,550.0,Sousse,Sousse,5.5,2.7412,low,medium,3
Maisons et Villas,2,1,70.0,600.0,Sousse,Sousse Médina,8.57,2.7789,low,medium,0
Appartements,1,1,90.0,350.0,Sousse,Sahloul,3.89,2.5453,low,medium,3
"Magasins, Commerces et Locaux industriels",1,1,40.0,450.0,Sousse,Kalaâ Kebira,11.25,2.6542,low,small,0
Locations de vacances,1,1,50.0,50.0,Sousse,Kantaoui,1.0,1.7076,very_low,small,3
Locations de vacances,2,1,70.0,50.0,Sousse,Autres villes,0.71,1.7076,very_low,medium,3
Appartements,1,1,40.0,350.0,Sousse,Kantaoui,8.75,2.5453,low,small,3
Appartements,2,2,100.0,650.0,Sousse,Hammam Sousse,6.5,2.8136,low,medium,3
Appartements,2,2,40.0,1500.0,Sousse,Kantaoui,37.5,3.1764,medium,small,4
Maisons et Villas,3,1,140.0,600.0,Sousse,Sousse Jawhara,4.29,2.7789,low,large,0
Appartements,3,1,170.0,500.0,Sousse,Kalaâ Sghira,2.94,2.6998,low,large,3
Appartements,4,2,140.0,1200.0,Sousse,Sahloul,8.57,3.0795,medium,large,4
Bureaux et Plateaux,1,1,70.0,450.0,Sousse,Sousse,6.43,2.6542,low,medium,3
Maisons et Villas,3,1,400.0,600.0,Sousse,Sahloul,1.5,2.7789,low,extra_large,0
Appartements,2,1,100.0,650.0,Sousse,Sahloul,6.5,2.8136,low,medium,3
Appartements,3,1,130.0,850.0,Sousse,Sahloul,6.54,2.9299,medium,large,4
Appartements,3,3,150.0,1500.0,Sousse,Sousse Jawhara,10.0,3.1764,medium,large,4
Appartements,2,1,110.0,600.0,Sousse,Hammam Sousse,5.45,2.7789,low,large,3
"Magasins, Commerces et Locaux industriels",1,1,150.0,1700.0,Sousse,Sahloul,11.33,3.2307,high,large,0
Appartements,4,1,150.0,1500.0,Sousse,Sahloul,10.0,3.1764,medium,large,4
Appartements,4,1,130.0,1000.0,Sousse,Sahloul,7.69,3.0004,medium,large,4
Appartements,1,1,25.0,280.0,Sousse,Sousse,11.2,2.4487,very_low,small,3
Locations de vacances,1,1,50.0,350.0,Sousse,Autres villes,7.0,2.5453,low,small,3
Bureaux et Plateaux,1,1,80.0,1000.0,Sousse,Sahloul,12.5,3.0004,medium,medium,4
Appartements,2,1,94.0,550.0,Sousse,Hammam Sousse,5.85,2.7412,low,medium,3
Appartements,3,2,148.0,1300.0,Sousse,Sahloul,8.78,3.1143,medium,large,4
Appartements,3,1,70.0,850.0,Sousse,Sahloul,12.14,2.9299,medium,medium,4
Bureaux et Plateaux,3,1,70.0,800.0,Sousse,Sousse,11.43,2.9036,medium,medium,4
Bureaux et Plateaux,2,1,200.0,400.0,Sousse,Kalaâ Kebira,2.0,2.6031,low,large,3
Maisons et Villas,3,1,170.0,1100.0,Sousse,Kantaoui,6.47,3.0418,medium,large,0
Appartements,1,1,50.0,1500.0,Sousse,Akouda,30.0,3.1764,medium,small,4
Appartements,1,1,50.0,600.0,Sousse,Sousse,12.0,2.7789,low,small,3
Appartements,2,1,80.0,500.0,Sousse,Autres villes,6.25,2.6998,low,medium,3
Bureaux et Plateaux,4,1,70.0,600.0,Sousse,Sousse Jawhara,8.57,2.7789,low,medium,3
Appartements,3,1,125.0,1050.0,Sousse,Sousse Jawhara,8.4,3.0216,medium,large,4
Appartements,2,1,70.0,850.0,Sousse,Sousse Jawhara,12.14,2.9299,medium,medium,4
Appartements,1,1,60.0,600.0,Sousse,Sousse,10.0,2.7789,low,medium,3
Appartements,2,1,110.0,500.0,Sousse,Sousse,4.55,2.6998,low,large,3
Appartements,2,1,110.0,400.0,Sousse,Sousse,3.64,2.6031,low,large,3
Appartements,3,2,200.0,1500.0,Sousse,Hammam Sousse,7.5,3.1764,medium,large,4
Maisons et Villas,4,2,200.0,1200.0,Sousse,Akouda,6.0,3.0795,medium,large,0
"Magasins, Commerces et Locaux industriels",1,1,150.0,600.0,Sousse,Hammam Sousse,4.0,2.7789,low,large,0
Appartements,2,1,95.0,600.0,Sousse,Hammam Sousse,6.32,2.7789,low,medium,3
Appartements,2,1,120.0,1250.0,Sousse,Autres villes,10.42,3.0973,medium,large,4
Appartements,3,1,100.0,650.0,Sousse,Sousse Jawhara,6.5,2.8136,low,medium,3
Locations de vacances,1,1,42.0,50.0,Sousse,Autres villes,1.19,1.7076,very_low,small,3
Appartements,1,1,65.0,300.0,Sousse,Sousse,4.62,2.4786,very_low,medium,3
Maisons et Villas,3,2,150.0,1200.0,Sousse,Sousse,8.0,3.0795,medium,large,0
Bureaux et Plateaux,1,1,60.0,500.0,Sousse,Hammam Sousse,8.33,2.6998,low,medium,3
Appartements,2,1,80.0,750.0,Sousse,Sousse,9.38,2.8756,medium,medium,4
Bureaux et Plateaux,1,1,85.0,850.0,Sousse,Sousse Jawhara,10.0,2.9299,medium,medium,4
Locations de vacances,1,1,80.0,1500.0,Sousse,Kantaoui,18.75,3.1764,medium,medium,0
Appartements,2,1,100.0,700.0,Sousse,Hammam Sousse,7.0,2.8457,low,medium,3
Maisons et Villas,4,1,500.0,2100.0,Sousse,Hammam Sousse,4.2,3.3224,high,extra_large,0
Bureaux et Plateaux,2,1,80.0,380.0,Sousse,Autres villes,4.75,2.5809,low,medium,3
Bureaux et Plateaux,2,1,50.0,500.0,Sousse,Sousse,10.0,2.6998,low,small,3
Appartements,2,1,100.0,1400.0,Sousse,Sousse Jawhara,14.0,3.1464,medium,medium,4
Maisons et Villas,2,1,210.0,400.0,Sousse,Akouda,1.9,2.6031,low,extra_large,0
Maisons et Villas,3,2,300.0,150.0,Sousse,Kantaoui,0.5,2.179,very_low,extra_large,0
Maisons et Villas,5,3,350.0,1300.0,Sousse,Akouda,3.71,3.1143,medium,extra_large,0
Maisons et Villas,3,1,200.0,900.0,Sousse,Sahloul,4.5,2.9547,medium,large,0
Maisons et Villas,2,1,200.0,1800.0,Sousse,Hammam Sousse,9.0,3.2555,high,large,0
Appartements,4,1,165.0,1800.0,Sousse,Sousse,10.91,3.2555,high,large,4
Appartements,1,1,45.0,430.0,Sousse,Autres villes,9.56,2.6345,low,small,3
Bureaux et Plateaux,2,1,100.0,1200.0,Sousse,Sahloul,12.0,3.0795,medium,medium,4
Maisons et Villas,4,2,500.0,1800.0,Sousse,Kantaoui,3.6,3.2555,high,extra_large,0
"Magasins, Commerces et Locaux industriels",3,3,240.0,2500.0,Sousse,Sousse Sidi Abdelhamid,10.42,3.3981,high,extra_large,0
Bureaux et Plateaux,2,1,60.0,500.0,Sousse,Sousse Médina,8.33,2.6998,low,medium,3
Appartements,1,1,35.0,240.0,Sousse,Sousse Riadh,6.86,2.382,very_low,small,3
Appartements,1,1,60.0,600.0,Sousse,Sousse,10.0,2.7789,low,medium,3
Appartements,3,1,140.0,1000.0,Sousse,Hammam Sousse,7.14,3.0004,medium,large,4
Appartements,2,1,150.0,750.0,Sousse,Hammam Sousse,5.0,2.8756,medium,large,4
Appartements,2,1,95.0,700.0,Sousse,Hammam Sousse,7.37,2.8457,low,medium,3
Appartements,2,1,85.0,800.0,Sousse,Hammam Sousse,9.41,2.9036,medium,medium,4
Appartements,2,1,46.0,700.0,Sousse,Sousse,15.22,2.8457,low,small,3
Appartements,3,2,150.0,1300.0,Sousse,Hammam Sousse,8.67,3.1143,medium,large,4
Appartements,1,1,50.0,350.0,Sousse,Sousse Jawhara,7.0,2.5453,low,small,3
Appartements,2,2,200.0,1800.0,Sousse,Kantaoui,9.0,3.2555,high,large,4
Appartements,1,1,60.0,500.0,Sousse,Kantaoui,8.33,2.6998,low,medium,3
Appartements,3,1,115.0,800.0,Sousse,Hammam Sousse,6.96,2.9036,medium,large,4
Appartements,2,1,120.0,1300.0,Sousse,Kantaoui,10.83,3.1143,medium,large,4
Appartements,2,1,70.0,600.0,Sousse,Hammam Sousse,8.57,2.7789,low,medium,3
Appartements,2,2,140.0,1250.0,Sousse,Kantaoui,8.93,3.0973,medium,large,4
Appartements,2,1,90.0,400.0,Sousse,Kantaoui,4.44,2.6031,low,medium,3
Appartements,3,2,200.0,1800.0,Sousse,Hammam Sousse,9.0,3.2555,high,large,4
Appartements,3,1,130.0,850.0,Sousse,Sahloul,6.54,2.9299,medium,large,4
Bureaux et Plateaux,3,1,150.0,500.0,Sousse,Sousse,3.33,2.6998,low,large,3
Appartements,1,1,60.0,1000.0,Sousse,Hammam Sousse,16.67,3.0004,medium,medium,4
Appartements,2,1,110.0,800.0,Sousse,Autres villes,7.27,2.9036,medium,large,4
Appartements,2,1,110.0,500.0,Sousse,Hammam Sousse,4.55,2.6998,low,large,3
Appartements,3,3,150.0,1500.0,Sousse,Sousse,10.0,3.1764,medium,large,4
Appartements,3,1,99.0,700.0,Sousse,Hammam Sousse,7.07,2.8457,low,medium,3
Appartements,2,1,60.0,700.0,Sousse,Autres villes,11.67,2.8457,low,medium,3
Appartements,3,1,100.0,800.0,Sousse,Sousse Jawhara,8.0,2.9036,medium,medium,4
Appartements,3,1,150.0,1200.0,Sousse,Hammam Sousse,8.0,3.0795,medium,large,4
Appartements,3,1,115.0,1000.0,Sousse,Sousse,8.7,3.0004,medium,large,4
Maisons et Villas,2,1,70.0,500.0,Sousse,Autres villes,7.14,2.6998,low,medium,0
Maisons et Villas,3,1,120.0,390.0,Sousse,Sousse Riadh,3.25,2.5922,low,large,0
Maisons et Villas,3,1,250.0,1800.0,Sousse,Hammam Sousse,7.2,3.2555,high,extra_large,0
Appartements,1,1,55.0,500.0,Sousse,Sahloul,9.09,2.6998,low,medium,3
Bureaux et Plateaux,2,1,60.0,850.0,Sousse,Sahloul,14.17,2.9299,medium,medium,4
Appartements,2,1,95.0,750.0,Sousse,Sousse Jawhara,7.89,2.8756,medium,medium,4
Bureaux et Plateaux,2,1,80.0,450.0,Sousse,Sousse,5.62,2.6542,low,medium,3
Appartements,4,2,160.0,900.0,Sousse,Sousse,5.62,2.9547,medium,large,4
Bureaux et Plateaux,2,1,50.0,500.0,Sousse,Sousse,10.0,2.6998,low,small,3
Appartements,2,1,90.0,450.0,Sousse,Sousse Jawhara,5.0,2.6542,low,medium,3
Appartements,2,1,75.0,900.0,Sousse,Hammam Sousse,12.0,2.9547,medium,medium,4
Appartements,4,1,120.0,500.0,Sousse,Sousse Jawhara,4.17,2.6998,low,large,3
Bureaux et Plateaux,3,1,70.0,800.0,Sousse,Sousse,11.43,2.9036,medium,medium,4
Appartements,3,1,120.0,1200.0,Sousse,Hammam Sousse,10.0,3.0795,medium,large,4
Appartements,3,2,100.0,700.0,Sousse,Hammam Sousse,7.0,2.8457,low,medium,3
Maisons et Villas,4,2,180.0,650.0,Sousse,Hammam Sousse,3.61,2.8136,low,large,0
Appartements,2,1,120.0,1000.0,Sousse,Kantaoui,8.33,3.0004,medium,large,4
Appartements,1,1,80.0,700.0,Sousse,Kantaoui,8.75,2.8457,low,medium,3
"Magasins, Commerces et Locaux industriels",1,1,200.0,2500.0,Sousse,Sahloul,12.5,3.3981,high,large,0
Appartements,1,1,80.0,900.0,Sousse,Kantaoui,11.25,2.9547,medium,medium,4
Appartements,2,1,89.0,800.0,Sousse,Sousse,8.99,2.9036,medium,medium,4
Maisons et Villas,5,3,1000.0,3000.0,Sousse,Kantaoui,3.0,3.4773,high,extra_large,0
Appartements,1,1,61.0,1000.0,Sousse,Hammam Sousse,16.39,3.0004,medium,medium,4
Maisons et Villas,3,1,100.0,370.0,Sousse,Autres villes,3.7,2.5694,low,medium,0
Appartements,2,1,150.0,70.0,Sousse,Akouda,0.47,1.8513,very_low,large,3
Appartements,2,1,100.0,350.0,Sousse,Kantaoui,3.5,2.5453,low,medium,3
Maisons et Villas,2,1,100.0,480.0,Sousse,Sousse Riadh,4.8,2.6821,low,medium,0
Appartements,3,1,100.0,350.0,Sousse,Sousse Sidi Abdelhamid,3.5,2.5453,low,medium,3
Locations de vacances,3,1,90.0,90.0,Sousse,Sousse Jawhara,1.0,1.959,very_low,medium,3
Appartements,1,1,70.0,700.0,Sousse,Sousse Jawhara,10.0,2.8457,low,medium,3
Appartements,2,1,150.0,500.0,Sousse,Sousse Jawhara,3.33,2.6998,low,large,3
Appartements,2,1,107.0,300.0,Sousse,Autres villes,2.8,2.4786,very_low,large,3
"Magasins, Commerces et Locaux industriels",3,1,300.0,1000.0,Sousse,Sahloul,3.33,3.0004,medium,extra_large,0
Appartements,2,1,100.0,700.0,Sousse,Sousse Jawhara,7.0,2.8457,low,medium,3
Appartements,3,1,56.0,350.0,Sousse,Autres villes,6.25,2.5453,low,medium,3
Bureaux et Plateaux,2,1,80.0,380.0,Sousse,Sousse Riadh,4.75,2.5809,low,medium,3
Appartements,4,1,162.0,420.0,Sousse,Sousse Riadh,2.59,2.6243,low,large,3
Maisons et Villas,3,1,200.0,650.0,Sousse,Hergla,3.25,2.8136,low,large,0
Appartements,2,1,120.0,150.0,Sousse,Sousse Médina,1.25,2.179,very_low,large,3
Appartements,1,1,40.0,400.0,Sousse,Kantaoui,10.0,2.6031,low,small,3
Maisons et Villas,3,1,350.0,1500.0,Sousse,Hammam Sousse,4.29,3.1764,medium,extra_large,0
Locations de vacances,1,1,110.0,80.0,Sousse,Hammam Sousse,0.73,1.9085,very_low,large,3
Appartements,1,1,55.0,850.0,Sousse,Autres villes,15.45,2.9299,medium,medium,4
Appartements,1,1,32.0,50.0,Sousse,Akouda,1.56,1.7076,very_low,small,3
Appartements,1,1,65.0,750.0,Sousse,Sahloul,11.54,2.8756,medium,medium,4
Appartements,2,1,80.0,400.0,Sousse,Sousse Riadh,5.0,2.6031,low,medium,3
Maisons et Villas,3,1,200.0,1000.0,Sousse,Autres villes,5.0,3.0004,medium,large,0
Appartements,2,1,139.0,1500.0,Sousse,Sousse,10.79,3.1764,medium,large,4
Maisons et Villas,1,1,120.0,900.0,Sousse,Sahloul,7.5,2.9547,medium,large,0
Appartements,2,1,70.0,550.0,Sousse,Sahloul,7.86,2.7412,low,medium,3
Appartements,1,1,75.0,600.0,Sousse,Hergla,8.0,2.7789,low,medium,3
Appartements,3,1,200.0,900.0,Sousse,Sahloul,4.5,2.9547,medium,large,4
Appartements,3,1,155.0,680.0,Sousse,Sousse,4.39,2.8331,low,large,3
Appartements,1,1,55.0,600.0,Sousse,Hammam Sousse,10.91,2.7789,low,medium,3
Appartements,3,1,180.0,1000.0,Sousse,Sahloul,5.56,3.0004,medium,large,4
Maisons et Villas,3,2,200.0,1000.0,Sousse,Akouda,5.0,3.0004,medium,large,0
Maisons et Villas,3,1,150.0,350.0,Sousse,Autres villes,2.33,2.5453,low,large,0
Appartements,2,2,100.0,500.0,Sousse,Autres villes,5.0,2.6998,low,medium,3
Appartements,2,2,200.0,70.0,Sousse,Hammam Sousse,0.35,1.8513,very_low,large,3
"Magasins, Commerces et Locaux industriels",1,1,450.0,950.0,Sousse,Sousse,2.11,2.9782,medium,extra_large,0
Appartements,2,1,110.0,60.0,Sousse,Hammam Sousse,0.55,1.7853,very_low,large,3
Colocations,2,1,100.0,210.0,Sousse,Sousse Jawhara,2.1,2.3243,very_low,medium,3
Appartements,2,1,100.0,400.0,Sousse,Sahloul,4.0,2.6031,low,medium,3
Appartements,3,2,149.0,1500.0,Sousse,Sousse,10.07,3.1764,medium,large,4
Appartements,2,1,95.0,700.0,Sousse,Sousse Jawhara,7.37,2.8457,low,medium,3
Appartements,1,1,60.0,1000.0,Sousse,Autres villes,16.67,3.0004,medium,medium,4
Locations de vacances,1,1,40.0,50.0,Sousse,Kantaoui,1.25,1.7076,very_low,small,3
Appartements,3,1,125.0,1050.0,Sousse,Sousse,8.4,3.0216,medium,large,4
"Magasins, Commerces et Locaux industriels",1,1,40.0,1100.0,Sousse,Autres villes,27.5,3.0418,medium,small,0
Appartements,2,2,200.0,2300.0,Sousse,Hammam Sousse,11.5,3.3619,high,large,4
Maisons et Villas,3,2,120.0,1600.0,Sousse,Hammam Sousse,13.33,3.2044,high,large,0
Appartements,2,1,114.0,900.0,Sousse,Hammam Sousse,7.89,2.9547,medium,large,4
Appartements,2,1,110.0,500.0,Sousse,Autres villes,4.55,2.6998,low,large,3
Maisons et Villas,3,1,200.0,700.0,Sousse,Hammam Sousse,3.5,2.8457,low,large,0
Appartements,3,1,115.0,800.0,Sousse,Hammam Sousse,6.96,2.9036,medium,large,4
Appartements,2,1,129.0,1100.0,Sousse,Sousse,8.53,3.0418,medium,large,4
Appartements,1,1,55.0,500.0,Sousse,Hammam Sousse,9.09,2.6998,low,medium,3
Maisons et Villas,3,1,150.0,620.0,Sousse,Sahloul,4.13,2.7931,low,large,0
Appartements,1,1,100.0,450.0,Sousse,Hergla,4.5,2.6542,low,medium,3
Appartements,1,1,100.0,45.0,Sousse,Hammam Sousse,0.45,1.6628,very_low,medium,3
Appartements,2,1,150.0,750.0,Sousse,Hammam Sousse,5.0,2.8756,medium,large,4
Appartements,1,1,90.0,530.0,Sousse,Hammam Sousse,5.89,2.7251,low,medium,3
Appartements,1,1,55.0,1000.0,Sousse,Hammam Sousse,18.18,3.0004,medium,medium,4
Appartements,2,1,100.0,650.0,Sousse,Sahloul,6.5,2.8136,low,medium,3
"Magasins, Commerces et Locaux industriels",1,1,60.0,1200.0,Sousse,Autres villes,20.0,3.0795,medium,medium,0
Maisons et Villas,2,1,100.0,700.0,Sousse,Sahloul,7.0,2.8457,low,medium,0
Maisons et Villas,2,1,120.0,400.0,Sousse,Autres villes,3.33,2.6031,low,large,0
Appartements,2,1,120.0,1000.0,Sousse,Sousse,8.33,3.0004,medium,large,4
Appartements,2,1,95.0,700.0,Sousse,Sousse Jawhara,7.37,2.8457,low,medium,3
Appartements,2,1,100.0,500.0,Sousse,Hammam Sousse,5.0,2.6998,low,medium,3
Appartements,3,1,125.0,800.0,Sousse,Sahloul,6.4,2.9036,medium,large,4
"Magasins, Commerces et Locaux industriels",1,1,40.0,1500.0,Sousse,Sousse Jawhara,37.5,3.1764,medium,small,0
Appartements,1,1,40.0,650.0,Sousse,Hammam Sousse,16.25,2.8136,low,small,3
Appartements,1,1,80.0,600.0,Sousse,Hammam Sousse,7.5,2.7789,low,medium,3
Maisons et Villas,3,1,150.0,1200.0,Sousse,Akouda,8.0,3.0795,medium,large,0
Appartements,1,1,60.0,700.0,Sousse,Sahloul,11.67,2.8457,low,medium,3
Appartements,1,1,70.0,320.0,Sousse,Sousse,4.57,2.5065,low,medium,3
Appartements,2,1,100.0,240.0,Sousse,Sousse Sidi Abdelhamid,2.4,2.382,very_low,medium,3
Bureaux et Plateaux,3,1,60.0,800.0,Sousse,Sousse,13.33,2.9036,medium,medium,4
Appartements,1,1,33.0,350.0,Sousse,Hammam Sousse,10.61,2.5453,low,small,3
Appartements,1,1,55.0,150.0,Sousse,Kantaoui,2.73,2.179,very_low,medium,3
Appartements,4,1,165.0,1800.0,Sousse,Sousse,10.91,3.2555,high,large,4
Appartements,3,1,144.0,800.0,Sousse,Sousse,5.56,2.9036,medium,large,4
Maisons et Villas,2,1,200.0,1000.0,Sousse,Sahloul,5.0,3.0004,medium,large,0
Appartements,3,1,115.0,800.0,Sousse,Sahloul,6.96,2.9036,medium,large,4
Appartements,2,2,120.0,1000.0,Sousse,Sousse Jawhara,8.33,3.0004,medium,large,4
Maisons et Villas,3,1,200.0,1800.0,Sousse,Sahloul,9.0,3.2555,high,large,0
Appartements,2,1,200.0,1800.0,Sousse,Kantaoui,9.0,3.2555,high,large,4
Bureaux et Plateaux,3,1,70.0,800.0,Sousse,Sousse,11.43,2.9036,medium,medium,4
Maisons et Villas,3,1,200.0,700.0,Sousse,Autres villes,3.5,2.8457,low,large,0
Bureaux et Plateaux,1,1,80.0,700.0,Sousse,Sahloul,8.75,2.8457,low,medium,3
Appartements,1,1,80.0,1000.0,Sousse,Hammam Sousse,12.5,3.0004,medium,medium,4
Maisons et Villas,3,2,200.0,750.0,Sousse,Akouda,3.75,2.8756,medium,large,0
Appartements,1,1,70.0,1000.0,Sousse,Hammam Sousse,14.29,3.0004,medium,medium,4
Appartements,1,1,85.0,850.0,Sousse,Sahloul,10.0,2.9299,medium,medium,4
Locations de vacances,1,1,100.0,60.0,Sousse,Sousse,0.6,1.7853,very_low,medium,3
Appartements,1,1,70.0,700.0,Sousse,Sahloul,10.0,2.8457,low,medium,3
Appartements,1,1,40.0,60.0,Sousse,Kantaoui,1.5,1.7853,very_low,small,3
Appartements,4,1,75.0,700.0,Sousse,Sousse Médina,9.33,2.8457,low,medium,3
Appartements,1,1,45.0,600.0,Sousse,Sahloul,13.33,2.7789,low,small,3
Appartements,2,1,110.0,600.0,Sousse,Hammam Sousse,5.45,2.7789,low,large,3
"Magasins, Commerces et Locaux industriels",1,1,80.0,280.0,Sousse,Hammam Sousse,3.5,2.4487,very_low,medium,0
Appartements,2,1,110.0,600.0,Sousse,Sahloul,5.45,2.7789,low,large,3
Appartements,1,1,65.0,750.0,Sousse,Hammam Sousse,11.54,2.8756,medium,medium,4
Maisons et Villas,5,1,200.0,1900.0,Sousse,Sahloul,9.5,3.279,high,large,0
Appartements,2,1,100.0,1200.0,Sousse,Kantaoui,12.0,3.0795,medium,medium,4
Appartements,1,1,70.0,800.0,Sousse,Autres villes,11.43,2.9036,medium,medium,4
Appartements,2,2,150.0,720.0,Sousse,Sahloul,4.8,2.8579,medium,large,4
Maisons et Villas,3,1,80.0,350.0,Sousse,Zaouit-Ksibat Thrayett,4.38,2.5453,low,medium,0
Appartements,1,1,63.0,750.0,Sousse,Hammam Sousse,11.9,2.8756,medium,medium,4
Appartements,1,1,57.0,750.0,Sousse,Sousse Jawhara,13.16,2.8756,medium,medium,4
Appartements,3,2,140.0,1000.0,Sousse,Hergla,7.14,3.0004,medium,large,4
Appartements,1,1,40.0,350.0,Sousse,Kantaoui,8.75,2.5453,low,small,3
Appartements,2,1,70.0,300.0,Sousse,Hammam Sousse,4.29,2.4786,very_low,medium,3
Appartements,3,1,70.0,550.0,Sousse,Autres villes,7.86,2.7412,low,medium,3
Bureaux et Plateaux,2,1,113.0,900.0,Sousse,Sousse Médina,7.96,2.9547,medium,large,4
Appartements,2,1,90.0,550.0,Sousse,Hammam Sousse,6.11,2.7412,low,medium,3
Maisons et Villas,2,1,120.0,400.0,Sousse,Hergla,3.33,2.6031,low,large,0
Appartements,2,1,120.0,750.0,Sousse,Autres villes,6.25,2.8756,medium,large,4
Appartements,1,1,70.0,200.0,Sousse,Autres villes,2.86,2.3032,very_low,medium,3
Appartements,3,1,160.0,650.0,Sousse,Sousse Jawhara,4.06,2.8136,low,large,3
"Magasins, Commerces et Locaux industriels",2,1,100.0,1200.0,Sousse,Akouda,12.0,3.0795,medium,medium,0
Appartements,2,2,115.0,750.0,Sousse,Sousse Jawhara,6.52,2.8756,medium,large,4
Appartements,3,2,100.0,750.0,Sousse,Sousse Jawhara,7.5,2.8756,medium,medium,4
Appartements,3,2,125.0,1050.0,Sousse,Sousse Jawhara,8.4,3.0216,medium,large,4
Appartements,2,1,115.0,700.0,Sousse,Sahloul,6.09,2.8457,low,large,3
Locations de vacances,1,1,100.0,60.0,Sousse,Sousse,0.6,1.7853,very_low,medium,3
Appartements,2,1,84.0,100.0,Sousse,Hammam Sousse,1.19,2.0043,very_low,medium,3
Appartements,2,1,100.0,350.0,Sousse,Autres villes,3.5,2.5453,low,medium,3
Appartements,2,1,81.0,100.0,Sousse,Hammam Sousse,1.23,2.0043,very_low,medium,3
Appartements,2,1,50.0,350.0,Sousse,Sahloul,7.0,2.5453,low,small,3
Maisons et Villas,3,1,120.0,700.0,Sousse,Sousse Jawhara,5.83,2.8457,low,large,0
Appartements,3,1,140.0,1000.0,Sousse,Sahloul,7.14,3.0004,medium,large,4
Appartements,1,1,50.0,80.0,Sousse,Hammam Sousse,1.6,1.9085,very_low,small,3
Maisons et Villas,4,2,400.0,1800.0,Sousse,Kantaoui,4.5,3.2555,high,extra_large,0
Appartements,3,1,85.0,280.0,Sousse,Sousse Riadh,3.29,2.4487,very_low,medium,3
Maisons et Villas,3,1,160.0,270.0,Sousse,Sousse Riadh,1.69,2.433,very_low,large,0
Appartements,1,1,50.0,580.0,Sousse,Sousse Jawhara,11.6,2.7642,low,small,3
Bureaux et Plateaux,2,1,122.0,750.0,Sousse,Sousse,6.15,2.8756,medium,large,4
Appartements,2,1,70.0,400.0,Sousse,Kantaoui,5.71,2.6031,low,medium,3
Appartements,1,1,50.0,580.0,Sousse,Sousse Jawhara,11.6,2.7642,low,small,3
Maisons et Villas,3,1,130.0,450.0,Sousse,Sousse Riadh,3.46,2.6542,low,large,0
Appartements,2,1,95.0,450.0,Sousse,Sousse Jawhara,4.74,2.6542,low,medium,3
Appartements,2,1,120.0,900.0,Sousse,Sousse,7.5,2.9547,medium,large,4
Appartements,1,1,25.0,300.0,Sousse,Sousse Jawhara,12.0,2.4786,very_low,small,3
Appartements,3,1,150.0,800.0,Sousse,Sousse Jawhara,5.33,2.9036,medium,large,4
Appartements,4,1,160.0,1500.0,Sousse,Kantaoui,9.38,3.1764,medium,large,4
Appartements,1,1,70.0,750.0,Sousse,Sousse Jawhara,10.71,2.8756,medium,medium,4
Appartements,2,1,80.0,600.0,Sousse,Sahloul,7.5,2.7789,low,medium,3
"Magasins, Commerces et Locaux industriels",1,1,250.0,2500.0,Sousse,Sousse,10.0,3.3981,high,extra_large,0
Maisons et Villas,3,1,745.0,1800.0,Sousse,Kantaoui,2.42,3.2555,high,extra_large,0
"Magasins, Commerces et Locaux industriels",1,1,300.0,1500.0,Sousse,Sousse Riadh,5.0,3.1764,medium,extra_large,0
Appartements,3,2,145.0,650.0,Sousse,Sousse,4.48,2.8136,low,large,3
Locations de vacances,1,1,70.0,700.0,Sousse,Hergla,10.0,2.8457,low,medium,3
Appartements,1,1,75.0,300.0,Sousse,Akouda,4.0,2.4786,very_low,medium,3
Appartements,2,1,110.0,700.0,Sousse,Hammam Sousse,6.36,2.8457,low,large,3
Appartements,2,1,150.0,450.0,Sousse,Hammam Sousse,3.0,2.6542,low,large,3
Appartements,1,1,55.0,1000.0,Sousse,Autres villes,18.18,3.0004,medium,medium,4
Appartements,2,1,80.0,500.0,Sousse,Sousse Jawhara,6.25,2.6998,low,medium,3
Appartements,1,1,55.0,650.0,Sousse,Autres villes,11.82,2.8136,low,medium,3
Appartements,1,1,55.0,700.0,Sousse,Sahloul,12.73,2.8457,low,medium,3
Appartements,2,1,110.0,550.0,Sousse,Autres villes,5.0,2.7412,low,large,3
Locations de vacances,1,1,100.0,100.0,Sousse,Akouda,1.0,2.0043,very_low,medium,3
Appartements,4,2,148.0,1200.0,Sousse,Sahloul,8.11,3.0795,medium,large,4
Appartements,1,1,90.0,100.0,Sousse,Kantaoui,1.11,2.0043,very_low,medium,3
Appartements,3,1,130.0,500.0,Sousse,Hammam Sousse,3.85,2.6998,low,large,3
Maisons et Villas,4,2,320.0,900.0,Sousse,Sahloul,2.81,2.9547,medium,extra_large,0
Appartements,2,1,125.0,500.0,Sousse,Hergla,4.0,2.6998,low,large,3
Locations de vacances,2,1,125.0,70.0,Sousse,Hergla,0.56,1.8513,very_low,large,3
Appartements,1,1,30.0,380.0,Sousse,Autres villes,12.67,2.5809,low,small,3
Appartements,1,1,100.0,750.0,Sousse,Autres villes,7.5,2.8756,medium,medium,4
Appartements,1,1,110.0,850.0,Sousse,Kantaoui,7.73,2.9299,medium,large,4
Appartements,4,3,168.0,1800.0,Sousse,Sousse Jawhara,10.71,3.2555,high,large,4
Maisons et Villas,4,2,400.0,1800.0,Sousse,Kantaoui,4.5,3.2555,high,extra_large,0
Appartements,3,2,100.0,900.0,Sousse,Sahloul,9.0,2.9547,medium,medium,4
Appartements,2,1,100.0,900.0,Sousse,Sousse Jawhara,9.0,2.9547,medium,medium,4
Locations de vacances,2,2,74.0,70.0,Sousse,Kantaoui,0.95,1.8513,very_low,medium,3
Appartements,3,1,87.0,850.0,Sousse,Akouda,9.77,2.9299,medium,medium,4
Appartements,1,1,50.0,1500.0,Sousse,Akouda,30.0,3.1764,medium,small,4
Locations de vacances,2,1,120.0,60.0,Sousse,Sousse Médina,0.5,1.7853,very_low,large,3
Locations de vacances,1,1,60.0,90.0,Sousse,Kantaoui,1.5,1.959,very_low,medium,3
Appartements,3,1,150.0,750.0,Sousse,Sahloul,5.0,2.8756,medium,large,4
Appartements,2,1,70.0,700.0,Sousse,Hammam Sousse,10.0,2.8457,low,medium,3
Maisons et Villas,5,2,300.0,1500.0,Sousse,Hammam Sousse,5.0,3.1764,medium,extra_large,0
Appartements,3,1,130.0,600.0,Sousse,Sousse Jawhara,4.62,2.7789,low,large,3
"Magasins, Commerces et Locaux industriels",2,1,50.0,1250.0,Sousse,Sousse Médina,25.0,3.0973,medium,small,0
Bureaux et Plateaux,2,1,60.0,350.0,Sousse,Kalaâ Kebira,5.83,2.5453,low,medium,3
Appartements,2,1,100.0,950.0,Sousse,Sousse Médina,9.5,2.9782,medium,medium,4
Appartements,2,1,110.0,850.0,Sousse,Autres villes,7.73,2.9299,medium,large,4
"Magasins, Commerces et Locaux industriels",1,1,500.0,1300.0,Sousse,Kalaâ Sghira,2.6,3.1143,medium,extra_large,0
Appartements,1,1,60.0,600.0,Sousse,Sousse,10.0,2.7789,low,medium,3
Appartements,3,2,142.0,2000.0,Sousse,Sousse,14.08,3.3012,high,large,4
Bureaux et Plateaux,2,1,100.0,600.0,Sousse,Sousse,6.0,2.7789,low,medium,3
Maisons et Villas,3,2,600.0,1600.0,Sousse,Kantaoui,2.67,3.2044,high,extra_large,0
Appartements,2,1,130.0,1200.0,Sousse,Hammam Sousse,9.23,3.0795,medium,large,4
Maisons et Villas,3,1,120.0,600.0,Sousse,Sahloul,5.0,2.7789,low,large,0
Appartements,2,1,75.0,700.0,Sousse,Hammam Sousse,9.33,2.8457,low,medium,3
Maisons et Villas,5,3,400.0,1500.0,Sousse,Kantaoui,3.75,3.1764,medium,extra_large,0
Locations de vacances,1,1,40.0,450.0,Sousse,Sousse Jawhara,11.25,2.6542,low,small,3
Appartements,2,1,98.0,900.0,Sousse,Sahloul,9.18,2.9547,medium,medium,4
Appartements,2,1,130.0,600.0,Sousse,Sahloul,4.62,2.7789,low,large,3
Appartements,1,1,85.0,700.0,Sousse,Sahloul,8.24,2.8457,low,medium,3
Appartements,2,1,100.0,1400.0,Sousse,Kantaoui,14.0,3.1464,medium,medium,4
Appartements,1,1,40.0,350.0,Sousse,Kantaoui,8.75,2.5453,low,small,3
Appartements,2,1,100.0,550.0,Sousse,Sahloul,5.5,2.7412,low,medium,3
Appartements,3,1,95.0,350.0,Sousse,Autres villes,3.68,2.5453,low,medium,3
Maisons et Villas,3,1,200.0,430.0,Sousse,M'saken,2.15,2.6345,low,large,0
Appartements,1,1,70.0,380.0,Sousse,Sousse Jawhara,5.43,2.5809,low,medium,3
Maisons et Villas,5,2,400.0,1800.0,Sousse,Kantaoui,4.5,3.2555,high,extra_large,0
Appartements,2,2,200.0,80.0,Sousse,Hammam Sousse,0.4,1.9085,very_low,large,3
Locations de vacances,1,1,80.0,60.0,Sousse,Sousse,0.75,1.7853,very_low,medium,3
Appartements,1,1,50.0,70.0,Sousse,Sousse Jawhara,1.4,1.8513,very_low,small,3
Maisons et Villas,2,1,100.0,550.0,Sousse,Sahloul,5.5,2.7412,low,medium,0
Locations de vacances,1,1,450.0,60.0,Tozeur,Tozeur,0.13,1.7853,very_low,extra_large,0
Appartements,2,1,75.0,100.0,Tozeur,Tozeur,1.33,2.0043,very_low,medium,3
Locations de vacances,2,1,200.0,160.0,Tozeur,Tozeur,0.8,2.2068,very_low,large,3
Locations de vacances,2,1,80.0,120.0,Tozeur,Tozeur,1.5,2.0828,very_low,medium,3
Maisons et Villas,4,2,600.0,260.0,Tozeur,Tozeur,0.43,2.4166,very_low,extra_large,0
Maisons et Villas,3,1,90.0,200.0,Tozeur,Degache,2.22,2.3032,very_low,medium,0
Locations de vacances,2,1,80.0,80.0,Tozeur,Tozeur,1.0,1.9085,very_low,medium,3
Maisons et Villas,1,1,80.0,550.0,Tozeur,Tozeur,6.88,2.7412,low,medium,0
Maisons et Villas,2,1,250.0,850.0,Tozeur,Tozeur,3.4,2.9299,medium,extra_large,0
Locations de vacances,1,1,160.0,80.0,Tozeur,Tozeur,0.5,1.9085,very_low,large,3
Appartements,2,1,80.0,80.0,Tozeur,Tozeur,1.0,1.9085,very_low,medium,3
Locations de vacances,2,1,75.0,100.0,Tozeur,Tozeur,1.33,2.0043,very_low,medium,3
Appartements,2,1,60.0,500.0,Tozeur,Autres villes,8.33,2.6998,low,medium,3
Maisons et Villas,4,2,600.0,260.0,Tozeur,Tozeur,0.43,2.4166,very_low,extra_large,0
Appartements,2,1,74.0,100.0,Tozeur,Tozeur,1.35,2.0043,very_low,medium,3
Locations de vacances,2,1,76.0,110.0,Tozeur,Tozeur,1.45,2.0453,very_low,medium,3
Appartements,2,1,75.0,110.0,Tozeur,Tozeur,1.47,2.0453,very_low,medium,3
Locations de vacances,2,1,75.0,120.0,Tozeur,Tozeur,1.6,2.0828,very_low,medium,3
Locations de vacances,2,1,80.0,100.0,Tozeur,Tozeur,1.25,2.0043,very_low,medium,3
Locations de vacances,1,1,300.0,50.0,Tozeur,Tozeur,0.17,1.7076,very_low,extra_large,0
Maisons et Villas,1,1,80.0,220.0,Tozeur,Tozeur,2.75,2.3444,very_low,medium,0
Locations de vacances,1,1,50.0,90.0,Tozeur,Tozeur,1.8,1.959,very_low,small,3
Locations de vacances,2,1,80.0,100.0,Tozeur,Tozeur,1.25,2.0043,very_low,medium,3
Locations de vacances,2,1,75.0,120.0,Tozeur,Tozeur,1.6,2.0828,very_low,medium,3
Appartements,2,1,74.0,120.0,Tozeur,Tozeur,1.62,2.0828,very_low,medium,3
Locations de vacances,2,1,75.0,120.0,Tozeur,Tozeur,1.6,2.0828,very_low,medium,3
Appartements,3,1,100.0,60.0,Tozeur,Autres villes,0.6,1.7853,very_low,medium,3
Appartements,1,1,30.0,50.0,Tozeur,Tozeur,1.67,1.7076,very_low,small,3
Maisons et Villas,4,1,600.0,250.0,Tozeur,Tozeur,0.42,2.3997,very_low,extra_large,0
Maisons et Villas,4,1,600.0,250.0,Tozeur,Tozeur,0.42,2.3997,very_low,extra_large,0
Locations de vacances,3,1,100.0,100.0,Tozeur,Tozeur,1.0,2.0043,very_low,medium,3
Locations de vacances,2,1,130.0,60.0,Tozeur,Nefta,0.46,1.7853,very_low,large,3
Colocations,3,1,100.0,400.0,Zaghouan,Autres villes,4.0,2.6031,low,medium,3
Maisons et Villas,3,1,120.0,320.0,Zaghouan,Autres villes,2.67,2.5065,low,large,0
Appartements,2,1,80.0,350.0,Zaghouan,El Fahs,4.38,2.5453,low,medium,3
Maisons et Villas,2,1,75.0,300.0,Zaghouan,Zaghouan,4.0,2.4786,very_low,medium,0
Bureaux et Plateaux,4,1,150.0,500.0,Zaghouan,El Fahs,3.33,2.6998,low,large,3
Bureaux et Plateaux,3,1,100.0,700.0,Zaghouan,Ez-Zeriba,7.0,2.8457,low,medium,3
"Magasins, Commerces et Locaux industriels",1,1,500.0,1600.0,Zaghouan,Zaghouan,3.2,3.2044,high,extra_large,0
Maisons et Villas,2,1,150.0,250.0,Zaghouan,Autres villes,1.67,2.3997,very_low,large,0
Maisons et Villas,3,1,130.0,500.0,Zaghouan,Ez-Zeriba,3.85,2.6998,low,large,0
Maisons et Villas,4,2,200.0,399.0,Zaghouan,Autres villes,2.0,2.6021,low,large,0
Maisons et Villas,4,1,327.0,450.0,Zaghouan,Autres villes,1.38,2.6542,low,extra_large,0
Appartements,3,1,75.0,240.0,Zaghouan,Autres villes,3.2,2.382,very_low,medium,3
Appartements,3,1,80.0,240.0,Zaghouan,Autres villes,3.0,2.382,very_low,medium,3
Maisons et Villas,3,1,160.0,630.0,Sfax,Autres villes,3.94,2.8,low,large,0
Maisons et Villas,3,1,100.0,380.0,Sfax,Autres villes,3.8,2.5809,low,medium,0
Appartements,2,1,136.0,300.0,Sfax,Sfax,2.21,2.4786,very_low,large,3
Appartements,4,2,165.0,900.0,Sfax,Sakiet Ezzit,5.45,2.9547,medium,large,4
Appartements,2,1,55.0,500.0,Sfax,Sfax Ville,9.09,2.6998,low,medium,3
Maisons et Villas,6,3,300.0,400.0,Sfax,Sfax,1.33,2.6031,low,extra_large,0
Maisons et Villas,1,1,80.0,300.0,Sfax,Autres villes,3.75,2.4786,very_low,medium,0
Appartements,3,1,120.0,440.0,Sfax,Route Soukra,3.67,2.6444,low,large,3
Maisons et Villas,5,3,210.0,600.0,Sfax,Autres villes,2.86,2.7789,low,extra_large,0
Appartements,3,1,140.0,600.0,Sfax,Sfax,4.29,2.7789,low,large,3
Appartements,2,2,100.0,600.0,Sfax,Autres villes,6.0,2.7789,low,medium,3
Appartements,3,1,150.0,750.0,Sfax,Sfax Ville,5.0,2.8756,medium,large,4
Appartements,2,1,70.0,360.0,Sfax,Autres villes,5.14,2.5575,low,medium,3
Appartements,1,1,45.0,250.0,Sfax,Sfax,5.56,2.3997,very_low,small,3
Locations de vacances,2,1,50.0,300.0,Sfax,Autres villes,6.0,2.4786,very_low,small,3
Appartements,3,2,200.0,600.0,Sfax,Menzel Chaker,3.0,2.7789,low,large,3
Appartements,1,1,50.0,400.0,Sfax,Sfax,8.0,2.6031,low,small,3
Appartements,4,1,125.0,470.0,Sfax,Sakiet Eddaïer,3.76,2.673,low,large,3
Appartements,3,2,100.0,500.0,Sfax,Autres villes,5.0,2.6998,low,medium,3
Maisons et Villas,3,1,120.0,520.0,Sfax,Sfax,4.33,2.7168,low,large,0
Maisons et Villas,3,1,105.0,300.0,Sfax,Sfax,2.86,2.4786,very_low,large,0
Appartements,3,1,120.0,600.0,Sfax,Sakiet Ezzit,5.0,2.7789,low,large,3
Appartements,1,1,70.0,420.0,Sfax,Route Soukra,6.0,2.6243,low,medium,3
Appartements,1,1,50.0,230.0,Sfax,Sfax,4.6,2.3636,very_low,small,3
Appartements,3,1,100.0,350.0,Sfax,Autres villes,3.5,2.5453,low,medium,3
"Magasins, Commerces et Locaux industriels",4,1,200.0,2000.0,Sfax,Autres villes,10.0,3.3012,high,large,0
"Magasins, Commerces et Locaux industriels",1,1,55.0,450.0,Sfax,Sakiet Eddaïer,8.18,2.6542,low,medium,0
Appartements,2,1,91.0,300.0,Sfax,Sfax,3.3,2.4786,very_low,medium,3
Maisons et Villas,1,1,70.0,440.0,Sfax,Autres villes,6.29,2.6444,low,medium,0
Appartements,3,1,100.0,350.0,Sfax,Sfax,3.5,2.5453,low,medium,3
Appartements,3,1,200.0,380.0,Sfax,Sfax,1.9,2.5809,low,large,3
Maisons et Villas,2,1,120.0,230.0,Sfax,Autres villes,1.92,2.3636,very_low,large,0
Appartements,2,1,100.0,340.0,Sfax,Sakiet Ezzit,3.4,2.5328,low,medium,3
Appartements,1,1,65.0,280.0,Sfax,Sakiet Ezzit,4.31,2.4487,very_low,medium,3
Appartements,2,2,110.0,650.0,Sfax,Autres villes,5.91,2.8136,low,large,3
Appartements,4,2,150.0,700.0,Sfax,Autres villes,4.67,2.8457,low,large,3
Appartements,2,1,120.0,300.0,Sfax,Autres villes,2.5,2.4786,very_low,large,3
Appartements,4,1,120.0,600.0,Sfax,Sakiet Ezzit,5.0,2.7789,low,large,3
Appartements,2,1,60.0,380.0,Sfax,Route el Ain,6.33,2.5809,low,medium,3
"Magasins, Commerces et Locaux industriels",2,1,700.0,900.0,Sfax,Route el Ain,1.29,2.9547,medium,extra_large,0
Appartements,3,1,150.0,350.0,Sfax,Sfax,2.33,2.5453,low,large,3
Appartements,3,1,150.0,350.0,Sfax,Sfax,2.33,2.5453,low,large,3
Appartements,3,1,80.0,600.0,Sfax,Sfax Ville,7.5,2.7789,low,medium,3
Maisons et Villas,3,1,140.0,430.0,Sfax,Sfax,3.07,2.6345,low,large,0
Bureaux et Plateaux,1,1,50.0,350.0,Sfax,Sfax Ville,7.0,2.5453,low,small,3
"Magasins, Commerces et Locaux industriels",1,1,145.0,2200.0,Sfax,Autres villes,15.17,3.3426,high,large,0
Appartements,2,1,50.0,300.0,Sfax,Route Soukra,6.0,2.4786,very_low,small,3
Maisons et Villas,3,1,120.0,420.0,Sfax,Sfax,3.5,2.6243,low,large,0
Appartements,2,1,150.0,450.0,Sfax,Autres villes,3.0,2.6542,low,large,3
Maisons et Villas,2,1,140.0,350.0,Sfax,Autres villes,2.5,2.5453,low,large,0
Appartements,2,1,90.0,400.0,Sfax,Sfax,4.44,2.6031,low,medium,3
Appartements,4,1,120.0,350.0,Sfax,Sakiet Eddaïer,2.92,2.5453,low,large,3
Maisons et Villas,2,1,150.0,400.0,Sfax,Autres villes,2.67,2.6031,low,large,0
Maisons et Villas,3,1,150.0,450.0,Sfax,Sfax Ville,3.0,2.6542,low,large,0
Colocations,3,1,120.0,120.0,Sfax,Sfax,1.0,2.0828,very_low,large,3
Appartements,2,1,110.0,400.0,Sfax,Autres villes,3.64,2.6031,low,large,3
Appartements,2,2,105.0,620.0,Sfax,Autres villes,5.9,2.7931,low,large,3
Appartements,2,1,49.0,60.0,Sfax,Autres villes,1.22,1.7853,very_low,small,3
Maisons et Villas,3,1,106.0,380.0,Sfax,Route Menzel Chaker,3.58,2.5809,low,large,0
Bureaux et Plateaux,2,1,80.0,600.0,Sfax,Autres villes,7.5,2.7789,low,medium,3
Appartements,3,1,80.0,360.0,Sfax,Sfax Ville,4.5,2.5575,low,medium,3
Maisons et Villas,3,1,80.0,450.0,Sfax,Autres villes,5.62,2.6542,low,medium,0
"Magasins, Commerces et Locaux industriels",1,0,1600.0,250.0,Sfax,Autres villes,0.16,2.3997,very_low,extra_large,0
Appartements,1,1,35.0,260.0,Sfax,Autres villes,7.43,2.4166,very_low,small,3
Appartements,3,1,85.0,320.0,Sfax,Route Tunis,3.76,2.5065,low,medium,3
Appartements,2,1,70.0,400.0,Sfax,Autres villes,5.71,2.6031,low,medium,3
Appartements,2,1,42.0,400.0,Sfax,Autres villes,9.52,2.6031,low,small,3
Maisons et Villas,4,1,210.0,650.0,Sfax,Autres villes,3.1,2.8136,low,extra_large,0
Appartements,3,1,63.0,350.0,Sfax,Sfax,5.56,2.5453,low,medium,3
Appartements,2,1,42.0,400.0,Sfax,Autres villes,9.52,2.6031,low,small,3
Bureaux et Plateaux,3,2,70.0,700.0,Sfax,Sfax Ville,10.0,2.8457,low,medium,3
Appartements,1,1,60.0,250.0,Sfax,Route Soukra,4.17,2.3997,very_low,medium,3
Maisons et Villas,4,1,125.0,600.0,Sfax,Sakiet Ezzit,4.8,2.7789,low,large,0
Appartements,3,1,116.0,550.0,Sfax,Route el Afrane,4.74,2.7412,low,large,3
"Magasins, Commerces et Locaux industriels",1,1,40.0,900.0,Sfax,Autres villes,22.5,2.9547,medium,small,0
"Magasins, Commerces et Locaux industriels",1,1,150.0,680.0,Sfax,Sfax,4.53,2.8331,low,large,0
Appartements,2,1,95.0,370.0,Sfax,Sfax,3.89,2.5694,low,medium,3
Appartements,2,1,60.0,500.0,Sfax,Sfax Ville,8.33,2.6998,low,medium,3
Maisons et Villas,2,1,90.0,400.0,Sfax,Route el Afrane,4.44,2.6031,low,medium,0
Appartements,2,1,124.0,550.0,Sfax,Menzel Chaker,4.44,2.7412,low,large,3
Appartements,3,1,120.0,400.0,Sfax,Route el Ain,3.33,2.6031,low,large,3
Appartements,3,2,200.0,700.0,Sfax,Sfax,3.5,2.8457,low,large,3
Appartements,2,1,150.0,460.0,Sfax,Sfax,3.07,2.6637,low,large,3
Appartements,2,1,100.0,500.0,Sfax,Route Tunis,5.0,2.6998,low,medium,3
Appartements,2,1,70.0,310.0,Sfax,Route Soukra,4.43,2.4928,low,medium,3
Appartements,4,1,115.0,380.0,Sfax,Route Soukra,3.3,2.5809,low,large,3
Maisons et Villas,8,2,280.0,950.0,Sfax,Autres villes,3.39,2.9782,medium,extra_large,0
Appartements,4,2,121.0,890.0,Sfax,Route Menzel Chaker,7.36,2.9499,medium,large,4
Maisons et Villas,2,1,90.0,400.0,Sfax,Route Tunis,4.44,2.6031,low,medium,0
Appartements,3,1,110.0,400.0,Sfax,Route Mehdia,3.64,2.6031,low,large,3
Maisons et Villas,4,2,1500.0,2900.0,Sfax,Route Soukra,1.93,3.4625,high,extra_large,0
Appartements,2,1,73.0,550.0,Sfax,Sfax Ville,7.53,2.7412,low,medium,3
"Magasins, Commerces et Locaux industriels",1,0,95.0,350.0,Sfax,Route el Afrane,3.68,2.5453,low,medium,0
Appartements,2,1,125.0,475.0,Sfax,Route Menzel Chaker,3.8,2.6776,low,large,3
Appartements,3,1,120.0,380.0,Sfax,Sfax,3.17,2.5809,low,large,3
"Magasins, Commerces et Locaux industriels",1,1,32.0,950.0,Sfax,Sakiet Ezzit,29.69,2.9782,medium,small,0
Appartements,3,2,120.0,400.0,Sfax,Route Soukra,3.33,2.6031,low,large,3
Maisons et Villas,2,1,85.0,600.0,Sfax,Route Tunis,7.06,2.7789,low,medium,0
Appartements,3,1,120.0,420.0,Sfax,Sfax,3.5,2.6243,low,large,3
"Magasins, Commerces et Locaux industriels",1,1,60.0,600.0,Sfax,Sfax Ville,10.0,2.7789,low,medium,0
"Magasins, Commerces et Locaux industriels",1,0,160.0,280.0,Sfax,Autres villes,1.75,2.4487,very_low,large,0
Appartements,2,1,85.0,700.0,Sfax,Autres villes,8.24,2.8457,low,medium,3
Appartements,1,1,40.0,300.0,Sfax,Autres villes,7.5,2.4786,very_low,small,3
Appartements,4,1,200.0,550.0,Sfax,Autres villes,2.75,2.7412,low,large,3
Bureaux et Plateaux,2,2,100.0,650.0,Sfax,Sfax,6.5,2.8136,low,medium,3
Appartements,2,2,104.0,650.0,Sfax,Route Menzel Chaker,6.25,2.8136,low,large,3
Maisons et Villas,3,1,80.0,450.0,Sfax,Autres villes,5.62,2.6542,low,medium,0
Appartements,2,1,87.0,450.0,Sfax,Route Soukra,5.17,2.6542,low,medium,3
Appartements,4,1,140.0,450.0,Sfax,Route el Afrane,3.21,2.6542,low,large,3
Appartements,3,1,120.0,450.0,Sfax,Sfax,3.75,2.6542,low,large,3
Appartements,4,1,200.0,380.0,Sfax,Menzel Chaker,1.9,2.5809,low,large,3
Maisons et Villas,3,1,100.0,450.0,Sfax,Route Soukra,4.5,2.6542,low,medium,0
Appartements,2,1,82.0,450.0,Sfax,Route Tunis,5.49,2.6542,low,medium,3
Appartements,2,2,120.0,1000.0,Sfax,Sfax,8.33,3.0004,medium,large,4
Appartements,3,1,100.0,330.0,Sfax,Route Menzel Chaker,3.3,2.5198,low,medium,3
Appartements,3,1,140.0,600.0,Sfax,Sfax,4.29,2.7789,low,large,3
Appartements,3,1,87.0,400.0,Sfax,Route Mehdia,4.6,2.6031,low,medium,3
Appartements,2,1,38.0,350.0,Sfax,Autres villes,9.21,2.5453,low,small,3
Maisons et Villas,3,1,120.0,420.0,Sfax,Autres villes,3.5,2.6243,low,large,0
"Magasins, Commerces et Locaux industriels",2,1,320.0,1100.0,Sfax,Route Mehdia,3.44,3.0418,medium,extra_large,0
Appartements,2,1,55.0,420.0,Sfax,Sfax Ville,7.64,2.6243,low,medium,3
Maisons et Villas,4,1,160.0,370.0,Sfax,Route Tunis,2.31,2.5694,low,large,0
Maisons et Villas,3,1,340.0,380.0,Sfax,Route Tunis,1.12,2.5809,low,extra_large,0
Appartements,3,1,90.0,420.0,Sfax,Sfax Ville,4.67,2.6243,low,medium,3
Maisons et Villas,3,1,250.0,500.0,Sfax,Sfax,2.0,2.6998,low,extra_large,0
Appartements,2,1,100.0,600.0,Sfax,Autres villes,6.0,2.7789,low,medium,3
"Magasins, Commerces et Locaux industriels",2,1,45.0,500.0,Sfax,Sfax,11.11,2.6998,low,small,0
Locations de vacances,2,1,50.0,50.0,Sfax,Autres villes,1.0,1.7076,very_low,small,3
Appartements,1,1,50.0,550.0,Sfax,Sfax,11.0,2.7412,low,small,3
Maisons et Villas,4,2,350.0,1750.0,Sfax,Autres villes,5.0,3.2433,high,extra_large,0
Maisons et Villas,3,1,330.0,380.0,Sfax,Sakiet Ezzit,1.15,2.5809,low,extra_large,0
Appartements,2,1,75.0,280.0,Sfax,Route Mehdia,3.73,2.4487,very_low,medium,3
Appartements,3,1,110.0,500.0,Sfax,Sakiet Ezzit,4.55,2.6998,low,large,3
"Magasins, Commerces et Locaux industriels",1,1,32.0,950.0,Sfax,Sakiet Ezzit,29.69,2.9782,medium,small,0
Appartements,3,1,160.0,400.0,Sfax,Autres villes,2.5,2.6031,low,large,3
Appartements,3,1,112.0,530.0,Sfax,Route Soukra,4.73,2.7251,low,large,3
Maisons et Villas,3,1,120.0,360.0,Sfax,Autres villes,3.0,2.5575,low,large,0
Appartements,2,1,95.0,480.0,Sfax,Route Menzel Chaker,5.05,2.6821,low,medium,3
Appartements,3,1,150.0,500.0,Sfax,Route Tunis,3.33,2.6998,low,large,3
Maisons et Villas,6,1,450.0,1500.0,Sfax,Autres villes,3.33,3.1764,medium,extra_large,0
"Magasins, Commerces et Locaux industriels",1,1,100.0,123.0,Sfax,Sfax,1.23,2.0934,very_low,medium,0
Bureaux et Plateaux,3,1,90.0,250.0,Sfax,Sfax Ville,2.78,2.3997,very_low,medium,3
Appartements,2,1,58.0,420.0,Sfax,Autres villes,7.24,2.6243,low,medium,3
Maisons et Villas,3,1,200.0,500.0,Sfax,Sfax,2.5,2.6998,low,large,0
Appartements,3,1,120.0,450.0,Sfax,Autres villes,3.75,2.6542,low,large,3
Appartements,2,1,100.0,400.0,Sfax,Sfax,4.0,2.6031,low,medium,3
"Magasins, Commerces et Locaux industriels",1,1,200.0,2000.0,Sfax,Route Menzel Chaker,10.0,3.3012,high,large,0
Maisons et Villas,5,1,180.0,750.0,Sfax,Sakiet Ezzit,4.17,2.8756,medium,large,0
Appartements,2,1,60.0,500.0,Sfax,Sfax Ville,8.33,2.6998,low,medium,3
Maisons et Villas,3,1,160.0,600.0,Sfax,Autres villes,3.75,2.7789,low,large,0
Bureaux et Plateaux,5,2,200.0,700.0,Sfax,Autres villes,3.5,2.8457,low,large,3
Colocations,1,1,150.0,450.0,Sfax,Route Mehdia,3.0,2.6542,low,large,3
Appartements,2,1,90.0,400.0,Sfax,Sfax Ville,4.44,2.6031,low,medium,3
Maisons et Villas,3,1,110.0,470.0,Sfax,Route Mehdia,4.27,2.673,low,large,0
"Magasins, Commerces et Locaux industriels",1,1,280.0,250.0,Sfax,Autres villes,0.89,2.3997,very_low,extra_large,0
Maisons et Villas,2,1,100.0,300.0,Sfax,Autres villes,3.0,2.4786,very_low,medium,0
Appartements,4,1,130.0,450.0,Sfax,Route el Ain,3.46,2.6542,low,large,3
Appartements,3,1,130.0,600.0,Sfax,Route Mehdia,4.62,2.7789,low,large,3
"Magasins, Commerces et Locaux industriels",1,1,500.0,1500.0,Sfax,Sakiet Eddaïer,3.0,3.1764,medium,extra_large,0
Maisons et Villas,4,1,70.0,320.0,Sfax,Route Soukra,4.57,2.5065,low,medium,0
Appartements,1,1,55.0,500.0,Sfax,Autres villes,9.09,2.6998,low,medium,3
"Magasins, Commerces et Locaux industriels",1,1,82.0,400.0,Sfax,Route el Afrane,4.88,2.6031,low,medium,0
Maisons et Villas,4,2,180.0,550.0,Sfax,Route el Afrane,3.06,2.7412,low,large,0
Maisons et Villas,4,1,400.0,500.0,Sfax,Route Mehdia,1.25,2.6998,low,extra_large,0
Maisons et Villas,4,1,350.0,600.0,Sfax,Sfax Ville,1.71,2.7789,low,extra_large,0
Colocations,2,1,120.0,90.0,Sfax,Route Soukra,0.75,1.959,very_low,large,3
Appartements,4,2,167.0,850.0,Sfax,Sfax,5.09,2.9299,medium,large,4
Appartements,4,1,125.0,500.0,Sfax,Sfax Ville,4.0,2.6998,low,large,3
Appartements,4,1,125.0,400.0,Sfax,Sakiet Eddaïer,3.2,2.6031,low,large,3
Maisons et Villas,5,2,210.0,600.0,Sfax,Autres villes,2.86,2.7789,low,extra_large,0
Appartements,4,1,220.0,380.0,Sfax,Sfax,1.73,2.5809,low,extra_large,4
Maisons et Villas,2,1,100.0,350.0,Sfax,Autres villes,3.5,2.5453,low,medium,0
Appartements,2,2,106.0,800.0,Sfax,Autres villes,7.55,2.9036,medium,large,4
"Magasins, Commerces et Locaux industriels",1,0,95.0,350.0,Sfax,Route el Afrane,3.68,2.5453,low,medium,0
Appartements,3,1,100.0,450.0,Sfax,Route el Ain,4.5,2.6542,low,medium,3
Appartements,1,1,40.0,320.0,Sfax,Route Soukra,8.0,2.5065,low,small,3
Appartements,3,1,110.0,500.0,Sfax,Sfax Ville,4.55,2.6998,low,large,3
Appartements,4,1,130.0,420.0,Sfax,Sakiet Ezzit,3.23,2.6243,low,large,3
"Magasins, Commerces et Locaux industriels",5,3,450.0,2500.0,Sfax,Route Menzel Chaker,5.56,3.3981,high,extra_large,0
"Magasins, Commerces et Locaux industriels",2,1,35.0,350.0,Sfax,Route Soukra,10.0,2.5453,low,small,0
Maisons et Villas,4,2,150.0,350.0,Sfax,Route Mehdia,2.33,2.5453,low,large,0
"Magasins, Commerces et Locaux industriels",1,1,105.0,650.0,Sfax,Sfax,6.19,2.8136,low,large,0
Maisons et Villas,3,1,145.0,300.0,Sfax,Route Mehdia,2.07,2.4786,very_low,large,0
Appartements,2,1,110.0,240.0,Sfax,Route Soukra,2.18,2.382,very_low,large,3
Maisons et Villas,3,1,140.0,400.0,Sfax,Autres villes,2.86,2.6031,low,large,0
Maisons et Villas,3,1,160.0,600.0,Sfax,Route Soukra,3.75,2.7789,low,large,0
Colocations,3,1,105.0,390.0,Sfax,Route Soukra,3.71,2.5922,low,large,3
Maisons et Villas,3,1,100.0,420.0,Sfax,Route Mehdia,4.2,2.6243,low,medium,0
"Magasins, Commerces et Locaux industriels",1,0,28.0,500.0,Sfax,Route Tunis,17.86,2.6998,low,small,0
"Magasins, Commerces et Locaux industriels",1,0,100.0,450.0,Sfax,Sakiet Eddaïer,4.5,2.6542,low,medium,0
Appartements,3,3,130.0,750.0,Sfax,Sfax,5.77,2.8756,medium,large,4
"Magasins, Commerces et Locaux industriels",2,1,320.0,3000.0,Sfax,Autres villes,9.38,3.4773,high,extra_large,0
Maisons et Villas,3,1,100.0,350.0,Sfax,Route Soukra,3.5,2.5453,low,medium,0
Maisons et Villas,7,3,500.0,1250.0,Sfax,Route Menzel Chaker,2.5,3.0973,medium,extra_large,0
Appartements,1,1,68.0,420.0,Sfax,Route Soukra,6.18,2.6243,low,medium,3
"Magasins, Commerces et Locaux industriels",1,1,180.0,700.0,Sfax,Route Menzel Chaker,3.89,2.8457,low,large,0
Maisons et Villas,4,1,520.0,850.0,Nabeul,Grombalia,1.63,2.9299,medium,extra_large,0
Maisons et Villas,2,1,100.0,400.0,Nabeul,Béni Khalled,4.0,2.6031,low,medium,0
Maisons et Villas,2,1,120.0,600.0,Nabeul,Nabeul,5.0,2.7789,low,large,0
Maisons et Villas,4,1,120.0,450.0,Nabeul,Soliman,3.75,2.6542,low,large,0
Appartements,2,1,75.0,150.0,Nabeul,Hammamet Nord,2.0,2.179,very_low,medium,3
Appartements,3,1,120.0,1000.0,Nabeul,Hammamet,8.33,3.0004,medium,large,4
Appartements,2,1,200.0,680.0,Nabeul,Dar Châabane El Fehri,3.4,2.8331,low,large,3
Appartements,2,1,150.0,500.0,Nabeul,Dar Châabane El Fehri,3.33,2.6998,low,large,3
Appartements,1,1,80.0,600.0,Nabeul,Hammamet Nord,7.5,2.7789,low,medium,3
Appartements,2,1,80.0,500.0,Nabeul,Hammamet,6.25,2.6998,low,medium,3
Appartements,2,1,80.0,700.0,Nabeul,Hammamet,8.75,2.8457,low,medium,3
Appartements,2,1,100.0,900.0,Nabeul,Hammam Ghezèze,9.0,2.9547,medium,medium,4
Appartements,1,1,75.0,500.0,Nabeul,Nabeul,6.67,2.6998,low,medium,3
Appartements,2,1,124.0,850.0,Nabeul,Hammamet,6.85,2.9299,medium,large,4
Appartements,1,1,75.0,500.0,Nabeul,Nabeul,6.67,2.6998,low,medium,3
Appartements,1,1,75.0,470.0,Nabeul,Nabeul,6.27,2.673,low,medium,3
Maisons et Villas,3,1,500.0,100.0,Nabeul,Nabeul,0.2,2.0043,very_low,extra_large,0
Maisons et Villas,2,1,450.0,380.0,Nabeul,Nabeul,0.84,2.5809,low,extra_large,0
Maisons et Villas,2,1,120.0,1000.0,Nabeul,Hammamet,8.33,3.0004,medium,large,0
Appartements,1,1,75.0,150.0,Nabeul,Hammamet Nord,2.0,2.179,very_low,medium,3
Appartements,2,1,100.0,750.0,Nabeul,Hammamet Nord,7.5,2.8756,medium,medium,4
Locations de vacances,2,1,101.0,80.0,Nabeul,Hammamet Nord,0.79,1.9085,very_low,large,3
Appartements,3,1,160.0,1200.0,Nabeul,Mrezga,7.5,3.0795,medium,large,4
Bureaux et Plateaux,5,2,150.0,2000.0,Nabeul,Nabeul,13.33,3.3012,high,large,4
Maisons et Villas,2,1,100.0,790.0,Nabeul,Hammamet,7.9,2.8982,medium,medium,0
Appartements,2,1,124.0,600.0,Nabeul,Hammamet,4.84,2.7789,low,large,3
Appartements,3,1,83.0,750.0,Nabeul,Hammamet Nord,9.04,2.8756,medium,medium,4
Locations de vacances,2,1,85.0,90.0,Nabeul,Hammamet,1.06,1.959,very_low,medium,3
Locations de vacances,2,1,120.0,50.0,Nabeul,Hammamet,0.42,1.7076,very_low,large,3
Locations de vacances,2,1,150.0,50.0,Nabeul,Kélibia,0.33,1.7076,very_low,large,3
Appartements,2,1,100.0,420.0,Nabeul,Grombalia,4.2,2.6243,low,medium,3
"Magasins, Commerces et Locaux industriels",1,1,600.0,1000.0,Nabeul,El Mida,1.67,3.0004,medium,extra_large,0
Locations de vacances,1,1,60.0,50.0,Nabeul,Kélibia,0.83,1.7076,very_low,medium,3
Locations de vacances,1,2,70.0,70.0,Nabeul,Kélibia,1.0,1.8513,very_low,medium,3
Appartements,2,1,150.0,1400.0,Nabeul,Hammamet Centre,9.33,3.1464,medium,large,4
Maisons et Villas,4,1,300.0,1200.0,Nabeul,Hammamet Nord,4.0,3.0795,medium,extra_large,0
Appartements,1,1,50.0,250.0,Nabeul,Autres villes,5.0,2.3997,very_low,small,3
Appartements,2,2,128.0,150.0,Nabeul,Hammamet,1.17,2.179,very_low,large,3
Locations de vacances,3,2,135.0,100.0,Nabeul,Mrezga,0.74,2.0043,very_low,large,3
Maisons et Villas,2,1,180.0,480.0,Nabeul,Hammamet Nord,2.67,2.6821,low,large,0
Locations de vacances,2,1,150.0,50.0,Nabeul,Kélibia,0.33,1.7076,very_low,large,3
Maisons et Villas,2,1,80.0,400.0,Nabeul,Soliman,5.0,2.6031,low,medium,0
Appartements,2,1,100.0,1300.0,Nabeul,Mrezga,13.0,3.1143,medium,medium,4
Appartements,1,1,70.0,550.0,Nabeul,Mrezga,7.86,2.7412,low,medium,3
Appartements,2,1,100.0,500.0,Nabeul,Nabeul,5.0,2.6998,low,medium,3
Appartements,2,1,100.0,500.0,Nabeul,Nabeul,5.0,2.6998,low,medium,3
Maisons et Villas,2,1,100.0,300.0,Nabeul,Soliman,3.0,2.4786,very_low,medium,0
Locations de vacances,4,2,120.0,2800.0,Nabeul,Autres villes,23.33,3.4473,high,large,0
Appartements,2,2,120.0,800.0,Nabeul,Mrezga,6.67,2.9036,medium,large,4
Appartements,1,1,60.0,500.0,Nabeul,Hammamet Nord,8.33,2.6998,low,medium,3
Appartements,1,1,80.0,150.0,Tunis,La Marsa,1.88,2.179,very_low,medium,3
Appartements,1,1,65.0,120.0,Tunis,Carthage,1.85,2.0828,very_low,medium,3
Appartements,3,3,145.0,1500.0,Tunis,L'aouina,10.34,3.1764,medium,large,4
Appartements,2,2,160.0,1500.0,Tunis,Autres villes,9.38,3.1764,medium,large,4
Appartements,1,1,90.0,130.0,Tunis,La Marsa,1.44,2.1173,very_low,medium,3
Appartements,4,1,170.0,1750.0,Tunis,Centre Urbain Nord,10.29,3.2433,high,large,4
Colocations,1,1,30.0,220.0,Tunis,Le Kram,7.33,2.3444,very_low,small,3
Appartements,1,1,65.0,850.0,Tunis,Menzah,13.08,2.9299,medium,medium,4
Appartements,3,1,130.0,1100.0,Tunis,Mutuelleville,8.46,3.0418,medium,large,4
Appartements,1,1,70.0,1500.0,Tunis,Autres villes,21.43,3.1764,medium,medium,4
Appartements,3,1,140.0,1100.0,Tunis,Mutuelleville,7.86,3.0418,medium,large,4
Appartements,3,1,80.0,450.0,Tunis,Autres villes,5.62,2.6542,low,medium,3
Bureaux et Plateaux,1,1,80.0,600.0,Tunis,Le Bardo,7.5,2.7789,low,medium,3
Maisons et Villas,3,2,140.0,650.0,Tunis,La Marsa,4.64,2.8136,low,large,0
Maisons et Villas,3,1,115.0,500.0,Tunis,Autres villes,4.35,2.6998,low,large,0
Appartements,1,1,93.0,70.0,Tunis,L'aouina,0.75,1.8513,very_low,medium,3
Appartements,2,1,100.0,1600.0,Tunis,La Marsa,16.0,3.2044,high,medium,4
Appartements,3,2,150.0,700.0,Tunis,La Marsa,4.67,2.8457,low,large,3
"Magasins, Commerces et Locaux industriels",5,2,130.0,1150.0,Tunis,Centre Ville - Lafayette,8.85,3.0611,medium,large,0
Appartements,3,2,120.0,1000.0,Tunis,Manar,8.33,3.0004,medium,large,4
Bureaux et Plateaux,1,2,450.0,3200.0,Tunis,Tunis,7.11,3.5053,high,extra_large,4
Bureaux et Plateaux,2,1,75.0,1000.0,Tunis,Tunis,13.33,3.0004,medium,medium,4
Bureaux et Plateaux,4,2,140.0,1250.0,Tunis,Tunis,8.93,3.0973,medium,large,4
Bureaux et Plateaux,4,3,217.0,3262.0,Tunis,Le Kram,15.03,3.5136,high,extra_large,4
Appartements,1,1,50.0,350.0,Tunis,Autres villes,7.0,2.5453,low,small,3
Appartements,3,1,35.0,1250.0,Tunis,La Goulette,35.71,3.0973,medium,small,4
"Magasins, Commerces et Locaux industriels",1,1,300.0,3000.0,Tunis,La Marsa,10.0,3.4773,high,extra_large,0
"Magasins, Commerces et Locaux industriels",1,1,34.0,2500.0,Tunis,Tunis,73.53,3.3981,high,small,0
Bureaux et Plateaux,2,3,93.0,1500.0,Tunis,La Marsa,16.13,3.1764,medium,medium,4
Bureaux et Plateaux,2,1,70.0,375.0,Tunis,Tunis,5.36,2.5752,low,medium,3
Bureaux et Plateaux,2,2,113.0,1800.0,Tunis,Le Kram,15.93,3.2555,high,large,4
Bureaux et Plateaux,2,1,70.0,1500.0,Tunis,La Marsa,21.43,3.1764,medium,medium,4
Appartements,3,1,75.0,550.0,Tunis,La Marsa,7.33,2.7412,low,medium,3
Bureaux et Plateaux,2,1,70.0,1200.0,Tunis,La Marsa,17.14,3.0795,medium,medium,4
Locations de vacances,2,1,66.0,70.0,Tunis,Menzah,1.06,1.8513,very_low,medium,3
Appartements,1,1,70.0,300.0,Tunis,Autres villes,4.29,2.4786,very_low,medium,3
Bureaux et Plateaux,5,3,238.0,3225.0,Tunis,La Marsa,13.55,3.5087,high,extra_large,4
Appartements,2,1,140.0,2200.0,Tunis,La Marsa,15.71,3.3426,high,large,4
Appartements,3,2,120.0,700.0,Tunis,Le Kram,5.83,2.8457,low,large,3
Appartements,2,1,120.0,1800.0,Tunis,La Marsa,15.0,3.2555,high,large,4
Appartements,3,1,100.0,600.0,Tunis,Autres villes,6.0,2.7789,low,medium,3
Maisons et Villas,2,1,240.0,2500.0,Tunis,La Marsa,10.42,3.3981,high,extra_large,0
Appartements,1,1,35.0,325.0,Tunis,Le Bardo,9.29,2.5132,low,small,3
Appartements,3,1,170.0,1400.0,Tunis,Autres villes,8.24,3.1464,medium,large,4
Appartements,1,1,65.0,875.0,Tunis,Menzah,13.46,2.9425,medium,medium,4
Appartements,2,1,73.0,800.0,Tunis,Menzah,10.96,2.9036,medium,medium,4
Appartements,3,1,120.0,1600.0,Tunis,La Marsa,13.33,3.2044,high,large,4
Appartements,3,3,190.0,2700.0,Tunis,La Marsa,14.21,3.4315,high,large,4
Appartements,1,1,60.0,600.0,Tunis,L'aouina,10.0,2.7789,low,medium,3
Appartements,1,1,150.0,80.0,Tunis,Autres villes,0.53,1.9085,very_low,large,3
Maisons et Villas,2,1,120.0,1600.0,Tunis,La Marsa,13.33,3.2044,high,large,0
Appartements,4,1,120.0,850.0,Tunis,Sidi Daoud,7.08,2.9299,medium,large,4
Appartements,3,1,100.0,400.0,Tunis,Le Bardo,4.0,2.6031,low,medium,3
Appartements,2,1,40.0,200.0,Tunis,Le Bardo,5.0,2.3032,very_low,small,3
Locations de vacances,3,1,120.0,60.0,Tunis,L'aouina,0.5,1.7853,very_low,large,3
Appartements,2,1,65.0,80.0,Tunis,L'aouina,1.23,1.9085,very_low,medium,3
Appartements,1,1,83.0,1100.0,Tunis,Menzah,13.25,3.0418,medium,medium,4
Bureaux et Plateaux,2,2,80.0,1350.0,Tunis,Tunis,16.88,3.1307,medium,medium,4
Appartements,4,3,200.0,2200.0,Tunis,La Marsa,11.0,3.3426,high,large,4
Appartements,3,2,140.0,1100.0,Tunis,La Marsa,7.86,3.0418,medium,large,4
Maisons et Villas,4,2,220.0,2000.0,Tunis,La Marsa,9.09,3.3012,high,extra_large,0
Appartements,1,1,75.0,1750.0,Tunis,La Marsa,23.33,3.2433,high,medium,4
Appartements,1,1,75.0,1700.0,Tunis,La Marsa,22.67,3.2307,high,medium,4
Appartements,2,1,100.0,175.0,Tunis,Autres villes,1.75,2.2455,very_low,medium,3
Appartements,3,1,120.0,800.0,Tunis,Autres villes,6.67,2.9036,medium,large,4
"Magasins, Commerces et Locaux industriels",1,1,180.0,850.0,Tunis,L'aouina,4.72,2.9299,medium,large,0
Appartements,1,1,75.0,1000.0,Tunis,La Marsa,13.33,3.0004,medium,medium,4
Maisons et Villas,4,1,185.0,1800.0,Tunis,La Marsa,9.73,3.2555,high,large,0
Appartements,3,1,85.0,550.0,Tunis,La Marsa,6.47,2.7412,low,medium,3
Appartements,3,2,160.0,1900.0,Tunis,Autres villes,11.88,3.279,high,large,4
Appartements,2,1,75.0,750.0,Tunis,Menzah,10.0,2.8756,medium,medium,4
Appartements,2,1,80.0,430.0,Tunis,Le Bardo,5.38,2.6345,low,medium,3
Bureaux et Plateaux,5,1,200.0,3200.0,Tunis,La Marsa,16.0,3.5053,high,large,4
"Magasins, Commerces et Locaux industriels",2,1,430.0,2500.0,Tunis,La Marsa,5.81,3.3981,high,extra_large,0
Appartements,3,2,300.0,4000.0,Tunis,La Marsa,13.33,3.6022,high,extra_large,4
Appartements,3,2,170.0,2700.0,Tunis,La Marsa,15.88,3.4315,high,large,4
Appartements,3,3,176.0,3200.0,Tunis,La Marsa,18.18,3.5053,high,large,4
Appartements,2,1,100.0,1300.0,Tunis,Menzah,13.0,3.1143,medium,medium,4
Maisons et Villas,3,1,180.0,1500.0,Tunis,Menzah,8.33,3.1764,medium,large,0
Appartements,3,1,100.0,1000.0,Tunis,Manar,10.0,3.0004,medium,medium,4
Appartements,3,2,220.0,1800.0,Tunis,La Marsa,8.18,3.2555,high,extra_large,4
Bureaux et Plateaux,3,1,100.0,1900.0,Tunis,La Marsa,19.0,3.279,high,medium,4
Appartements,1,1,70.0,1100.0,Tunis,Menzah,15.71,3.0418,medium,medium,4
Appartements,1,1,250.0,70.0,Tunis,Autres villes,0.28,1.8513,very_low,extra_large,3
Bureaux et Plateaux,2,1,60.0,600.0,Tunis,Manar,10.0,2.7789,low,medium,3
Maisons et Villas,3,1,70.0,450.0,Tunis,La Marsa,6.43,2.6542,low,medium,0
Appartements,1,1,68.0,160.0,Tunis,Carthage,2.35,2.2068,very_low,medium,3
Maisons et Villas,4,2,250.0,1900.0,Tunis,La Marsa,7.6,3.279,high,extra_large,0
Appartements,2,1,60.0,750.0,Tunis,Autres villes,12.5,2.8756,medium,medium,4
Bureaux et Plateaux,3,1,120.0,1800.0,Tunis,La Marsa,15.0,3.2555,high,large,4
Appartements,1,1,75.0,170.0,Tunis,L'aouina,2.27,2.233,very_low,medium,3
Locations de vacances,1,1,85.0,140.0,Tunis,Carthage,1.65,2.1492,very_low,medium,3
Bureaux et Plateaux,5,3,116.0,1356.0,Tunis,Menzah,11.69,3.1326,medium,large,4
Bureaux et Plateaux,3,1,90.0,1765.0,Tunis,Autres villes,19.61,3.247,high,medium,4
Appartements,2,2,200.0,1500.0,Tunis,Le Kram,7.5,3.1764,medium,large,4
Appartements,1,1,80.0,2200.0,Tunis,Sidi Bou Said,27.5,3.3426,high,medium,4
Bureaux et Plateaux,5,2,140.0,1800.0,Tunis,La Marsa,12.86,3.2555,high,large,4
Appartements,1,1,30.0,450.0,Tunis,Autres villes,15.0,2.6542,low,small,3
Bureaux et Plateaux,2,1,100.0,2000.0,Tunis,La Marsa,20.0,3.3012,high,medium,4
Appartements,3,2,200.0,1900.0,Tunis,La Marsa,9.5,3.279,high,large,4
Appartements,3,1,100.0,1100.0,Tunis,Tunis,11.0,3.0418,medium,medium,4
Maisons et Villas,2,1,70.0,350.0,Tunis,La Marsa,5.0,2.5453,low,medium,0
Appartements,3,1,90.0,380.0,Tunis,Autres villes,4.22,2.5809,low,medium,3
Locations de vacances,2,1,110.0,590.0,Tunis,La Marsa,5.36,2.7716,low,large,0
Locations de vacances,2,1,50.0,65.0,Tunis,Autres villes,1.3,1.8195,very_low,small,3
Appartements,2,1,104.0,1300.0,Tunis,Autres villes,12.5,3.1143,medium,large,4
Appartements,2,1,50.0,65.0,Tunis,Autres villes,1.3,1.8195,very_low,small,3
Appartements,3,1,100.0,700.0,Tunis,La Marsa,7.0,2.8457,low,medium,3
Appartements,1,1,70.0,90.0,Tunis,L'aouina,1.29,1.959,very_low,medium,3
Appartements,2,1,92.0,1200.0,Tunis,La Marsa,13.04,3.0795,medium,medium,4
Appartements,3,2,120.0,1250.0,Tunis,La Marsa,10.42,3.0973,medium,large,4
Appartements,2,2,120.0,100.0,Tunis,L'aouina,0.83,2.0043,very_low,large,3
Appartements,1,1,150.0,200.0,Tunis,Centre Ville - Lafayette,1.33,2.3032,very_low,large,3
Appartements,2,1,50.0,70.0,Tunis,Tunis,1.4,1.8513,very_low,small,3
Locations de vacances,4,2,155.0,100.0,Tunis,L'aouina,0.65,2.0043,very_low,large,3
Maisons et Villas,3,1,120.0,2500.0,Tunis,La Marsa,20.83,3.3981,high,large,0
Appartements,1,1,70.0,1450.0,Tunis,La Marsa,20.71,3.1617,medium,medium,4
Appartements,1,1,65.0,2000.0,Tunis,La Marsa,30.77,3.3012,high,medium,4
Appartements,3,3,220.0,3000.0,Tunis,Sidi Bou Said,13.64,3.4773,high,extra_large,4
Appartements,1,1,60.0,1700.0,Tunis,Sidi Bou Said,28.33,3.2307,high,medium,4
Maisons et Villas,2,1,200.0,2500.0,Tunis,Carthage,12.5,3.3981,high,large,0
Maisons et Villas,3,2,150.0,3000.0,Tunis,Carthage,20.0,3.4773,high,large,0
Appartements,3,2,134.0,2500.0,Tunis,Carthage,18.66,3.3981,high,large,4
Appartements,2,1,120.0,2200.0,Tunis,La Marsa,18.33,3.3426,high,large,4
Appartements,3,2,150.0,1400.0,Tunis,La Marsa,9.33,3.1464,medium,large,4
Appartements,1,1,90.0,1800.0,Tunis,La Marsa,20.0,3.2555,high,medium,4
Appartements,2,2,150.0,1500.0,Tunis,L'aouina,10.0,3.1764,medium,large,4
Appartements,1,1,70.0,2100.0,Tunis,Autres villes,30.0,3.3224,high,medium,4
Appartements,1,1,60.0,850.0,Tunis,L'aouina,14.17,2.9299,medium,medium,4
Appartements,1,1,67.0,1100.0,Tunis,Menzah,16.42,3.0418,medium,medium,4
Appartements,1,1,130.0,150.0,Tunis,Cité El Khadra,1.15,2.179,very_low,large,3
Appartements,1,1,50.0,600.0,Tunis,Le Kram,12.0,2.7789,low,small,3
Locations de vacances,2,1,60.0,90.0,Tunis,Autres villes,1.5,1.959,very_low,medium,3
Appartements,2,1,55.0,600.0,Tunis,Autres villes,10.91,2.7789,low,medium,3
Appartements,2,1,60.0,60.0,Tunis,Agba,1.0,1.7853,very_low,medium,3
Locations de vacances,2,1,85.0,100.0,Tunis,Autres villes,1.18,2.0043,very_low,medium,3
Appartements,2,2,95.0,90.0,Tunis,Autres villes,0.95,1.959,very_low,medium,3
Appartements,2,1,60.0,70.0,Tunis,L'aouina,1.17,1.8513,very_low,medium,3
Appartements,3,1,100.0,650.0,Tunis,Autres villes,6.5,2.8136,low,medium,3
Appartements,1,1,50.0,60.0,Tunis,Menzah,1.2,1.7853,very_low,small,3
Appartements,1,1,42.0,950.0,Tunis,Autres villes,22.62,2.9782,medium,small,4
Appartements,3,1,102.0,480.0,Tunis,Hraïria,4.71,2.6821,low,large,3
"Magasins, Commerces et Locaux industriels",1,1,30.0,500.0,Tunis,Tunis,16.67,2.6998,low,small,0
Appartements,2,1,90.0,650.0,Tunis,La Marsa,7.22,2.8136,low,medium,3
Appartements,3,1,100.0,1000.0,Tunis,Manar,10.0,3.0004,medium,medium,4
Locations de vacances,2,1,120.0,100.0,Tunis,Menzah,0.83,2.0043,very_low,large,3
Locations de vacances,1,1,65.0,90.0,Tunis,L'aouina,1.38,1.959,very_low,medium,3
Maisons et Villas,3,2,180.0,1700.0,Tunis,La Marsa,9.44,3.2307,high,large,0
Appartements,2,1,130.0,1500.0,Tunis,L'aouina,11.54,3.1764,medium,large,4
Bureaux et Plateaux,10,5,320.0,600.0,Tunis,Autres villes,1.88,2.7789,low,extra_large,4
Appartements,3,1,80.0,850.0,Tunis,La Goulette,10.62,2.9299,medium,medium,4
Locations de vacances,2,1,65.0,100.0,Tunis,Menzah,1.54,2.0043,very_low,medium,3
Maisons et Villas,1,1,120.0,80.0,Tunis,Autres villes,0.67,1.9085,very_low,large,0
Maisons et Villas,3,1,80.0,650.0,Tunis,Le Bardo,8.12,2.8136,low,medium,0
Appartements,3,1,100.0,400.0,Tunis,Autres villes,4.0,2.6031,low,medium,3
Locations de vacances,1,1,75.0,130.0,Tunis,Carthage,1.73,2.1173,very_low,medium,3
Maisons et Villas,3,1,100.0,320.0,Tunis,Autres villes,3.2,2.5065,low,medium,0
Maisons et Villas,3,1,180.0,550.0,Tunis,L'aouina,3.06,2.7412,low,large,0
Appartements,4,1,100.0,700.0,Tunis,La Marsa,7.0,2.8457,low,medium,3
Appartements,3,1,80.0,550.0,Tunis,Sidi El Béchir,6.88,2.7412,low,medium,3
Maisons et Villas,2,1,100.0,380.0,Tunis,El Omrane supérieur,3.8,2.5809,low,medium,0
Appartements,4,1,140.0,700.0,Tunis,Le Bardo,5.0,2.8457,low,large,3
Maisons et Villas,4,2,400.0,3700.0,Tunis,La Marsa,9.25,3.5683,high,extra_large,0
Bureaux et Plateaux,3,1,110.0,1100.0,Tunis,Centre Ville - Lafayette,10.0,3.0418,medium,large,4
Maisons et Villas,3,2,150.0,2800.0,Tunis,La Marsa,18.67,3.4473,high,large,0
Locations de vacances,1,1,120.0,155.0,Tunis,La Marsa,1.29,2.1931,very_low,large,3
Appartements,3,1,80.0,700.0,Tunis,Centre Ville - Lafayette,8.75,2.8457,low,medium,3
Appartements,1,1,40.0,700.0,Tunis,Mutuelleville,17.5,2.8457,low,small,3
Appartements,2,1,80.0,700.0,Tunis,Menzah,8.75,2.8457,low,medium,3
Appartements,2,1,115.0,1000.0,Tunis,Menzah,8.7,3.0004,medium,large,4
Bureaux et Plateaux,2,1,60.0,700.0,Tunis,Autres villes,11.67,2.8457,low,medium,3
Appartements,4,1,110.0,700.0,Tunis,Médina,6.36,2.8457,low,large,3
Appartements,3,1,80.0,520.0,Tunis,Le Bardo,6.5,2.7168,low,medium,3
Appartements,1,1,35.0,230.0,Tunis,Sidi El Béchir,6.57,2.3636,very_low,small,3
Appartements,1,1,40.0,650.0,Tunis,Centre Ville - Lafayette,16.25,2.8136,low,small,3
Locations de vacances,2,1,60.0,60.0,Tunis,Agba,1.0,1.7853,very_low,medium,3
Appartements,3,1,80.0,900.0,Tunis,Centre Ville - Lafayette,11.25,2.9547,medium,medium,4
Appartements,3,2,130.0,70.0,Tunis,Autres villes,0.54,1.8513,very_low,large,3
"Magasins, Commerces et Locaux industriels",1,1,20.0,350.0,Tunis,Autres villes,17.5,2.5453,low,small,0
"Magasins, Commerces et Locaux industriels",1,1,120.0,111.0,Tunis,Tunis,0.92,2.0492,very_low,large,0
Appartements,2,1,90.0,70.0,Tunis,Autres villes,0.78,1.8513,very_low,medium,3
Appartements,1,1,80.0,500.0,Tunis,L'aouina,6.25,2.6998,low,medium,3
Appartements,3,2,180.0,1500.0,Tunis,La Marsa,8.33,3.1764,medium,large,4
"Magasins, Commerces et Locaux industriels",1,1,180.0,850.0,Tunis,L'aouina,4.72,2.9299,medium,large,0
Appartements,3,2,150.0,1400.0,Tunis,L'aouina,9.33,3.1464,medium,large,4
Maisons et Villas,5,3,400.0,2500.0,Tunis,L'aouina,6.25,3.3981,high,extra_large,0
Maisons et Villas,4,3,500.0,3500.0,Tunis,La Marsa,7.0,3.5442,high,extra_large,0
Appartements,4,2,170.0,930.0,Tunis,L'aouina,5.47,2.9689,medium,large,4
Appartements,3,2,200.0,1300.0,Tunis,Carthage,6.5,3.1143,medium,large,4
Appartements,1,1,60.0,1100.0,Tunis,L'aouina,18.33,3.0418,medium,medium,4
Appartements,2,1,100.0,850.0,Tunis,L'aouina,8.5,2.9299,medium,medium,4
Appartements,2,2,120.0,1400.0,Tunis,La Marsa,11.67,3.1464,medium,large,4
Locations de vacances,2,1,80.0,90.0,Tunis,Autres villes,1.12,1.959,very_low,medium,3
Appartements,2,2,150.0,1800.0,Tunis,La Marsa,12.0,3.2555,high,large,4
Appartements,1,1,95.0,250.0,Tunis,L'aouina,2.63,2.3997,very_low,medium,3
Bureaux et Plateaux,1,1,76.0,2000.0,Tunis,Autres villes,26.32,3.3012,high,medium,4
Appartements,1,1,80.0,1250.0,Tunis,Carthage,15.62,3.0973,medium,medium,4
Appartements,3,1,80.0,450.0,Tunis,Autres villes,5.62,2.6542,low,medium,3
Maisons et Villas,3,1,250.0,3500.0,Tunis,La Marsa,14.0,3.5442,high,extra_large,0
Bureaux et Plateaux,2,1,55.0,500.0,Tunis,Centre Ville - Lafayette,9.09,2.6998,low,medium,3
Appartements,4,1,120.0,950.0,Tunis,Autres villes,7.92,2.9782,medium,large,4
Appartements,4,2,115.0,550.0,Tunis,Agba,4.78,2.7412,low,large,3
Appartements,1,1,33.0,700.0,Tunis,Mutuelleville,21.21,2.8457,low,small,3
Locations de vacances,2,1,80.0,60.0,Tunis,Autres villes,0.75,1.7853,very_low,medium,3
Maisons et Villas,3,1,110.0,120.0,Tunis,Tunis,1.09,2.0828,very_low,large,0
Appartements,4,1,157.0,700.0,Tunis,Autres villes,4.46,2.8457,low,large,3
Locations de vacances,1,1,42.0,80.0,Tunis,Carthage,1.9,1.9085,very_low,small,3
Locations de vacances,1,1,72.0,150.0,Tunis,La Marsa,2.08,2.179,very_low,medium,3
Appartements,2,1,130.0,1300.0,Tunis,Autres villes,10.0,3.1143,medium,large,4
Appartements,2,1,65.0,90.0,Tunis,L'aouina,1.38,1.959,very_low,medium,3
Appartements,2,1,70.0,1200.0,Tunis,Tunis,17.14,3.0795,medium,medium,4
Maisons et Villas,2,1,90.0,600.0,Tunis,Sidi Daoud,6.67,2.7789,low,medium,0
Appartements,3,1,120.0,1500.0,Tunis,Tunis,12.5,3.1764,medium,large,4
Appartements,2,1,90.0,450.0,Tunis,El Omrane supérieur,5.0,2.6542,low,medium,3
Appartements,3,1,107.0,1250.0,Tunis,Tunis,11.68,3.0973,medium,large,4
"Magasins, Commerces et Locaux industriels",1,1,160.0,500.0,Tunis,Autres villes,3.12,2.6998,low,large,0
Appartements,2,1,60.0,330.0,Tunis,Centre Ville - Lafayette,5.5,2.5198,low,medium,3
Appartements,3,1,110.0,700.0,Tunis,Centre Ville - Lafayette,6.36,2.8457,low,large,3
Appartements,2,1,75.0,80.0,Tunis,Centre Ville - Lafayette,1.07,1.9085,very_low,medium,3
Appartements,1,1,68.0,120.0,Tunis,Le Kram,1.76,2.0828,very_low,medium,3
Appartements,2,1,85.0,70.0,Tunis,Autres villes,0.82,1.8513,very_low,medium,3
Maisons et Villas,1,1,80.0,60.0,Tunis,Autres villes,0.75,1.7853,very_low,medium,0
Appartements,1,1,80.0,1250.0,Tunis,La Marsa,15.62,3.0973,medium,medium,4
Maisons et Villas,1,1,900.0,60.0,Tunis,Autres villes,0.07,1.7853,very_low,extra_large,0
Bureaux et Plateaux,1,0,70.0,600.0,Tunis,Le Bardo,8.57,2.7789,low,medium,3
Appartements,1,1,20.0,350.0,Tunis,Autres villes,17.5,2.5453,low,small,3
Maisons et Villas,3,1,470.0,2500.0,Tunis,La Marsa,5.32,3.3981,high,extra_large,0
Appartements,3,1,100.0,850.0,Tunis,Menzah,8.5,2.9299,medium,medium,4
"Magasins, Commerces et Locaux industriels",2,0,80.0,1200.0,Tunis,Centre Ville - Lafayette,15.0,3.0795,medium,medium,0
Appartements,2,1,80.0,60.0,Tunis,Centre Ville - Lafayette,0.75,1.7853,very_low,medium,3
Maisons et Villas,3,2,170.0,1000.0,Tunis,Le Bardo,5.88,3.0004,medium,large,0
Appartements,2,1,70.0,700.0,Tunis,Tunis,10.0,2.8457,low,medium,3
Locations de vacances,2,1,80.0,50.0,Tunis,Le Kram,0.62,1.7076,very_low,medium,3
Bureaux et Plateaux,3,1,90.0,3000.0,Tunis,Tunis,33.33,3.4773,high,medium,4
Appartements,2,1,120.0,1400.0,Tunis,La Marsa,11.67,3.1464,medium,large,4
Maisons et Villas,3,1,80.0,500.0,Tunis,La Marsa,6.25,2.6998,low,medium,0
Appartements,1,1,93.0,70.0,Tunis,L'aouina,0.75,1.8513,very_low,medium,3
Appartements,2,1,100.0,850.0,Tunis,La Marsa,8.5,2.9299,medium,medium,4
Appartements,2,1,90.0,700.0,Tunis,Centre Ville - Lafayette,7.78,2.8457,low,medium,3
Appartements,4,2,220.0,2000.0,Tunis,La Marsa,9.09,3.3012,high,extra_large,4
Appartements,1,1,80.0,1100.0,Tunis,Menzah,13.75,3.0418,medium,medium,4
Appartements,1,1,80.0,850.0,Tunis,L'aouina,10.62,2.9299,medium,medium,4
Maisons et Villas,3,2,230.0,800.0,Tunis,L'aouina,3.48,2.9036,medium,extra_large,0
Appartements,2,2,100.0,80.0,Tunis,Le Bardo,0.8,1.9085,very_low,medium,3
Appartements,2,1,80.0,1100.0,Tunis,Tunis,13.75,3.0418,medium,medium,4
Maisons et Villas,6,2,380.0,2700.0,Tunis,Menzah,7.11,3.4315,high,extra_large,0
Maisons et Villas,1,1,120.0,80.0,Tunis,Autres villes,0.67,1.9085,very_low,large,0
Maisons et Villas,3,1,110.0,550.0,Tunis,La Marsa,5.0,2.7412,low,large,0
Appartements,1,1,130.0,80.0,Tunis,Autres villes,0.62,1.9085,very_low,large,3
Bureaux et Plateaux,5,4,200.0,3000.0,Tunis,Tunis,15.0,3.4773,high,large,4
Appartements,3,2,170.0,2500.0,Tunis,La Marsa,14.71,3.3981,high,large,4
Appartements,2,1,120.0,2000.0,Tunis,La Marsa,16.67,3.3012,high,large,4
Appartements,1,1,60.0,730.0,Tunis,L'aouina,12.17,2.8639,medium,medium,4
Appartements,2,1,170.0,2000.0,Tunis,La Marsa,11.76,3.3012,high,large,4
Locations de vacances,1,1,50.0,100.0,Tunis,La Marsa,2.0,2.0043,very_low,small,3
Appartements,2,1,120.0,1800.0,Tunis,La Marsa,15.0,3.2555,high,large,4
Locations de vacances,1,1,62.0,70.0,Tunis,L'aouina,1.13,1.8513,very_low,medium,3
Appartements,1,1,60.0,1100.0,Tunis,Menzah,18.33,3.0418,medium,medium,4
Appartements,4,1,140.0,950.0,Tunis,Centre Ville - Lafayette,6.79,2.9782,medium,large,4
Appartements,1,1,130.0,80.0,Tunis,Autres villes,0.62,1.9085,very_low,large,3
Appartements,2,1,100.0,1200.0,Tunis,La Marsa,12.0,3.0795,medium,medium,4
Locations de vacances,1,1,100.0,100.0,Tunis,La Marsa,1.0,2.0043,very_low,medium,3
Appartements,2,2,140.0,1700.0,Tunis,La Marsa,12.14,3.2307,high,large,4
"Magasins, Commerces et Locaux industriels",1,1,60.0,2500.0,Tunis,La Marsa,41.67,3.3981,high,medium,0
Appartements,3,2,140.0,1200.0,Tunis,Menzah,8.57,3.0795,medium,large,4
Appartements,1,1,70.0,2000.0,Tunis,L'aouina,28.57,3.3012,high,medium,4
Appartements,1,1,70.0,1100.0,Tunis,La Marsa,15.71,3.0418,medium,medium,4
Appartements,1,1,65.0,1500.0,Tunis,La Marsa,23.08,3.1764,medium,medium,4
Appartements,2,1,100.0,2800.0,Tunis,Autres villes,28.0,3.4473,high,medium,4
Appartements,2,1,70.0,880.0,Tunis,Carthage,12.57,2.945,medium,medium,4
Maisons et Villas,2,1,150.0,700.0,Tunis,El Ouardia,4.67,2.8457,low,large,0
"Magasins, Commerces et Locaux industriels",1,1,48.0,1800.0,Tunis,Centre Ville - Lafayette,37.5,3.2555,high,small,0
Appartements,1,1,100.0,1500.0,Tunis,Autres villes,15.0,3.1764,medium,medium,4
Appartements,3,1,96.0,500.0,Tunis,Autres villes,5.21,2.6998,low,medium,3
Appartements,2,1,50.0,600.0,Tunis,Centre Ville - Lafayette,12.0,2.7789,low,small,3
Appartements,2,1,70.0,450.0,Tunis,La Marsa,6.43,2.6542,low,medium,3
Appartements,2,1,80.0,650.0,Tunis,L'aouina,8.12,2.8136,low,medium,3
Maisons et Villas,4,1,144.0,320.0,Tunis,Sidi Hassine,2.22,2.5065,low,large,0
Locations de vacances,1,1,70.0,80.0,Tunis,Menzah,1.14,1.9085,very_low,medium,3
Appartements,3,2,140.0,850.0,Tunis,L'aouina,6.07,2.9299,medium,large,4
Appartements,2,1,50.0,500.0,Tunis,Autres villes,10.0,2.6998,low,small,3
Appartements,2,1,45.0,490.0,Tunis,Centre Ville - Lafayette,10.89,2.6911,low,small,3
Appartements,1,1,25.0,350.0,Tunis,Centre Ville - Lafayette,14.0,2.5453,low,small,3
Maisons et Villas,4,1,100.0,500.0,Tunis,Autres villes,5.0,2.6998,low,medium,0
Maisons et Villas,3,1,125.0,700.0,Tunis,L'aouina,5.6,2.8457,low,large,0
Appartements,3,1,80.0,630.0,Tunis,El Ouardia,7.88,2.8,low,medium,3
Appartements,1,1,40.0,650.0,Tunis,Centre Ville - Lafayette,16.25,2.8136,low,small,3
Appartements,4,1,130.0,1000.0,Tunis,Autres villes,7.69,3.0004,medium,large,4
Maisons et Villas,6,3,500.0,2900.0,Tunis,Menzah,5.8,3.4625,high,extra_large,0
Bureaux et Plateaux,3,1,84.0,1650.0,Tunis,Centre Urbain Nord,19.64,3.2177,high,medium,4
Bureaux et Plateaux,3,1,109.0,2100.0,Tunis,Centre Urbain Nord,19.27,3.3224,high,large,4
Maisons et Villas,2,1,75.0,320.0,Tunis,Autres villes,4.27,2.5065,low,medium,0
Appartements,1,1,80.0,80.0,Tunis,L'aouina,1.0,1.9085,very_low,medium,3
Bureaux et Plateaux,2,1,88.0,2500.0,Tunis,La Marsa,28.41,3.3981,high,medium,4
Bureaux et Plateaux,3,2,112.0,3000.0,Tunis,La Marsa,26.79,3.4773,high,large,4
Appartements,3,1,150.0,1200.0,Tunis,La Marsa,8.0,3.0795,medium,large,4
Appartements,2,1,100.0,850.0,Tunis,Menzah,8.5,2.9299,medium,medium,4
Bureaux et Plateaux,4,2,118.0,2500.0,Tunis,La Marsa,21.19,3.3981,high,large,4
"Magasins, Commerces et Locaux industriels",1,1,30.0,800.0,Tunis,Cité El Khadra,26.67,2.9036,medium,small,0
Bureaux et Plateaux,3,1,120.0,1500.0,Tunis,Menzah,12.5,3.1764,medium,large,4
Appartements,3,3,200.0,1700.0,Tunis,L'aouina,8.5,3.2307,high,large,4
"Magasins, Commerces et Locaux industriels",1,1,20.0,1200.0,Tunis,L'aouina,60.0,3.0795,medium,small,0
Appartements,2,1,100.0,3000.0,Tunis,Carthage,30.0,3.4773,high,medium,4
Maisons et Villas,2,1,100.0,400.0,Tunis,El Omrane,4.0,2.6031,low,medium,0
Appartements,1,1,70.0,600.0,Tunis,Cité El Khadra,8.57,2.7789,low,medium,3
Appartements,1,1,70.0,90.0,Tunis,L'aouina,1.29,1.959,very_low,medium,3
Appartements,3,3,400.0,4000.0,Tunis,La Goulette,10.0,3.6022,high,extra_large,4
Bureaux et Plateaux,1,1,70.0,700.0,Tunis,Le Kram,10.0,2.8457,low,medium,3
Bureaux et Plateaux,6,3,340.0,4000.0,Tunis,Le Kram,11.76,3.6022,high,extra_large,4
Bureaux et Plateaux,3,1,80.0,1000.0,Tunis,Autres villes,12.5,3.0004,medium,medium,4
Appartements,2,1,200.0,70.0,Tunis,Autres villes,0.35,1.8513,very_low,large,3
"Magasins, Commerces et Locaux industriels",1,1,50.0,2500.0,Tunis,Centre Ville - Lafayette,50.0,3.3981,high,small,0
Bureaux et Plateaux,4,1,160.0,1700.0,Tunis,Centre Urbain Nord,10.62,3.2307,high,large,4
"Magasins, Commerces et Locaux industriels",2,1,180.0,3000.0,Tunis,L'aouina,16.67,3.4773,high,large,0
Maisons et Villas,4,2,200.0,1350.0,Tunis,Menzah,6.75,3.1307,medium,large,0
Appartements,3,2,130.0,1500.0,Tunis,L'aouina,11.54,3.1764,medium,large,4
Maisons et Villas,5,2,200.0,1650.0,Tunis,La Marsa,8.25,3.2177,high,large,0
Appartements,1,1,60.0,800.0,Tunis,Centre Urbain Nord,13.33,2.9036,medium,medium,4
Appartements,1,1,75.0,1100.0,Tunis,La Marsa,14.67,3.0418,medium,medium,4
Appartements,3,1,130.0,1600.0,Tunis,Manar,12.31,3.2044,high,large,4
Appartements,2,1,140.0,2200.0,Tunis,La Marsa,15.71,3.3426,high,large,4
Bureaux et Plateaux,4,1,170.0,900.0,Tunis,Autres villes,5.29,2.9547,medium,large,4
Appartements,1,1,60.0,550.0,Tunis,Le Bardo,9.17,2.7412,low,medium,3
Locations de vacances,2,1,60.0,150.0,Tunis,La Marsa,2.5,2.179,very_low,medium,3
Appartements,3,1,120.0,900.0,Tunis,Menzah,7.5,2.9547,medium,large,4
Appartements,2,1,140.0,1400.0,Tunis,La Marsa,10.0,3.1464,medium,large,4
Appartements,2,2,140.0,3800.0,Tunis,Carthage,27.14,3.5799,high,large,4
Appartements,3,3,165.0,2200.0,Tunis,La Marsa,13.33,3.3426,high,large,4
Appartements,2,1,100.0,1200.0,Tunis,La Marsa,12.0,3.0795,medium,medium,4
Maisons et Villas,5,2,120.0,1750.0,Tunis,La Marsa,14.58,3.2433,high,large,0
"Magasins, Commerces et Locaux industriels",1,1,40.0,850.0,Tunis,Autres villes,21.25,2.9299,medium,small,0
Bureaux et Plateaux,4,1,95.0,1200.0,Tunis,Centre Ville - Lafayette,12.63,3.0795,medium,medium,4
Appartements,3,1,120.0,1600.0,Tunis,La Marsa,13.33,3.2044,high,large,4
Bureaux et Plateaux,2,1,50.0,650.0,Tunis,Centre Ville - Lafayette,13.0,2.8136,low,small,3
Maisons et Villas,3,2,325.0,3000.0,Tunis,La Marsa,9.23,3.4773,high,extra_large,0
Appartements,1,1,60.0,2000.0,Tunis,La Marsa,33.33,3.3012,high,medium,4
Bureaux et Plateaux,1,1,35.0,450.0,Tunis,Centre Ville - Lafayette,12.86,2.6542,low,small,3
Maisons et Villas,4,2,185.0,2200.0,Tunis,La Marsa,11.89,3.3426,high,large,0
Bureaux et Plateaux,3,1,65.0,600.0,Tunis,Centre Ville - Lafayette,9.23,2.7789,low,medium,3
Appartements,2,1,90.0,1800.0,Tunis,L'aouina,20.0,3.2555,high,medium,4
"Magasins, Commerces et Locaux industriels",1,1,38.0,850.0,Tunis,Centre Ville - Lafayette,22.37,2.9299,medium,small,0
Locations de vacances,1,1,55.0,90.0,Tunis,L'aouina,1.64,1.959,very_low,medium,3
Maisons et Villas,2,2,180.0,1500.0,Tunis,La Marsa,8.33,3.1764,medium,large,0
Appartements,2,3,153.0,1500.0,Tunis,L'aouina,9.8,3.1764,medium,large,4
Maisons et Villas,4,2,220.0,2000.0,Tunis,La Marsa,9.09,3.3012,high,extra_large,0
Maisons et Villas,3,1,150.0,700.0,Tunis,Le Bardo,4.67,2.8457,low,large,0
"Magasins, Commerces et Locaux industriels",1,1,180.0,900.0,Tunis,L'aouina,5.0,2.9547,medium,large,0
Appartements,4,1,150.0,700.0,Tunis,Autres villes,4.67,2.8457,low,large,3
Locations de vacances,2,1,60.0,70.0,Tunis,Autres villes,1.17,1.8513,very_low,medium,3
Maisons et Villas,5,3,500.0,2000.0,Tunis,Menzah,4.0,3.3012,high,extra_large,0
Appartements,3,1,165.0,600.0,Tunis,Cité El Khadra,3.64,2.7789,low,large,3
Appartements,2,1,100.0,900.0,Tunis,Menzah,9.0,2.9547,medium,medium,4
Locations de vacances,2,1,60.0,150.0,Tunis,La Marsa,2.5,2.179,very_low,medium,3
Appartements,2,1,145.0,1500.0,Tunis,Tunis,10.34,3.1764,medium,large,4
Bureaux et Plateaux,1,2,80.0,2800.0,Tunis,Sidi Daoud,35.0,3.4473,high,medium,4
Appartements,1,1,50.0,50.0,Tunis,Autres villes,1.0,1.7076,very_low,small,3
Appartements,2,1,90.0,70.0,Tunis,Autres villes,0.78,1.8513,very_low,medium,3
Appartements,2,1,130.0,700.0,Tunis,Menzah,5.38,2.8457,low,large,3
Maisons et Villas,3,1,100.0,570.0,Tunis,Agba,5.7,2.7566,low,medium,0
Appartements,2,2,100.0,900.0,Tunis,Menzah,9.0,2.9547,medium,medium,4
Maisons et Villas,3,1,235.0,2000.0,Tunis,Mutuelleville,8.51,3.3012,high,extra_large,0
Maisons et Villas,2,1,90.0,650.0,Tunis,Centre Ville - Lafayette,7.22,2.8136,low,medium,0
"Magasins, Commerces et Locaux industriels",1,1,32.0,1700.0,Tunis,Tunis,53.12,3.2307,high,small,0
"Magasins, Commerces et Locaux industriels",2,2,100.0,4000.0,Tunis,Tunis,40.0,3.6022,high,medium,0
Locations de vacances,1,1,60.0,45.0,Tunis,Autres villes,0.75,1.6628,very_low,medium,3
Appartements,2,1,78.0,70.0,Tunis,Tunis,0.9,1.8513,very_low,medium,3
Appartements,2,1,70.0,250.0,Tunis,La Marsa,3.57,2.3997,very_low,medium,3
Appartements,2,1,70.0,600.0,Tunis,L'aouina,8.57,2.7789,low,medium,3
Appartements,2,1,80.0,850.0,Tunis,Menzah,10.62,2.9299,medium,medium,4
Appartements,1,1,50.0,300.0,Tunis,Autres villes,6.0,2.4786,very_low,small,3
Colocations,3,1,90.0,125.0,Tunis,Autres villes,1.39,2.1004,very_low,medium,3
Maisons et Villas,2,2,150.0,800.0,Tunis,Ettahrir,5.33,2.9036,medium,large,0
Appartements,2,1,70.0,450.0,Tunis,Autres villes,6.43,2.6542,low,medium,3
"Magasins, Commerces et Locaux industriels",2,1,80.0,1100.0,Tunis,Menzah,13.75,3.0418,medium,medium,0
Maisons et Villas,3,1,150.0,150.0,Tunis,L'aouina,1.0,2.179,very_low,large,0
"Magasins, Commerces et Locaux industriels",1,1,35.0,400.0,Tunis,Autres villes,11.43,2.6031,low,small,0
"Magasins, Commerces et Locaux industriels",1,1,40.0,2500.0,Tunis,Autres villes,62.5,3.3981,high,small,0
Maisons et Villas,4,3,600.0,3000.0,Tunis,Autres villes,5.0,3.4773,high,extra_large,0
Appartements,1,1,60.0,400.0,Tunis,Autres villes,6.67,2.6031,low,medium,3
Maisons et Villas,1,1,100.0,130.0,Tunis,Cité El Khadra,1.3,2.1173,very_low,medium,0
Bureaux et Plateaux,3,1,75.0,1200.0,Tunis,Menzah,16.0,3.0795,medium,medium,4
Appartements,2,1,100.0,700.0,Tunis,L'aouina,7.0,2.8457,low,medium,3
Appartements,3,2,190.0,3000.0,Tunis,La Marsa,15.79,3.4773,high,large,4
Maisons et Villas,1,1,100.0,130.0,Tunis,Cité El Khadra,1.3,2.1173,very_low,medium,0
Appartements,3,1,65.0,420.0,Tunis,Autres villes,6.46,2.6243,low,medium,3
Appartements,2,1,115.0,1000.0,Tunis,Menzah,8.7,3.0004,medium,large,4
Appartements,3,1,100.0,400.0,Tunis,Autres villes,4.0,2.6031,low,medium,3
Appartements,2,1,82.0,900.0,Tunis,Menzah,10.98,2.9547,medium,medium,4
Appartements,2,2,138.0,3000.0,Tunis,Le Kram,21.74,3.4773,high,large,4
Appartements,2,1,70.0,2000.0,Tunis,La Marsa,28.57,3.3012,high,medium,4
Bureaux et Plateaux,3,2,120.0,3200.0,Tunis,La Marsa,26.67,3.5053,high,large,4
Appartements,1,1,60.0,1700.0,Tunis,Carthage,28.33,3.2307,high,medium,4
Bureaux et Plateaux,4,2,120.0,1800.0,Tunis,La Marsa,15.0,3.2555,high,large,4
Appartements,2,1,90.0,1800.0,Tunis,L'aouina,20.0,3.2555,high,medium,4
Appartements,3,3,100.0,1400.0,Tunis,La Marsa,14.0,3.1464,medium,medium,4
Appartements,1,1,50.0,350.0,Tunis,Le Bardo,7.0,2.5453,low,small,3
Appartements,4,3,237.0,3800.0,Tunis,La Marsa,16.03,3.5799,high,extra_large,4
Maisons et Villas,3,2,140.0,650.0,Tunis,La Marsa,4.64,2.8136,low,large,0
Locations de vacances,2,1,55.0,130.0,Tunis,L'aouina,2.36,2.1173,very_low,medium,3
Bureaux et Plateaux,3,1,125.0,1700.0,Tunis,La Marsa,13.6,3.2307,high,large,4
Bureaux et Plateaux,4,2,160.0,2500.0,Tunis,La Marsa,15.62,3.3981,high,large,4
Bureaux et Plateaux,3,1,120.0,1500.0,Tunis,Carthage,12.5,3.1764,medium,large,4
Bureaux et Plateaux,4,1,150.0,1800.0,Tunis,Tunis,12.0,3.2555,high,large,4
Appartements,2,2,140.0,2000.0,Tunis,La Marsa,14.29,3.3012,high,large,4
"Magasins, Commerces et Locaux industriels",3,1,580.0,3600.0,Tunis,Centre Ville - Lafayette,6.21,3.5564,high,extra_large,0
Maisons et Villas,4,2,150.0,3500.0,Tunis,Sidi Bou Said,23.33,3.5442,high,large,0
Appartements,3,1,158.0,2500.0,Tunis,Sidi Daoud,15.82,3.3981,high,large,4
Appartements,2,1,100.0,350.0,Tunis,Autres villes,3.5,2.5453,low,medium,3
Appartements,1,1,60.0,450.0,Tunis,Tunis,7.5,2.6542,low,medium,3
Appartements,3,1,90.0,600.0,Tunis,Autres villes,6.67,2.7789,low,medium,3
Maisons et Villas,4,2,250.0,1600.0,Tunis,Autres villes,6.4,3.2044,high,extra_large,0
Appartements,1,1,73.0,160.0,Tunis,Le Kram,2.19,2.2068,very_low,medium,3
Locations de vacances,3,2,125.0,90.0,Tunis,L'aouina,0.72,1.959,very_low,large,3
Appartements,1,1,76.0,1000.0,Tunis,Carthage,13.16,3.0004,medium,medium,4
"Magasins, Commerces et Locaux industriels",1,1,35.0,1200.0,Tunis,L'aouina,34.29,3.0795,medium,small,0
Appartements,2,1,90.0,1800.0,Tunis,L'aouina,20.0,3.2555,high,medium,4
Maisons et Villas,4,1,400.0,600.0,Tunis,Sidi Hassine,1.5,2.7789,low,extra_large,0
"Magasins, Commerces et Locaux industriels",1,1,160.0,1200.0,Tunis,L'aouina,7.5,3.0795,medium,large,0
Bureaux et Plateaux,2,1,70.0,720.0,Tunis,Centre Ville - Lafayette,10.29,2.8579,medium,medium,4
Appartements,2,1,100.0,900.0,Tunis,Menzah,9.0,2.9547,medium,medium,4
Appartements,1,1,75.0,875.0,Tunis,Menzah,11.67,2.9425,medium,medium,4
"Magasins, Commerces et Locaux industriels",1,1,63.0,3500.0,Tunis,La Marsa,55.56,3.5442,high,medium,0
"Magasins, Commerces et Locaux industriels",1,1,40.0,800.0,Tunis,La Marsa,20.0,2.9036,medium,small,0
Appartements,4,1,200.0,2900.0,Tunis,La Marsa,14.5,3.4625,high,large,4
Appartements,2,1,65.0,430.0,Tunis,Autres villes,6.62,2.6345,low,medium,3
Maisons et Villas,4,3,380.0,4000.0,Tunis,Tunis,10.53,3.6022,high,extra_large,0
Appartements,1,1,48.0,800.0,Tunis,Manar,16.67,2.9036,medium,small,4
Appartements,2,1,120.0,2500.0,Tunis,Tunis,20.83,3.3981,high,large,4
Appartements,2,1,80.0,550.0,Tunis,Carthage,6.88,2.7412,low,medium,3
Appartements,2,1,70.0,550.0,Tunis,Tunis,7.86,2.7412,low,medium,3
Appartements,2,1,70.0,110.0,Tunis,Centre Urbain Nord,1.57,2.0453,very_low,medium,3
Appartements,2,1,70.0,200.0,Tunis,Manar,2.86,2.3032,very_low,medium,3
Appartements,1,1,20.0,220.0,Tunis,Tunis,11.0,2.3444,very_low,small,3
Bureaux et Plateaux,4,2,120.0,1700.0,Tunis,Mutuelleville,14.17,3.2307,high,large,4
Bureaux et Plateaux,5,2,190.0,3000.0,Tunis,Tunis,15.79,3.4773,high,large,4
Appartements,2,1,83.0,1600.0,Tunis,Centre Urbain Nord,19.28,3.2044,high,medium,4
Maisons et Villas,3,2,150.0,380.0,Tunis,Ezzouhour,2.53,2.5809,low,large,0
Appartements,2,1,65.0,400.0,Tunis,Ezzouhour,6.15,2.6031,low,medium,3
Appartements,3,1,80.0,550.0,Tunis,Le Bardo,6.88,2.7412,low,medium,3
Bureaux et Plateaux,4,1,110.0,1800.0,Tunis,Sidi Bou Said,16.36,3.2555,high,large,4
Maisons et Villas,3,1,140.0,360.0,Tunis,Autres villes,2.57,2.5575,low,large,0
Appartements,3,1,104.0,700.0,Tunis,Autres villes,6.73,2.8457,low,large,3
Appartements,2,1,160.0,700.0,Tunis,Autres villes,4.38,2.8457,low,large,3
"Magasins, Commerces et Locaux industriels",1,1,1000.0,3000.0,Tunis,Autres villes,3.0,3.4773,high,extra_large,0
Appartements,3,1,70.0,725.0,Tunis,Manar,10.36,2.8609,medium,medium,4
Appartements,4,1,96.0,500.0,Tunis,El Omrane supérieur,5.21,2.6998,low,medium,3
Maisons et Villas,3,1,250.0,500.0,Tunis,Autres villes,2.0,2.6998,low,extra_large,0
Appartements,3,1,100.0,400.0,Tunis,Autres villes,4.0,2.6031,low,medium,3
Appartements,1,1,30.0,250.0,Tunis,La Marsa,8.33,2.3997,very_low,small,3
"Magasins, Commerces et Locaux industriels",1,1,130.0,600.0,Tunis,Autres villes,4.62,2.7789,low,large,0
Appartements,1,1,70.0,1200.0,Tunis,Autres villes,17.14,3.0795,medium,medium,4
Bureaux et Plateaux,4,1,250.0,500.0,Tunis,Agba,2.0,2.6998,low,extra_large,4
Maisons et Villas,3,3,220.0,650.0,Tunis,Ezzouhour,2.95,2.8136,low,extra_large,0
Bureaux et Plateaux,4,1,80.0,1000.0,Tunis,Menzah,12.5,3.0004,medium,medium,4
Appartements,3,1,99.0,1000.0,Tunis,Cité El Khadra,10.1,3.0004,medium,medium,4
Colocations,2,2,110.0,420.0,Tunis,Autres villes,3.82,2.6243,low,large,3
Appartements,2,1,90.0,750.0,Tunis,Centre Ville - Lafayette,8.33,2.8756,medium,medium,4
Maisons et Villas,3,2,350.0,900.0,Tunis,La Marsa,2.57,2.9547,medium,extra_large,0
Maisons et Villas,4,2,200.0,1250.0,Tunis,L'aouina,6.25,3.0973,medium,large,0
Maisons et Villas,3,1,150.0,1500.0,Tunis,L'aouina,10.0,3.1764,medium,large,0
Maisons et Villas,4,1,170.0,900.0,Tunis,Menzah,5.29,2.9547,medium,large,0
Appartements,2,1,70.0,320.0,Tunis,Sidi El Béchir,4.57,2.5065,low,medium,3
Appartements,2,1,20.0,320.0,Tunis,Le Bardo,16.0,2.5065,low,small,3
Bureaux et Plateaux,2,1,56.0,1200.0,Tunis,Centre Urbain Nord,21.43,3.0795,medium,medium,4
Appartements,2,1,100.0,1500.0,Tunis,La Marsa,15.0,3.1764,medium,medium,4
Bureaux et Plateaux,3,1,70.0,1500.0,Tunis,Centre Urbain Nord,21.43,3.1764,medium,medium,4
Bureaux et Plateaux,2,1,56.0,1200.0,Tunis,Centre Urbain Nord,21.43,3.0795,medium,medium,4
Bureaux et Plateaux,2,1,60.0,550.0,Tunis,Centre Ville - Lafayette,9.17,2.7412,low,medium,3
Bureaux et Plateaux,5,1,150.0,1500.0,Tunis,Autres villes,10.0,3.1764,medium,large,4
Bureaux et Plateaux,2,1,80.0,700.0,Tunis,Le Bardo,8.75,2.8457,low,medium,3
Bureaux et Plateaux,4,1,150.0,2400.0,Tunis,La Marsa,16.0,3.3804,high,large,4
Appartements,1,1,75.0,570.0,Tunis,Le Bardo,7.6,2.7566,low,medium,3
Appartements,1,1,70.0,850.0,Tunis,Sidi Daoud,12.14,2.9299,medium,medium,4
Appartements,3,1,100.0,1900.0,Tunis,Sidi Bou Said,19.0,3.279,high,medium,4
Appartements,1,1,50.0,550.0,Tunis,La Marsa,11.0,2.7412,low,small,3
"Magasins, Commerces et Locaux industriels",1,1,120.0,1800.0,Tunis,Tunis,15.0,3.2555,high,large,0
Appartements,3,2,150.0,2500.0,Tunis,La Marsa,16.67,3.3981,high,large,4
Bureaux et Plateaux,1,1,115.0,2700.0,Tunis,La Marsa,23.48,3.4315,high,large,4
Maisons et Villas,4,2,285.0,1450.0,Tunis,Manar,5.09,3.1617,medium,extra_large,0
Maisons et Villas,3,1,150.0,400.0,Tunis,L'aouina,2.67,2.6031,low,large,0
Maisons et Villas,4,2,190.0,2200.0,Tunis,La Marsa,11.58,3.3426,high,large,0
Appartements,1,1,70.0,2500.0,Tunis,L'aouina,35.71,3.3981,high,medium,4
Appartements,1,1,50.0,350.0,Tunis,Le Bardo,7.0,2.5453,low,small,3
Appartements,2,1,100.0,110.0,Tunis,L'aouina,1.1,2.0453,very_low,medium,3
Appartements,2,1,65.0,430.0,Tunis,Autres villes,6.62,2.6345,low,medium,3
"Magasins, Commerces et Locaux industriels",1,1,60.0,2500.0,Tunis,Menzah,41.67,3.3981,high,medium,0
Appartements,2,2,150.0,1700.0,Tunis,L'aouina,11.33,3.2307,high,large,4
Appartements,3,3,151.0,2200.0,Tunis,La Marsa,14.57,3.3426,high,large,4
Appartements,3,3,150.0,1700.0,Tunis,Le Kram,11.33,3.2307,high,large,4
Appartements,3,2,140.0,1200.0,Tunis,La Marsa,8.57,3.0795,medium,large,4
Colocations,3,2,100.0,150.0,Tunis,El Omrane supérieur,1.5,2.179,very_low,medium,3
Bureaux et Plateaux,1,1,30.0,780.0,Tunis,Cité Olympique,26.0,2.8927,medium,small,4
Maisons et Villas,3,2,350.0,3500.0,Tunis,La Marsa,10.0,3.5442,high,extra_large,0
Appartements,2,1,90.0,750.0,Tunis,La Marsa,8.33,2.8756,medium,medium,4
"Magasins, Commerces et Locaux industriels",1,1,25.0,400.0,Tunis,Autres villes,16.0,2.6031,low,small,0
Appartements,1,1,65.0,100.0,Tunis,Centre Urbain Nord,1.54,2.0043,very_low,medium,3
Appartements,3,2,120.0,110.0,Tunis,L'aouina,0.92,2.0453,very_low,large,3
Appartements,2,1,120.0,900.0,Tunis,Autres villes,7.5,2.9547,medium,large,4
Appartements,1,1,55.0,500.0,Tunis,Menzah,9.09,2.6998,low,medium,3
Bureaux et Plateaux,4,1,200.0,1800.0,Tunis,Manar,9.0,3.2555,high,large,4
Appartements,1,1,85.0,1100.0,Tunis,Le Kram,12.94,3.0418,medium,medium,4
Appartements,2,1,150.0,1000.0,Tunis,Tunis,6.67,3.0004,medium,large,4
Colocations,3,1,120.0,220.0,Tunis,Centre Ville - Lafayette,1.83,2.3444,very_low,large,3
Appartements,2,2,132.0,500.0,Tunis,Centre Urbain Nord,3.79,2.6998,low,large,3
Appartements,1,1,120.0,2000.0,Tunis,La Marsa,16.67,3.3012,high,large,4
Appartements,2,1,132.0,130.0,Tunis,Autres villes,0.98,2.1173,very_low,large,3
Maisons et Villas,2,1,150.0,450.0,Tunis,L'aouina,3.0,2.6542,low,large,0
Appartements,1,1,73.0,825.0,Tunis,Menzah,11.3,2.917,medium,medium,4
Appartements,2,1,75.0,850.0,Tunis,Menzah,11.33,2.9299,medium,medium,4
Appartements,2,1,70.0,1500.0,Tunis,L'aouina,21.43,3.1764,medium,medium,4
Appartements,1,1,50.0,450.0,Tunis,Tunis,9.0,2.6542,low,small,3
Bureaux et Plateaux,3,1,100.0,600.0,Tunis,Le Bardo,6.0,2.7789,low,medium,3
Bureaux et Plateaux,2,1,90.0,1500.0,Tunis,La Marsa,16.67,3.1764,medium,medium,4
Maisons et Villas,2,1,120.0,2700.0,Tunis,Sidi Daoud,22.5,3.4315,high,large,0
Appartements,3,2,170.0,1500.0,Tunis,La Marsa,8.82,3.1764,medium,large,4
Maisons et Villas,3,1,200.0,1200.0,Tunis,Menzah,6.0,3.0795,medium,large,0
Appartements,2,2,170.0,2000.0,Tunis,La Marsa,11.76,3.3012,high,large,4
Appartements,3,1,94.0,540.0,Tunis,Tunis,5.74,2.7332,low,medium,3
Appartements,2,1,120.0,2000.0,Tunis,La Marsa,16.67,3.3012,high,large,4
Maisons et Villas,3,2,155.0,2800.0,Tunis,La Marsa,18.06,3.4473,high,large,0
Appartements,2,1,90.0,650.0,Tunis,Centre Ville - Lafayette,7.22,2.8136,low,medium,3
Appartements,3,1,100.0,800.0,Tunis,Menzah,8.0,2.9036,medium,medium,4
Appartements,1,1,70.0,1700.0,Tunis,La Marsa,24.29,3.2307,high,medium,4
Appartements,2,2,120.0,1800.0,Tunis,La Marsa,15.0,3.2555,high,large,4
Bureaux et Plateaux,2,2,87.0,2800.0,Tunis,L'aouina,32.18,3.4473,high,medium,4
Appartements,3,1,70.0,890.0,Tunis,Menzah,12.71,2.9499,medium,medium,4
Appartements,1,1,73.0,160.0,Tunis,Le Kram,2.19,2.2068,very_low,medium,3
Appartements,3,1,140.0,980.0,Tunis,Manar,7.0,2.9917,medium,large,4
Maisons et Villas,3,3,600.0,4000.0,Tunis,La Marsa,6.67,3.6022,high,extra_large,0
Appartements,3,2,170.0,1450.0,Tunis,La Marsa,8.53,3.1617,medium,large,4
Appartements,1,1,55.0,900.0,Tunis,Le Kram,16.36,2.9547,medium,medium,4
Appartements,3,2,280.0,2700.0,Tunis,La Marsa,9.64,3.4315,high,extra_large,4
Locations de vacances,2,1,80.0,50.0,Tunis,Le Kram,0.62,1.7076,very_low,medium,3
Appartements,2,1,55.0,600.0,Tunis,Centre Ville - Lafayette,10.91,2.7789,low,medium,3
Appartements,3,1,80.0,300.0,Tunis,Autres villes,3.75,2.4786,very_low,medium,3
Colocations,2,1,85.0,220.0,Tunis,Autres villes,2.59,2.3444,very_low,medium,3
Appartements,2,1,115.0,350.0,Tunis,Autres villes,3.04,2.5453,low,large,3
Maisons et Villas,3,1,120.0,160.0,Tunis,Autres villes,1.33,2.2068,very_low,large,0
Maisons et Villas,3,2,200.0,1000.0,Tunis,Menzah,5.0,3.0004,medium,large,0
Appartements,1,1,70.0,800.0,Tunis,Carthage,11.43,2.9036,medium,medium,4
Appartements,2,1,90.0,450.0,Tunis,Tunis,5.0,2.6542,low,medium,3
Maisons et Villas,3,1,170.0,500.0,Tunis,Autres villes,2.94,2.6998,low,large,0
Bureaux et Plateaux,2,1,50.0,750.0,Tunis,Centre Ville - Lafayette,15.0,2.8756,medium,small,4
Appartements,4,2,150.0,1100.0,Tunis,Le Kram,7.33,3.0418,medium,large,4
Appartements,2,1,80.0,780.0,Tunis,Autres villes,9.75,2.8927,medium,medium,4
Appartements,2,1,100.0,460.0,Tunis,El Omrane supérieur,4.6,2.6637,low,medium,3
Appartements,3,3,237.0,2500.0,Tunis,Tunis,10.55,3.3981,high,extra_large,4
Appartements,2,1,70.0,750.0,Tunis,Centre Ville - Lafayette,10.71,2.8756,medium,medium,4
Colocations,3,1,120.0,200.0,Tunis,Cité El Khadra,1.67,2.3032,very_low,large,3
Appartements,3,1,90.0,800.0,Tunis,El Omrane supérieur,8.89,2.9036,medium,medium,4
Appartements,3,1,100.0,370.0,Tunis,Tunis,3.7,2.5694,low,medium,3
Bureaux et Plateaux,5,3,220.0,2300.0,Tunis,La Marsa,10.45,3.3619,high,extra_large,4
Maisons et Villas,5,2,160.0,1600.0,Tunis,La Marsa,10.0,3.2044,high,large,0
"Magasins, Commerces et Locaux industriels",1,1,170.0,1200.0,Tunis,Autres villes,7.06,3.0795,medium,large,0
Appartements,3,1,180.0,3000.0,Tunis,Centre Urbain Nord,16.67,3.4773,high,large,4
Appartements,2,1,50.0,400.0,Tunis,Le Bardo,8.0,2.6031,low,small,3
Appartements,1,1,75.0,1100.0,Tunis,Tunis,14.67,3.0418,medium,medium,4
Maisons et Villas,4,2,180.0,1200.0,Tunis,Menzah,6.67,3.0795,medium,large,0
Appartements,1,1,70.0,70.0,Tunis,Autres villes,1.0,1.8513,very_low,medium,3
Appartements,3,1,120.0,550.0,Tunis,Cité El Khadra,4.58,2.7412,low,large,3
Appartements,3,3,162.0,1700.0,Tunis,Tunis,10.49,3.2307,high,large,4
"Magasins, Commerces et Locaux industriels",1,1,67.0,4000.0,Tunis,Tunis,59.7,3.6022,high,medium,0
Appartements,2,1,90.0,1350.0,Tunis,Carthage,15.0,3.1307,medium,medium,4
Bureaux et Plateaux,4,1,150.0,1800.0,Tunis,Centre Urbain Nord,12.0,3.2555,high,large,4
Locations de vacances,1,1,30.0,70.0,Tunis,Autres villes,2.33,1.8513,very_low,small,3
Maisons et Villas,2,1,100.0,580.0,Tunis,Autres villes,5.8,2.7642,low,medium,0
Appartements,1,1,65.0,120.0,Tunis,Le Kram,1.85,2.0828,very_low,medium,3
Bureaux et Plateaux,3,1,80.0,1150.0,Tunis,Tunis,14.38,3.0611,medium,medium,4
Appartements,1,1,70.0,1800.0,Tunis,L'aouina,25.71,3.2555,high,medium,4
Bureaux et Plateaux,6,2,200.0,3000.0,Tunis,La Marsa,15.0,3.4773,high,large,4
Maisons et Villas,3,1,150.0,650.0,Tunis,Autres villes,4.33,2.8136,low,large,0
Bureaux et Plateaux,4,1,113.0,2500.0,Tunis,La Marsa,22.12,3.3981,high,large,4
Maisons et Villas,2,1,100.0,1200.0,Tunis,La Marsa,12.0,3.0795,medium,medium,0
Maisons et Villas,3,2,150.0,1600.0,Tunis,Sidi Bou Said,10.67,3.2044,high,large,0
Bureaux et Plateaux,4,2,178.0,3800.0,Tunis,La Marsa,21.35,3.5799,high,large,4
Maisons et Villas,7,3,250.0,2500.0,Tunis,Menzah,10.0,3.3981,high,extra_large,0
Maisons et Villas,4,2,200.0,1650.0,Tunis,La Marsa,8.25,3.2177,high,large,0
Appartements,2,1,90.0,70.0,Tunis,Autres villes,0.78,1.8513,very_low,medium,3
Appartements,3,1,150.0,850.0,Tunis,Le Bardo,5.67,2.9299,medium,large,4
Appartements,1,1,30.0,200.0,Tunis,Autres villes,6.67,2.3032,very_low,small,3
Appartements,3,1,80.0,370.0,Tunis,Le Bardo,4.62,2.5694,low,medium,3
Appartements,3,2,140.0,1500.0,Tunis,La Marsa,10.71,3.1764,medium,large,4
Appartements,3,2,250.0,1600.0,Tunis,La Marsa,6.4,3.2044,high,extra_large,4
Appartements,3,3,220.0,3000.0,Tunis,Mutuelleville,13.64,3.4773,high,extra_large,4
Appartements,1,1,200.0,2000.0,Tunis,La Marsa,10.0,3.3012,high,large,4
Appartements,2,1,60.0,300.0,Tunis,Manar,5.0,2.4786,very_low,medium,3
Appartements,2,1,150.0,1500.0,Tunis,La Marsa,10.0,3.1764,medium,large,4
Maisons et Villas,4,2,400.0,3500.0,Tunis,La Marsa,8.75,3.5442,high,extra_large,0
Appartements,1,1,90.0,1100.0,Tunis,Carthage,12.22,3.0418,medium,medium,4
Appartements,2,2,130.0,1500.0,Tunis,Carthage,11.54,3.1764,medium,large,4
Colocations,2,1,80.0,120.0,Tunis,Autres villes,1.5,2.0828,very_low,medium,3
"Magasins, Commerces et Locaux industriels",1,1,30.0,280.0,Tunis,Autres villes,9.33,2.4487,very_low,small,3
Locations de vacances,2,1,25.0,90.0,Tunis,Autres villes,3.6,1.959,very_low,small,3
Appartements,1,1,50.0,850.0,Tunis,La Marsa,17.0,2.9299,medium,small,4
Maisons et Villas,2,2,200.0,170.0,Tunis,La Marsa,0.85,2.233,very_low,large,0
Appartements,3,2,140.0,2500.0,Tunis,Carthage,17.86,3.3981,high,large,4
Maisons et Villas,3,1,120.0,1200.0,Tunis,Menzah,10.0,3.0795,medium,large,0
Bureaux et Plateaux,5,1,130.0,1000.0,Tunis,Tunis,7.69,3.0004,medium,large,4
Appartements,1,1,60.0,130.0,Tunis,La Marsa,2.17,2.1173,very_low,medium,3
Appartements,2,2,150.0,1500.0,Tunis,L'aouina,10.0,3.1764,medium,large,4
Appartements,2,1,90.0,750.0,Tunis,Manar,8.33,2.8756,medium,medium,4
Colocations,4,1,40.0,190.0,Tunis,Menzah,4.75,2.281,very_low,small,3
Appartements,4,2,200.0,1500.0,Tunis,Autres villes,7.5,3.1764,medium,large,4
"Magasins, Commerces et Locaux industriels",2,2,60.0,700.0,Tunis,Autres villes,11.67,2.8457,low,medium,0
Appartements,2,1,60.0,800.0,Tunis,Autres villes,13.33,2.9036,medium,medium,4
Appartements,3,1,120.0,800.0,Tunis,Autres villes,6.67,2.9036,medium,large,4
Appartements,3,1,150.0,800.0,Tunis,Le Kram,5.33,2.9036,medium,large,4
Appartements,2,1,80.0,230.0,Tunis,El Omrane supérieur,2.88,2.3636,very_low,medium,3
Appartements,1,1,30.0,300.0,Tunis,Tunis,10.0,2.4786,very_low,small,3
Appartements,2,1,85.0,700.0,Tunis,Centre Ville - Lafayette,8.24,2.8457,low,medium,3
Appartements,3,2,120.0,1600.0,Tunis,Autres villes,13.33,3.2044,high,large,4
Bureaux et Plateaux,4,1,140.0,2000.0,Tunis,Centre Urbain Nord,14.29,3.3012,high,large,4
Appartements,2,1,100.0,330.0,Tunis,Autres villes,3.3,2.5198,low,medium,3
Appartements,1,1,55.0,90.0,Tunis,Sidi Bou Said,1.64,1.959,very_low,medium,3
Appartements,2,1,40.0,300.0,Tunis,Centre Ville - Lafayette,7.5,2.4786,very_low,small,3
Appartements,3,2,165.0,1600.0,Tunis,La Marsa,9.7,3.2044,high,large,4
Bureaux et Plateaux,1,1,57.0,1100.0,Tunis,L'aouina,19.3,3.0418,medium,medium,4
Appartements,2,1,80.0,700.0,Tunis,L'aouina,8.75,2.8457,low,medium,3
Bureaux et Plateaux,2,3,113.0,1800.0,Tunis,L'aouina,15.93,3.2555,high,large,4
Bureaux et Plateaux,5,2,234.0,3276.0,Tunis,L'aouina,14.0,3.5155,high,extra_large,4
Appartements,1,1,25.0,350.0,Tunis,Cité Olympique,14.0,2.5453,low,small,3
Appartements,1,1,73.0,940.0,Tunis,L'aouina,12.88,2.9736,medium,medium,4
Bureaux et Plateaux,3,1,120.0,1500.0,Tunis,La Marsa,12.5,3.1764,medium,large,4
Maisons et Villas,4,2,230.0,1600.0,Tunis,Manar,6.96,3.2044,high,extra_large,0
Maisons et Villas,3,2,140.0,1600.0,Tunis,Manar,11.43,3.2044,high,large,0
Bureaux et Plateaux,3,2,75.0,1300.0,Tunis,La Marsa,17.33,3.1143,medium,medium,4
Bureaux et Plateaux,1,2,200.0,2500.0,Tunis,Le Kram,12.5,3.3981,high,large,4
Bureaux et Plateaux,5,2,120.0,1500.0,Tunis,Autres villes,12.5,3.1764,medium,large,4
Bureaux et Plateaux,5,1,150.0,2170.0,Tunis,La Marsa,14.47,3.3367,high,large,4
Bureaux et Plateaux,4,1,100.0,1400.0,Tunis,La Marsa,14.0,3.1464,medium,medium,4
Colocations,3,1,40.0,190.0,Tunis,Menzah,4.75,2.281,very_low,small,3
Bureaux et Plateaux,1,1,115.0,2700.0,Tunis,La Marsa,23.48,3.4315,high,large,4
Bureaux et Plateaux,4,1,116.0,2750.0,Tunis,La Marsa,23.71,3.4395,high,large,4
Bureaux et Plateaux,5,2,160.0,3000.0,Tunis,La Marsa,18.75,3.4773,high,large,4
Bureaux et Plateaux,8,2,200.0,3750.0,Tunis,La Marsa,18.75,3.5741,high,large,4
Appartements,3,1,130.0,1500.0,Tunis,La Marsa,11.54,3.1764,medium,large,4
Appartements,1,1,200.0,2000.0,Tunis,La Marsa,10.0,3.3012,high,large,4
"Magasins, Commerces et Locaux industriels",1,1,60.0,2500.0,Tunis,Menzah,41.67,3.3981,high,medium,0
Maisons et Villas,4,3,400.0,3500.0,Tunis,La Marsa,8.75,3.5442,high,extra_large,0
Appartements,1,1,60.0,460.0,Tunis,Autres villes,7.67,2.6637,low,medium,3
Appartements,3,1,120.0,850.0,Tunis,Menzah,7.08,2.9299,medium,large,4
Appartements,3,1,80.0,420.0,Tunis,Agba,5.25,2.6243,low,medium,3
Maisons et Villas,5,4,750.0,3500.0,Tunis,La Marsa,4.67,3.5442,high,extra_large,0
Maisons et Villas,5,2,120.0,1750.0,Tunis,La Marsa,14.58,3.2433,high,large,0
Maisons et Villas,2,1,90.0,163.0,Tunis,Cité El Khadra,1.81,2.2148,very_low,medium,0
Appartements,3,1,111.0,130.0,Tunis,L'aouina,1.17,2.1173,very_low,large,3
Appartements,4,2,300.0,4000.0,Tunis,La Marsa,13.33,3.6022,high,extra_large,4
Bureaux et Plateaux,3,2,104.0,1800.0,Tunis,La Marsa,17.31,3.2555,high,large,4
Bureaux et Plateaux,5,1,120.0,1700.0,Tunis,La Marsa,14.17,3.2307,high,large,4
Appartements,2,1,100.0,1300.0,Tunis,La Marsa,13.0,3.1143,medium,medium,4
Locations de vacances,2,1,150.0,100.0,Tunis,Autres villes,0.67,2.0043,very_low,large,3
Appartements,1,1,50.0,400.0,Tunis,Menzah,8.0,2.6031,low,small,3
Bureaux et Plateaux,5,2,160.0,3000.0,Tunis,La Marsa,18.75,3.4773,high,large,4
Bureaux et Plateaux,1,2,100.0,3000.0,Tunis,La Marsa,30.0,3.4773,high,medium,4
"Magasins, Commerces et Locaux industriels",1,1,30.0,2400.0,Tunis,Autres villes,80.0,3.3804,high,small,0
Appartements,3,2,170.0,1800.0,Tunis,L'aouina,10.59,3.2555,high,large,4
Appartements,2,1,110.0,90.0,Tunis,L'aouina,0.82,1.959,very_low,large,3
Appartements,4,3,200.0,3500.0,Tunis,Autres villes,17.5,3.5442,high,large,4
Appartements,2,1,220.0,1500.0,Tunis,Carthage,6.82,3.1764,medium,extra_large,4
Bureaux et Plateaux,3,1,100.0,1500.0,Tunis,La Marsa,15.0,3.1764,medium,medium,4
Appartements,3,2,200.0,2000.0,Tunis,La Marsa,10.0,3.3012,high,large,4
Appartements,2,1,133.0,1700.0,Tunis,La Marsa,12.78,3.2307,high,large,4
Bureaux et Plateaux,4,3,300.0,2800.0,Tunis,Tunis,9.33,3.4473,high,extra_large,4
Maisons et Villas,4,1,140.0,700.0,Tunis,Le Bardo,5.0,2.8457,low,large,0
Maisons et Villas,3,1,200.0,550.0,Tunis,Le Bardo,2.75,2.7412,low,large,0
Bureaux et Plateaux,5,3,217.0,3262.0,Tunis,Le Kram,15.03,3.5136,high,extra_large,4
Bureaux et Plateaux,2,1,90.0,500.0,Tunis,Centre Ville - Lafayette,5.56,2.6998,low,medium,3
Appartements,3,1,140.0,3500.0,Tunis,La Marsa,25.0,3.5442,high,large,4
Appartements,2,1,90.0,500.0,Tunis,Le Bardo,5.56,2.6998,low,medium,3
Maisons et Villas,5,1,200.0,1500.0,Tunis,Carthage,7.5,3.1764,medium,large,0
Maisons et Villas,3,2,200.0,1900.0,Tunis,Menzah,9.5,3.279,high,large,0
Appartements,3,2,150.0,3000.0,Tunis,La Marsa,20.0,3.4773,high,large,4
Bureaux et Plateaux,1,2,280.0,3500.0,Tunis,Le Kram,12.5,3.5442,high,extra_large,4
Bureaux et Plateaux,3,1,130.0,1200.0,Tunis,Tunis,9.23,3.0795,medium,large,4
Bureaux et Plateaux,4,1,90.0,950.0,Tunis,Tunis,10.56,2.9782,medium,medium,4
"Magasins, Commerces et Locaux industriels",2,1,100.0,3000.0,Tunis,Centre Ville - Lafayette,30.0,3.4773,high,medium,0
Appartements,4,1,130.0,1500.0,Tunis,Tunis,11.54,3.1764,medium,large,4
Appartements,1,1,55.0,800.0,Tunis,La Marsa,14.55,2.9036,medium,medium,4
Locations de vacances,1,1,60.0,70.0,Tunis,Menzah,1.17,1.8513,very_low,medium,3
Bureaux et Plateaux,2,1,80.0,1200.0,Tunis,Autres villes,15.0,3.0795,medium,medium,4
Bureaux et Plateaux,1,1,100.0,3000.0,Tunis,Autres villes,30.0,3.4773,high,medium,4
Bureaux et Plateaux,3,2,200.0,2000.0,Tunis,Autres villes,10.0,3.3012,high,large,4
Appartements,2,1,70.0,900.0,Tunis,La Marsa,12.86,2.9547,medium,medium,4
Appartements,2,1,100.0,900.0,Tunis,L'aouina,9.0,2.9547,medium,medium,4
Bureaux et Plateaux,2,1,100.0,1500.0,Tunis,La Marsa,15.0,3.1764,medium,medium,4
Bureaux et Plateaux,2,1,80.0,800.0,Tunis,Autres villes,10.0,2.9036,medium,medium,4
Appartements,2,1,90.0,600.0,Tunis,Le Kram,6.67,2.7789,low,medium,3
Appartements,2,1,92.0,400.0,Tunis,Le Kram,4.35,2.6031,low,medium,3
Bureaux et Plateaux,7,6,400.0,3000.0,Tunis,Menzah,7.5,3.4773,high,extra_large,4
Maisons et Villas,3,1,150.0,2300.0,Tunis,La Marsa,15.33,3.3619,high,large,0
Locations de vacances,1,1,61.0,70.0,Tunis,Autres villes,1.15,1.8513,very_low,medium,3
Appartements,3,2,200.0,1850.0,Tunis,Centre Urbain Nord,9.25,3.2674,high,large,4
Appartements,1,1,70.0,950.0,Tunis,Autres villes,13.57,2.9782,medium,medium,4
Appartements,2,1,80.0,350.0,Tunis,El Omrane,4.38,2.5453,low,medium,3
"Magasins, Commerces et Locaux industriels",1,1,23.0,600.0,Tunis,Autres villes,26.09,2.7789,low,small,0
Maisons et Villas,4,2,240.0,1800.0,Tunis,Autres villes,7.5,3.2555,high,extra_large,0
Appartements,2,1,120.0,600.0,Tunis,La Marsa,5.0,2.7789,low,large,3
Maisons et Villas,2,1,90.0,450.0,Tunis,Autres villes,5.0,2.6542,low,medium,0
Maisons et Villas,3,1,140.0,580.0,Tunis,La Marsa,4.14,2.7642,low,large,0
"Magasins, Commerces et Locaux industriels",1,1,350.0,800.0,Tunis,Autres villes,2.29,2.9036,medium,extra_large,0
"Magasins, Commerces et Locaux industriels",6,2,400.0,3500.0,Tunis,Menzah,8.75,3.5442,high,extra_large,0
Appartements,2,1,55.0,150.0,Tunis,La Marsa,2.73,2.179,very_low,medium,3
"Magasins, Commerces et Locaux industriels",1,1,50.0,500.0,Tunis,Autres villes,10.0,2.6998,low,small,0
Maisons et Villas,2,1,90.0,400.0,Tunis,Autres villes,4.44,2.6031,low,medium,0
Appartements,1,1,42.0,70.0,Tunis,Autres villes,1.67,1.8513,very_low,small,3
Appartements,3,1,80.0,900.0,Tunis,El Omrane,11.25,2.9547,medium,medium,4
Appartements,4,1,140.0,1000.0,Tunis,Le Bardo,7.14,3.0004,medium,large,4
Appartements,4,1,150.0,1500.0,Tunis,L'aouina,10.0,3.1764,medium,large,4
Appartements,3,1,80.0,700.0,Tunis,Centre Ville - Lafayette,8.75,2.8457,low,medium,3
"Magasins, Commerces et Locaux industriels",1,1,26.0,400.0,Tunis,Autres villes,15.38,2.6031,low,small,0
Appartements,1,1,35.0,700.0,Tunis,Mutuelleville,20.0,2.8457,low,small,3
Maisons et Villas,2,1,80.0,800.0,Tunis,Autres villes,10.0,2.9036,medium,medium,0
Appartements,2,1,60.0,400.0,Tunis,Sidi El Béchir,6.67,2.6031,low,medium,3
Maisons et Villas,3,2,150.0,3000.0,Tunis,Sidi Bou Said,20.0,3.4773,high,large,0
Locations de vacances,2,1,80.0,90.0,Tunis,Tunis,1.12,1.959,very_low,medium,3
Appartements,3,1,105.0,180.0,Tunis,Autres villes,1.71,2.2577,very_low,large,3
Maisons et Villas,3,1,100.0,600.0,Tunis,Le Bardo,6.0,2.7789,low,medium,0
Appartements,1,1,36.0,1200.0,Tunis,L'aouina,33.33,3.0795,medium,small,4
Appartements,3,1,100.0,500.0,Tunis,El Omrane supérieur,5.0,2.6998,low,medium,3
Appartements,1,1,20.0,650.0,Tunis,La Marsa,32.5,2.8136,low,small,3
Maisons et Villas,4,1,150.0,370.0,Tunis,Djebel Jelloud,2.47,2.5694,low,large,0
Maisons et Villas,3,2,150.0,380.0,Tunis,Ezzouhour,2.53,2.5809,low,large,0
Maisons et Villas,3,2,90.0,2000.0,Tunis,La Marsa,22.22,3.3012,high,medium,0
Appartements,2,1,70.0,380.0,Tunis,Agba,5.43,2.5809,low,medium,3
Appartements,2,1,65.0,140.0,Tunis,L'aouina,2.15,2.1492,very_low,medium,3
Appartements,1,1,80.0,110.0,Tunis,Autres villes,1.38,2.0453,very_low,medium,3
Appartements,1,1,100.0,110.0,Tunis,Autres villes,1.1,2.0453,very_low,medium,3
Appartements,4,3,200.0,4000.0,Tunis,Le Kram,20.0,3.6022,high,large,4
Appartements,2,1,80.0,400.0,Tunis,Le Bardo,5.0,2.6031,low,medium,3
Appartements,1,1,82.0,80.0,Tunis,L'aouina,0.98,1.9085,very_low,medium,3
Appartements,3,2,220.0,150.0,Tunis,L'aouina,0.68,2.179,very_low,extra_large,3
Appartements,4,2,150.0,1200.0,Tunis,Le Bardo,8.0,3.0795,medium,large,4
Locations de vacances,1,1,61.0,70.0,Tunis,Autres villes,1.15,1.8513,very_low,medium,3
"Magasins, Commerces et Locaux industriels",2,0,30.0,800.0,Tunis,Menzah,26.67,2.9036,medium,small,0
Appartements,2,2,135.0,1700.0,Tunis,Le Kram,12.59,3.2307,high,large,4
Appartements,1,1,67.0,950.0,Tunis,La Marsa,14.18,2.9782,medium,medium,4
Appartements,1,1,20.0,250.0,Tunis,Centre Ville - Lafayette,12.5,2.3997,very_low,small,3
Locations de vacances,2,1,60.0,70.0,Tunis,Autres villes,1.17,1.8513,very_low,medium,3
"Magasins, Commerces et Locaux industriels",2,0,220.0,1400.0,Tunis,Autres villes,6.36,3.1464,medium,extra_large,0
Appartements,2,1,100.0,1200.0,Tunis,Autres villes,12.0,3.0795,medium,medium,4
Appartements,1,1,88.0,1850.0,Tunis,Carthage,21.02,3.2674,high,medium,4
"Magasins, Commerces et Locaux industriels",2,1,36.0,400.0,Tunis,Ezzouhour,11.11,2.6031,low,small,0
Bureaux et Plateaux,1,1,36.0,400.0,Tunis,Le Kram,11.11,2.6031,low,small,3
"Magasins, Commerces et Locaux industriels",1,1,140.0,1600.0,Tunis,L'aouina,11.43,3.2044,high,large,0
Appartements,1,1,90.0,1850.0,Tunis,La Marsa,20.56,3.2674,high,medium,4
"Magasins, Commerces et Locaux industriels",1,1,100.0,950.0,Tunis,L'aouina,9.5,2.9782,medium,medium,0
Maisons et Villas,2,1,100.0,550.0,Tunis,El Omrane supérieur,5.5,2.7412,low,medium,0
Appartements,3,3,200.0,1700.0,Tunis,L'aouina,8.5,3.2307,high,large,4
Appartements,3,2,170.0,200.0,Tunis,L'aouina,1.18,2.3032,very_low,large,3
"Magasins, Commerces et Locaux industriels",1,1,180.0,3500.0,Tunis,L'aouina,19.44,3.5442,high,large,0
Appartements,2,1,100.0,1250.0,Tunis,L'aouina,12.5,3.0973,medium,medium,4
Appartements,2,1,70.0,550.0,Tunis,El Kabaria,7.86,2.7412,low,medium,3
Maisons et Villas,3,1,80.0,400.0,Tunis,Le Kram,5.0,2.6031,low,medium,0
Appartements,4,3,240.0,3500.0,Tunis,La Marsa,14.58,3.5442,high,extra_large,4
"Magasins, Commerces et Locaux industriels",2,2,200.0,3500.0,Tunis,Carthage,17.5,3.5442,high,large,0
Appartements,1,1,30.0,270.0,Tunis,Tunis,9.0,2.433,very_low,small,3
Maisons et Villas,1,1,80.0,150.0,Tunis,Le Bardo,1.88,2.179,very_low,medium,0
Appartements,3,2,135.0,1200.0,Tunis,Carthage,8.89,3.0795,medium,large,4
Appartements,2,2,120.0,2200.0,Tunis,Tunis,18.33,3.3426,high,large,4
Appartements,3,1,200.0,2800.0,Tunis,La Marsa,14.0,3.4473,high,large,4
Appartements,2,1,120.0,900.0,Tunis,L'aouina,7.5,2.9547,medium,large,4
"Magasins, Commerces et Locaux industriels",1,1,20.0,300.0,Tunis,La Marsa,15.0,2.4786,very_low,small,3
Appartements,1,1,50.0,200.0,Tunis,Autres villes,4.0,2.3032,very_low,small,3
Maisons et Villas,3,1,85.0,650.0,Tunis,L'aouina,7.65,2.8136,low,medium,0
Bureaux et Plateaux,2,1,80.0,1200.0,Tunis,La Goulette,15.0,3.0795,medium,medium,4
Appartements,1,1,55.0,1100.0,Tunis,La Marsa,20.0,3.0418,medium,medium,4
Appartements,1,1,75.0,2000.0,Tunis,La Marsa,26.67,3.3012,high,medium,4
"Magasins, Commerces et Locaux industriels",2,1,70.0,2200.0,Tunis,Tunis,31.43,3.3426,high,medium,0
Appartements,2,1,75.0,1200.0,Tunis,Tunis,16.0,3.0795,medium,medium,4
Appartements,3,2,120.0,1800.0,Tunis,La Marsa,15.0,3.2555,high,large,4
Appartements,2,1,120.0,1600.0,Tunis,La Marsa,13.33,3.2044,high,large,4
Appartements,3,2,100.0,1500.0,Tunis,La Marsa,15.0,3.1764,medium,medium,4
Appartements,2,2,100.0,3000.0,Tunis,La Marsa,30.0,3.4773,high,medium,4
Appartements,3,2,350.0,3500.0,Tunis,La Marsa,10.0,3.5442,high,extra_large,4
Appartements,3,3,160.0,1400.0,Tunis,Menzah,8.75,3.1464,medium,large,4
Appartements,1,1,70.0,800.0,Tunis,Centre Ville - Lafayette,11.43,2.9036,medium,medium,4
Appartements,2,1,110.0,800.0,Tunis,Manar,7.27,2.9036,medium,large,4
Appartements,1,1,80.0,90.0,Tunis,L'aouina,1.12,1.959,very_low,medium,3
Appartements,3,2,150.0,1000.0,Tunis,Autres villes,6.67,3.0004,medium,large,4
Appartements,2,1,50.0,450.0,Tunis,Autres villes,9.0,2.6542,low,small,3
Bureaux et Plateaux,2,1,60.0,750.0,Tunis,Tunis,12.5,2.8756,medium,medium,4
Maisons et Villas,2,1,99.0,350.0,Tunis,El Ouardia,3.54,2.5453,low,medium,0
Maisons et Villas,3,1,150.0,850.0,Tunis,Menzah,5.67,2.9299,medium,large,0
Appartements,1,1,70.0,950.0,Tunis,Menzah,13.57,2.9782,medium,medium,4
Maisons et Villas,5,2,540.0,3000.0,Tunis,Menzah,5.56,3.4773,high,extra_large,0
Maisons et Villas,3,1,120.0,1000.0,Tunis,Le Kram,8.33,3.0004,medium,large,0
Appartements,1,1,70.0,600.0,Tunis,Autres villes,8.57,2.7789,low,medium,3
Appartements,2,1,400.0,500.0,Tunis,Autres villes,1.25,2.6998,low,extra_large,4
Bureaux et Plateaux,1,1,50.0,1500.0,Tunis,Centre Ville - Lafayette,30.0,3.1764,medium,small,4
"Magasins, Commerces et Locaux industriels",1,1,50.0,500.0,Tunis,Autres villes,10.0,2.6998,low,small,0
Colocations,4,1,300.0,280.0,Tunis,L'aouina,0.93,2.4487,very_low,extra_large,3
Appartements,2,2,110.0,2100.0,Tunis,Autres villes,19.09,3.3224,high,large,4
Colocations,3,1,100.0,145.0,Tunis,Autres villes,1.45,2.1644,very_low,medium,3
Maisons et Villas,2,1,120.0,45.0,Tunis,Autres villes,0.38,1.6628,very_low,large,0
Appartements,3,2,200.0,1700.0,Tunis,Carthage,8.5,3.2307,high,large,4
Appartements,2,1,70.0,250.0,Tunis,Autres villes,3.57,2.3997,very_low,medium,3
Appartements,2,2,180.0,3500.0,Tunis,La Marsa,19.44,3.5442,high,large,4
Appartements,3,2,200.0,2500.0,Tunis,La Marsa,12.5,3.3981,high,large,4
Appartements,2,2,120.0,3000.0,Tunis,La Marsa,25.0,3.4773,high,large,4
Appartements,2,2,120.0,2500.0,Tunis,La Marsa,20.83,3.3981,high,large,4
Bureaux et Plateaux,4,1,110.0,2400.0,Tunis,Tunis,21.82,3.3804,high,large,4
Appartements,2,2,55.0,600.0,Tunis,Centre Ville - Lafayette,10.91,2.7789,low,medium,3
Appartements,2,1,45.0,500.0,Tunis,Tunis,11.11,2.6998,low,small,3
Appartements,3,2,200.0,800.0,Tunis,La Marsa,4.0,2.9036,medium,large,4
Appartements,3,3,200.0,2800.0,Tunis,Le Kram,14.0,3.4473,high,large,4
Appartements,2,2,200.0,2100.0,Tunis,La Marsa,10.5,3.3224,high,large,4
Maisons et Villas,3,1,100.0,370.0,Tunis,Tunis,3.7,2.5694,low,medium,0
"Magasins, Commerces et Locaux industriels",3,2,250.0,1200.0,Tunis,Autres villes,4.8,3.0795,medium,extra_large,0
Appartements,1,1,35.0,550.0,Tunis,Menzah,15.71,2.7412,low,small,3
Colocations,2,1,90.0,250.0,Tunis,Menzah,2.78,2.3997,very_low,medium,3
Maisons et Villas,3,1,120.0,1350.0,Tunis,Menzah,11.25,3.1307,medium,large,0
Bureaux et Plateaux,3,1,115.0,2750.0,Tunis,La Marsa,23.91,3.4395,high,large,4
Appartements,2,1,75.0,80.0,Tunis,Centre Ville - Lafayette,1.07,1.9085,very_low,medium,3
Maisons et Villas,2,1,110.0,400.0,Tunis,Autres villes,3.64,2.6031,low,large,0
Maisons et Villas,6,2,500.0,2000.0,Tunis,Menzah,4.0,3.3012,high,extra_large,0
Appartements,2,1,75.0,80.0,Tunis,Centre Ville - Lafayette,1.07,1.9085,very_low,medium,3
Appartements,2,1,100.0,900.0,Tunis,Menzah,9.0,2.9547,medium,medium,4
Maisons et Villas,6,3,500.0,2000.0,Tunis,Menzah,4.0,3.3012,high,extra_large,0
Appartements,3,3,180.0,2800.0,Tunis,La Marsa,15.56,3.4473,high,large,4
Appartements,1,1,80.0,1600.0,Tunis,Sidi Daoud,20.0,3.2044,high,medium,4
Appartements,3,3,180.0,3800.0,Tunis,La Marsa,21.11,3.5799,high,large,4
"Magasins, Commerces et Locaux industriels",1,1,77.0,3500.0,Tunis,La Marsa,45.45,3.5442,high,medium,0
"Magasins, Commerces et Locaux industriels",1,1,25.0,480.0,Tunis,Centre Ville - Lafayette,19.2,2.6821,low,small,0
Appartements,3,1,150.0,950.0,Tunis,Menzah,6.33,2.9782,medium,large,4
Appartements,3,1,110.0,1200.0,Tunis,Manar,10.91,3.0795,medium,large,4
Appartements,4,1,140.0,700.0,Tunis,Le Bardo,5.0,2.8457,low,large,3
Appartements,2,2,140.0,1300.0,Tunis,Carthage,9.29,3.1143,medium,large,4
Appartements,3,1,60.0,50.0,Tunis,Le Bardo,0.83,1.7076,very_low,medium,3
Maisons et Villas,3,3,240.0,1200.0,Tunis,Carthage,5.0,3.0795,medium,extra_large,0
Appartements,1,1,80.0,2500.0,Tunis,La Marsa,31.25,3.3981,high,medium,4
Appartements,2,1,100.0,2500.0,Tunis,La Marsa,25.0,3.3981,high,medium,4
Appartements,4,1,150.0,3500.0,Tunis,La Marsa,23.33,3.5442,high,large,4
Maisons et Villas,4,2,200.0,3300.0,Tunis,La Marsa,16.5,3.5186,high,large,0
Appartements,2,1,70.0,600.0,Tunis,Carthage,8.57,2.7789,low,medium,3
Maisons et Villas,3,2,170.0,2800.0,Tunis,Carthage,16.47,3.4473,high,large,0
Appartements,4,1,90.0,700.0,Tunis,Autres villes,7.78,2.8457,low,medium,3
Maisons et Villas,7,3,350.0,2400.0,Tunis,Menzah,6.86,3.3804,high,extra_large,0
Appartements,3,1,95.0,500.0,Tunis,Autres villes,5.26,2.6998,low,medium,3
Locations de vacances,2,1,70.0,70.0,Tunis,Autres villes,1.0,1.8513,very_low,medium,3
Appartements,2,1,70.0,1250.0,Tunis,Autres villes,17.86,3.0973,medium,medium,4
Appartements,3,1,80.0,650.0,Tunis,Autres villes,8.12,2.8136,low,medium,3
Bureaux et Plateaux,4,1,79.0,1300.0,Tunis,Tunis,16.46,3.1143,medium,medium,4
Bureaux et Plateaux,5,1,113.0,1790.0,Tunis,Tunis,15.84,3.2531,high,large,4
Appartements,3,3,170.0,4000.0,Tunis,Autres villes,23.53,3.6022,high,large,4
Appartements,4,1,140.0,700.0,Tunis,Le Bardo,5.0,2.8457,low,large,3
Maisons et Villas,3,2,320.0,2800.0,Tunis,La Marsa,8.75,3.4473,high,extra_large,0
Locations de vacances,1,1,70.0,80.0,Tunis,Menzah,1.14,1.9085,very_low,medium,3
Appartements,1,1,70.0,1500.0,Tunis,Le Kram,21.43,3.1764,medium,medium,4
Bureaux et Plateaux,6,2,180.0,2500.0,Tunis,La Marsa,13.89,3.3981,high,large,4
Appartements,1,1,85.0,1150.0,Tunis,Le Kram,13.53,3.0611,medium,medium,4
Bureaux et Plateaux,8,3,400.0,2900.0,Tunis,Menzah,7.25,3.4625,high,extra_large,4
Maisons et Villas,2,1,110.0,1500.0,Tunis,Le Kram,13.64,3.1764,medium,large,0
Appartements,3,1,75.0,600.0,Tunis,Centre Ville - Lafayette,8.0,2.7789,low,medium,3
Maisons et Villas,7,2,500.0,3200.0,Tunis,Carthage,6.4,3.5053,high,extra_large,0
Appartements,2,1,100.0,3500.0,Tunis,La Marsa,35.0,3.5442,high,medium,4
Appartements,3,1,80.0,600.0,Tunis,Centre Ville - Lafayette,7.5,2.7789,low,medium,3
"Magasins, Commerces et Locaux industriels",1,1,50.0,550.0,Tunis,Cité El Khadra,11.0,2.7412,low,small,0
Appartements,1,1,48.0,950.0,Tunis,Menzah,19.79,2.9782,medium,small,4
Maisons et Villas,3,1,170.0,1300.0,Tunis,Menzah,7.65,3.1143,medium,large,0
Appartements,3,2,120.0,1600.0,Tunis,Centre Urbain Nord,13.33,3.2044,high,large,4
Appartements,3,2,115.0,3000.0,Tunis,Tunis,26.09,3.4773,high,large,4
Appartements,2,2,130.0,3200.0,Tunis,La Goulette,24.62,3.5053,high,large,4
Bureaux et Plateaux,2,1,65.0,750.0,Tunis,Centre Ville - Lafayette,11.54,2.8756,medium,medium,4
"Magasins, Commerces et Locaux industriels",1,1,50.0,1350.0,Tunis,Mutuelleville,27.0,3.1307,medium,small,0
Appartements,2,1,80.0,420.0,Tunis,Autres villes,5.25,2.6243,low,medium,3
Appartements,4,2,160.0,1600.0,Tunis,Menzah,10.0,3.2044,high,large,4
Appartements,2,1,120.0,2300.0,Tunis,Sidi Daoud,19.17,3.3619,high,large,4
Appartements,2,1,120.0,2000.0,Tunis,La Marsa,16.67,3.3012,high,large,4
Maisons et Villas,3,1,150.0,3000.0,Tunis,La Marsa,20.0,3.4773,high,large,0
Appartements,3,2,107.0,1200.0,Tunis,Centre Ville - Lafayette,11.21,3.0795,medium,large,4
Appartements,1,1,80.0,950.0,Tunis,La Marsa,11.88,2.9782,medium,medium,4
Appartements,3,1,80.0,180.0,Tunis,Centre Ville - Lafayette,2.25,2.2577,very_low,medium,3
Appartements,2,1,80.0,300.0,Tunis,El Ouardia,3.75,2.4786,very_low,medium,3
Maisons et Villas,2,1,110.0,720.0,Tunis,Autres villes,6.55,2.8579,medium,large,0
Appartements,3,1,70.0,600.0,Tunis,Centre Ville - Lafayette,8.57,2.7789,low,medium,3
Bureaux et Plateaux,5,1,120.0,1000.0,Tunis,Manar,8.33,3.0004,medium,large,4
Maisons et Villas,4,2,400.0,4000.0,Tunis,Mutuelleville,10.0,3.6022,high,extra_large,0
Appartements,3,1,150.0,950.0,Tunis,Menzah,6.33,2.9782,medium,large,4
Bureaux et Plateaux,1,1,26.0,400.0,Tunis,Centre Ville - Lafayette,15.38,2.6031,low,small,3
Maisons et Villas,2,1,180.0,1000.0,Tunis,Menzah,5.56,3.0004,medium,large,0
Appartements,1,1,67.0,750.0,Tunis,L'aouina,11.19,2.8756,medium,medium,4
Appartements,2,2,100.0,250.0,Tunis,Carthage,2.5,2.3997,very_low,medium,3
Appartements,2,1,90.0,90.0,Tunis,L'aouina,1.0,1.959,very_low,medium,3
Bureaux et Plateaux,4,2,180.0,3500.0,Tunis,Centre Urbain Nord,19.44,3.5442,high,large,4
Appartements,2,1,100.0,600.0,Tunis,La Marsa,6.0,2.7789,low,medium,3
Appartements,2,1,90.0,1800.0,Tunis,L'aouina,20.0,3.2555,high,medium,4
Maisons et Villas,3,2,200.0,780.0,Tunis,La Marsa,3.9,2.8927,medium,large,0
Appartements,3,1,190.0,3500.0,Tunis,Carthage,18.42,3.5442,high,large,4
Appartements,2,2,100.0,220.0,Tunis,La Marsa,2.2,2.3444,very_low,medium,3
Appartements,2,1,70.0,900.0,Tunis,Centre Ville - Lafayette,12.86,2.9547,medium,medium,4
Bureaux et Plateaux,6,3,450.0,3500.0,Tunis,Centre Urbain Nord,7.78,3.5442,high,extra_large,4
Appartements,1,1,140.0,1500.0,Tunis,La Marsa,10.71,3.1764,medium,large,4
Appartements,3,1,100.0,1000.0,Tunis,L'aouina,10.0,3.0004,medium,medium,4
"Magasins, Commerces et Locaux industriels",1,1,55.0,850.0,Tunis,Centre Ville - Lafayette,15.45,2.9299,medium,medium,0
Appartements,3,1,140.0,1100.0,Tunis,Mutuelleville,7.86,3.0418,medium,large,4
Appartements,3,2,220.0,1600.0,Tunis,Manar,7.27,3.2044,high,extra_large,4
Locations de vacances,1,1,75.0,90.0,Tunis,Menzah,1.2,1.959,very_low,medium,3
Appartements,2,2,140.0,1800.0,Tunis,La Marsa,12.86,3.2555,high,large,4
Bureaux et Plateaux,2,1,90.0,2200.0,Tunis,La Marsa,24.44,3.3426,high,medium,4
Appartements,3,1,160.0,1800.0,Tunis,La Marsa,11.25,3.2555,high,large,4
Appartements,2,1,100.0,750.0,Tunis,Cité El Khadra,7.5,2.8756,medium,medium,4
Appartements,2,1,65.0,300.0,Tunis,Ezzouhour,4.62,2.4786,very_low,medium,3
Maisons et Villas,3,1,85.0,700.0,Tunis,Centre Ville - Lafayette,8.24,2.8457,low,medium,0
Appartements,2,2,70.0,500.0,Tunis,Centre Ville - Lafayette,7.14,2.6998,low,medium,3
Appartements,2,1,80.0,400.0,Tunis,Autres villes,5.0,2.6031,low,medium,3
Appartements,2,1,100.0,750.0,Tunis,L'aouina,7.5,2.8756,medium,medium,4
Appartements,2,1,80.0,350.0,Tunis,Ettahrir,4.38,2.5453,low,medium,3
Appartements,2,1,40.0,600.0,Tunis,Mutuelleville,15.0,2.7789,low,small,3
Maisons et Villas,2,1,130.0,470.0,Tunis,Sidi Daoud,3.62,2.673,low,large,0
Appartements,2,1,95.0,900.0,Tunis,Autres villes,9.47,2.9547,medium,medium,4
Bureaux et Plateaux,2,1,110.0,750.0,Tunis,Tunis,6.82,2.8756,medium,large,4
Maisons et Villas,3,1,180.0,1000.0,Tunis,Le Bardo,5.56,3.0004,medium,large,0
"Magasins, Commerces et Locaux industriels",1,1,80.0,850.0,Tunis,La Marsa,10.62,2.9299,medium,medium,0
Appartements,2,1,40.0,520.0,Tunis,Centre Ville - Lafayette,13.0,2.7168,low,small,3
Locations de vacances,2,1,150.0,120.0,Tunis,Autres villes,0.8,2.0828,very_low,large,3
Maisons et Villas,2,1,80.0,75.0,Tunis,Tunis,0.94,1.8808,very_low,medium,0
"Magasins, Commerces et Locaux industriels",2,1,80.0,1500.0,Tunis,Autres villes,18.75,3.1764,medium,medium,0
Colocations,2,1,100.0,750.0,Tunis,Cité El Khadra,7.5,2.8756,medium,medium,4
"Magasins, Commerces et Locaux industriels",1,1,50.0,500.0,Tunis,Autres villes,10.0,2.6998,low,small,0
"Magasins, Commerces et Locaux industriels",2,1,70.0,2200.0,Tunis,Tunis,31.43,3.3426,high,medium,0
Maisons et Villas,4,3,400.0,3500.0,Tunis,La Marsa,8.75,3.5442,high,extra_large,0
Appartements,2,1,120.0,1500.0,Tunis,La Marsa,12.5,3.1764,medium,large,4
Appartements,3,2,350.0,2800.0,Tunis,Sidi Daoud,8.0,3.4473,high,extra_large,4
Maisons et Villas,3,1,80.0,350.0,Tunis,Autres villes,4.38,2.5453,low,medium,0
Appartements,2,1,140.0,1070.0,Tunis,Autres villes,7.64,3.0298,medium,large,4
Appartements,3,1,95.0,420.0,Tunis,Agba,4.42,2.6243,low,medium,3
Appartements,3,1,109.0,1100.0,Tunis,Centre Ville - Lafayette,10.09,3.0418,medium,large,4
Appartements,2,1,74.0,900.0,Tunis,Centre Ville - Lafayette,12.16,2.9547,medium,medium,4
Appartements,4,1,120.0,1000.0,Tunis,Manar,8.33,3.0004,medium,large,4
Appartements,2,2,100.0,1600.0,Tunis,L'aouina,16.0,3.2044,high,medium,4
Appartements,4,3,170.0,2200.0,Tunis,La Marsa,12.94,3.3426,high,large,4
Locations de vacances,2,1,100.0,60.0,Tunis,El Omrane supérieur,0.6,1.7853,very_low,medium,3
Appartements,2,1,135.0,3000.0,Tunis,Autres villes,22.22,3.4773,high,large,4
"Magasins, Commerces et Locaux industriels",1,1,40.0,850.0,Tunis,Centre Ville - Lafayette,21.25,2.9299,medium,small,0
Appartements,4,1,80.0,600.0,Tunis,Menzah,7.5,2.7789,low,medium,3
Appartements,2,1,100.0,450.0,Tunis,Autres villes,4.5,2.6542,low,medium,3
Appartements,3,2,120.0,1800.0,Tunis,La Marsa,15.0,3.2555,high,large,4
"Magasins, Commerces et Locaux industriels",1,1,120.0,1500.0,Tunis,La Marsa,12.5,3.1764,medium,large,0
Maisons et Villas,4,2,250.0,4000.0,Tunis,Autres villes,16.0,3.6022,high,extra_large,0
Maisons et Villas,4,3,200.0,1000.0,Tunis,Mutuelleville,5.0,3.0004,medium,large,0
Appartements,2,1,55.0,350.0,Tunis,Le Bardo,6.36,2.5453,low,medium,3
Maisons et Villas,3,2,110.0,1800.0,Tunis,L'aouina,16.36,3.2555,high,large,0
Maisons et Villas,6,3,180.0,3000.0,Tunis,L'aouina,16.67,3.4773,high,large,0
Bureaux et Plateaux,3,1,150.0,1800.0,Tunis,Autres villes,12.0,3.2555,high,large,4
Bureaux et Plateaux,3,2,170.0,1800.0,Tunis,Autres villes,10.59,3.2555,high,large,4
Appartements,2,1,115.0,1950.0,Tunis,Autres villes,16.96,3.2903,high,large,4
Appartements,3,2,180.0,2500.0,Tunis,Autres villes,13.89,3.3981,high,large,4
Appartements,1,1,65.0,600.0,Tunis,Carthage,9.23,2.7789,low,medium,3
Bureaux et Plateaux,1,1,100.0,45.0,Tunis,Menzah,0.45,1.6628,very_low,medium,3
Appartements,1,1,80.0,1500.0,Tunis,Menzah,18.75,3.1764,medium,medium,4
Appartements,4,1,200.0,1400.0,Tunis,Tunis,7.0,3.1464,medium,large,4
Bureaux et Plateaux,2,1,82.0,2000.0,Tunis,La Marsa,24.39,3.3012,high,medium,4
"Magasins, Commerces et Locaux industriels",1,1,80.0,1600.0,Tunis,La Marsa,20.0,3.2044,high,medium,0
Appartements,3,1,170.0,1200.0,Tunis,La Marsa,7.06,3.0795,medium,large,4
Maisons et Villas,6,2,450.0,3200.0,Tunis,Carthage,7.11,3.5053,high,extra_large,0
Appartements,3,2,170.0,2000.0,Tunis,Autres villes,11.76,3.3012,high,large,4
Appartements,2,1,145.0,160.0,Tunis,Sidi Daoud,1.1,2.2068,very_low,large,3
Maisons et Villas,2,1,70.0,350.0,Tunis,El Omrane supérieur,5.0,2.5453,low,medium,0
Appartements,1,1,100.0,2000.0,Tunis,La Marsa,20.0,3.3012,high,medium,4
Appartements,3,2,200.0,3500.0,Tunis,La Marsa,17.5,3.5442,high,large,4
Maisons et Villas,3,1,70.0,250.0,Tunis,Sidi Hassine,3.57,2.3997,very_low,medium,0
Appartements,4,2,105.0,520.0,Tunis,Hraïria,4.95,2.7168,low,large,3
Colocations,2,2,80.0,375.0,Tunis,Autres villes,4.69,2.5752,low,medium,3
Colocations,1,1,80.0,170.0,Tunis,Le Bardo,2.12,2.233,very_low,medium,3
Appartements,4,3,200.0,2200.0,Tunis,Centre Urbain Nord,11.0,3.3426,high,large,4
"Magasins, Commerces et Locaux industriels",2,2,47.0,1000.0,Tunis,Autres villes,21.28,3.0004,medium,small,0
Appartements,3,1,75.0,780.0,Tunis,La Marsa,10.4,2.8927,medium,medium,4
Appartements,2,1,50.0,390.0,Tunis,Autres villes,7.8,2.5922,low,small,3
Appartements,2,1,50.0,800.0,Tunis,Autres villes,16.0,2.9036,medium,small,4
"Magasins, Commerces et Locaux industriels",2,3,1600.0,4000.0,Tunis,Le Bardo,2.5,3.6022,high,extra_large,0
Maisons et Villas,4,2,200.0,3000.0,Tunis,Carthage,15.0,3.4773,high,large,0
Appartements,2,1,90.0,1000.0,Tunis,Autres villes,11.11,3.0004,medium,medium,4
Maisons et Villas,3,1,100.0,500.0,Tunis,Ettahrir,5.0,2.6998,low,medium,0
"Magasins, Commerces et Locaux industriels",1,1,260.0,1200.0,Tunis,Hraïria,4.62,3.0795,medium,extra_large,0
Appartements,1,1,33.0,700.0,Tunis,Mutuelleville,21.21,2.8457,low,small,3
Appartements,1,1,40.0,1000.0,Tunis,Manar,25.0,3.0004,medium,small,4
Appartements,2,1,40.0,380.0,Tunis,El Ouardia,9.5,2.5809,low,small,3
Appartements,2,1,150.0,500.0,Tunis,Le Bardo,3.33,2.6998,low,large,3
Locations de vacances,1,1,150.0,80.0,Tunis,Autres villes,0.53,1.9085,very_low,large,3
Maisons et Villas,3,2,110.0,900.0,Tunis,El Ouardia,8.18,2.9547,medium,large,0
Appartements,3,1,130.0,650.0,Tunis,Le Bardo,5.0,2.8136,low,large,3
"Magasins, Commerces et Locaux industriels",2,1,100.0,4000.0,Tunis,Autres villes,40.0,3.6022,high,medium,0
Maisons et Villas,5,3,540.0,2000.0,Tunis,Menzah,3.7,3.3012,high,extra_large,0
Appartements,3,2,141.0,1000.0,Tunis,Le Kram,7.09,3.0004,medium,large,4
Appartements,2,1,150.0,500.0,Tunis,Autres villes,3.33,2.6998,low,large,3
Bureaux et Plateaux,2,2,70.0,901.0,Tunis,Menzah,12.87,2.9552,medium,medium,4
Appartements,2,1,101.0,900.0,Tunis,L'aouina,8.91,2.9547,medium,large,4
Appartements,3,3,210.0,3250.0,Tunis,La Marsa,15.48,3.512,high,extra_large,4
Bureaux et Plateaux,1,1,300.0,3500.0,Tunis,La Marsa,11.67,3.5442,high,extra_large,4
Appartements,1,1,40.0,450.0,Tunis,Tunis,11.25,2.6542,low,small,3
Locations de vacances,1,1,75.0,75.0,Tunis,L'aouina,1.0,1.8808,very_low,medium,3
Appartements,1,1,60.0,80.0,Tunis,L'aouina,1.33,1.9085,very_low,medium,3
Appartements,4,1,150.0,1600.0,Tunis,Menzah,10.67,3.2044,high,large,4
Appartements,2,1,97.0,800.0,Tunis,Autres villes,8.25,2.9036,medium,medium,4
Appartements,1,1,130.0,2000.0,Tunis,Sidi Bou Said,15.38,3.3012,high,large,4
Appartements,3,2,120.0,1550.0,Tunis,La Marsa,12.92,3.1906,high,large,4
Appartements,1,1,50.0,800.0,Tunis,Manar,16.0,2.9036,medium,small,4
Appartements,2,1,74.0,800.0,Tunis,Autres villes,10.81,2.9036,medium,medium,4
Appartements,3,1,80.0,600.0,Tunis,Menzah,7.5,2.7789,low,medium,3
"Magasins, Commerces et Locaux industriels",2,2,25.0,500.0,Tunis,Centre Ville - Lafayette,20.0,2.6998,low,small,0
Maisons et Villas,3,1,200.0,1300.0,Tunis,Menzah,6.5,3.1143,medium,large,0
Maisons et Villas,1,8,84.0,50.0,Tunis,Autres villes,0.6,1.7076,very_low,medium,0
Appartements,3,1,60.0,180.0,Tunis,Le Bardo,3.0,2.2577,very_low,medium,3
"Magasins, Commerces et Locaux industriels",1,1,20.0,500.0,Tunis,Autres villes,25.0,2.6998,low,small,0
Appartements,1,1,65.0,1500.0,Tunis,La Marsa,23.08,3.1764,medium,medium,4
Maisons et Villas,4,1,140.0,750.0,Tunis,Le Bardo,5.36,2.8756,medium,large,0
"Magasins, Commerces et Locaux industriels",2,1,60.0,3000.0,Tunis,Menzah,50.0,3.4773,high,medium,0
Maisons et Villas,4,2,200.0,1400.0,Tunis,L'aouina,7.0,3.1464,medium,large,0
Maisons et Villas,5,3,500.0,1700.0,Tunis,L'aouina,3.4,3.2307,high,extra_large,0
Colocations,1,1,100.0,130.0,Tunis,Tunis,1.3,2.1173,very_low,medium,3
Appartements,2,1,110.0,1700.0,Tunis,L'aouina,15.45,3.2307,high,large,4
Appartements,1,1,70.0,1600.0,Tunis,Le Kram,22.86,3.2044,high,medium,4
Appartements,2,1,65.0,140.0,Tunis,Le Kram,2.15,2.1492,very_low,medium,3
Appartements,2,1,100.0,200.0,Tunis,La Marsa,2.0,2.3032,very_low,medium,3
Appartements,1,1,33.0,400.0,Tunis,Tunis,12.12,2.6031,low,small,3
Appartements,1,1,90.0,180.0,Tunis,Sidi Bou Said,2.0,2.2577,very_low,medium,3
Colocations,2,1,50.0,600.0,Tunis,Autres villes,12.0,2.7789,low,small,3
Appartements,2,1,33.0,400.0,Tunis,Centre Ville - Lafayette,12.12,2.6031,low,small,3
Appartements,3,1,100.0,250.0,Tunis,Sidi Bou Said,2.5,2.3997,very_low,medium,3
"Magasins, Commerces et Locaux industriels",1,1,30.0,2200.0,Tunis,L'aouina,73.33,3.3426,high,small,0
Maisons et Villas,3,2,200.0,3500.0,Tunis,La Marsa,17.5,3.5442,high,large,0
Appartements,1,1,80.0,1100.0,Tunis,La Marsa,13.75,3.0418,medium,medium,4
Appartements,1,1,75.0,160.0,Tunis,L'aouina,2.13,2.2068,very_low,medium,3
Appartements,1,1,80.0,500.0,Tunis,Menzah,6.25,2.6998,low,medium,3
"Magasins, Commerces et Locaux industriels",1,1,60.0,2500.0,Tunis,Menzah,41.67,3.3981,high,medium,0
Appartements,2,1,100.0,800.0,Tunis,La Marsa,8.0,2.9036,medium,medium,4
Bureaux et Plateaux,4,4,300.0,3000.0,Tunis,Centre Urbain Nord,10.0,3.4773,high,extra_large,4
Bureaux et Plateaux,2,1,60.0,750.0,Tunis,La Marsa,12.5,2.8756,medium,medium,4
Locations de vacances,1,1,70.0,150.0,Tunis,L'aouina,2.14,2.179,very_low,medium,3
Maisons et Villas,3,1,110.0,350.0,Tunis,Agba,3.18,2.5453,low,large,0
Appartements,2,1,80.0,450.0,Tunis,Ezzouhour,5.62,2.6542,low,medium,3
Locations de vacances,1,1,69.0,1100.0,Tunis,La Marsa,15.94,3.0418,medium,medium,0
Appartements,1,1,60.0,950.0,Tunis,L'aouina,15.83,2.9782,medium,medium,4
Appartements,3,1,85.0,450.0,Tunis,Agba,5.29,2.6542,low,medium,3
Appartements,2,1,100.0,3000.0,Tunis,Carthage,30.0,3.4773,high,medium,4
Appartements,3,1,200.0,3500.0,Tunis,La Marsa,17.5,3.5442,high,large,4
"Magasins, Commerces et Locaux industriels",1,0,40.0,1200.0,Tunis,L'aouina,30.0,3.0795,medium,small,0
Appartements,3,1,170.0,1700.0,Tunis,La Marsa,10.0,3.2307,high,large,4
Appartements,1,1,30.0,600.0,Tunis,La Marsa,20.0,2.7789,low,small,3
Bureaux et Plateaux,3,1,130.0,1800.0,Tunis,Menzah,13.85,3.2555,high,large,4
Appartements,3,1,130.0,70.0,Tunis,Autres villes,0.54,1.8513,very_low,large,3
Bureaux et Plateaux,3,1,80.0,800.0,Tunis,Menzah,10.0,2.9036,medium,medium,4
Locations de vacances,1,1,83.0,2500.0,Tunis,La Marsa,30.12,3.3981,high,medium,0
Bureaux et Plateaux,3,1,84.0,1800.0,Tunis,Autres villes,21.43,3.2555,high,medium,4
Appartements,1,1,90.0,1500.0,Tunis,Le Kram,16.67,3.1764,medium,medium,4
Maisons et Villas,2,1,90.0,550.0,Tunis,Ettahrir,6.11,2.7412,low,medium,0
Bureaux et Plateaux,6,2,300.0,3800.0,Tunis,Tunis,12.67,3.5799,high,extra_large,4
Appartements,2,1,114.0,800.0,Tunis,Autres villes,7.02,2.9036,medium,large,4
Appartements,2,1,60.0,350.0,Tunis,Le Kram,5.83,2.5453,low,medium,3
Appartements,1,1,66.0,1100.0,Tunis,Le Kram,16.67,3.0418,medium,medium,4
Appartements,1,1,60.0,350.0,Tunis,Le Kram,5.83,2.5453,low,medium,3
Maisons et Villas,3,1,90.0,550.0,Tunis,El Ouardia,6.11,2.7412,low,medium,0
Appartements,2,1,100.0,900.0,Tunis,L'aouina,9.0,2.9547,medium,medium,4
Appartements,4,1,150.0,900.0,Tunis,Tunis,6.0,2.9547,medium,large,4
Maisons et Villas,3,2,110.0,1800.0,Tunis,L'aouina,16.36,3.2555,high,large,0
Appartements,2,1,50.0,800.0,Tunis,Tunis,16.0,2.9036,medium,small,4
Appartements,1,1,70.0,500.0,Tunis,Autres villes,7.14,2.6998,low,medium,3
Bureaux et Plateaux,3,1,35.0,550.0,Tunis,Tunis,15.71,2.7412,low,small,3
Appartements,1,1,150.0,1200.0,Tunis,La Marsa,8.0,3.0795,medium,large,4
Colocations,1,1,50.0,150.0,Tunis,Cité El Khadra,3.0,2.179,very_low,small,3
Bureaux et Plateaux,4,3,100.0,1400.0,Tunis,Tunis,14.0,3.1464,medium,medium,4
Appartements,2,1,65.0,400.0,Tunis,Autres villes,6.15,2.6031,low,medium,3
Appartements,2,1,60.0,550.0,Tunis,Centre Ville - Lafayette,9.17,2.7412,low,medium,3
Appartements,2,1,70.0,1300.0,Tunis,Carthage,18.57,3.1143,medium,medium,4
Appartements,1,1,25.0,260.0,Tunis,Centre Ville - Lafayette,10.4,2.4166,very_low,small,3
Appartements,1,1,80.0,400.0,Tunis,La Marsa,5.0,2.6031,low,medium,3
Appartements,3,1,100.0,500.0,Tunis,Autres villes,5.0,2.6998,low,medium,3
"Magasins, Commerces et Locaux industriels",1,1,120.0,800.0,Tunis,L'aouina,6.67,2.9036,medium,large,0
Appartements,2,1,114.0,800.0,Tunis,Le Bardo,7.02,2.9036,medium,large,4
Locations de vacances,1,1,80.0,60.0,Tunis,Autres villes,0.75,1.7853,very_low,medium,3
Maisons et Villas,1,1,130.0,120.0,Tunis,Autres villes,0.92,2.0828,very_low,large,0
Appartements,1,1,120.0,120.0,Tunis,Autres villes,1.0,2.0828,very_low,large,3
Maisons et Villas,2,1,120.0,80.0,Tunis,La Marsa,0.67,1.9085,very_low,large,0
Appartements,2,1,60.0,380.0,Tunis,El Omrane supérieur,6.33,2.5809,low,medium,3
Appartements,4,2,200.0,150.0,Tunis,Autres villes,0.75,2.179,very_low,large,3
Maisons et Villas,3,1,250.0,3500.0,Tunis,La Marsa,14.0,3.5442,high,extra_large,0
Appartements,2,1,80.0,700.0,Tunis,La Marsa,8.75,2.8457,low,medium,3
Appartements,2,1,110.0,850.0,Tunis,L'aouina,7.73,2.9299,medium,large,4
"Magasins, Commerces et Locaux industriels",5,2,300.0,3500.0,Tunis,Tunis,11.67,3.5442,high,extra_large,0
Appartements,2,1,130.0,90.0,Tunis,Autres villes,0.69,1.959,very_low,large,3
Appartements,1,1,50.0,70.0,Tunis,L'aouina,1.4,1.8513,very_low,small,3
Appartements,3,1,85.0,380.0,Tunis,Le Bardo,4.47,2.5809,low,medium,3
Appartements,4,2,100.0,1400.0,Tunis,Sidi Daoud,14.0,3.1464,medium,medium,4
Locations de vacances,2,1,47.0,55.0,Tunis,Autres villes,1.17,1.7482,very_low,small,3
"Magasins, Commerces et Locaux industriels",1,1,40.0,135.0,Tunis,Autres villes,3.38,2.1335,very_low,small,3
Appartements,2,1,100.0,1200.0,Tunis,Centre Urbain Nord,12.0,3.0795,medium,medium,4
Maisons et Villas,4,2,200.0,600.0,Tunis,Autres villes,3.0,2.7789,low,large,0
Appartements,1,1,80.0,1300.0,Tunis,Carthage,16.25,3.1143,medium,medium,4
Appartements,1,1,70.0,250.0,Tunis,Autres villes,3.57,2.3997,very_low,medium,3
Colocations,3,2,100.0,200.0,Tunis,La Goulette,2.0,2.3032,very_low,medium,3
Appartements,3,1,400.0,120.0,Tunis,Autres villes,0.3,2.0828,very_low,extra_large,3
Appartements,3,2,95.0,600.0,Tunis,La Marsa,6.32,2.7789,low,medium,3
Appartements,3,2,190.0,800.0,Tunis,Autres villes,4.21,2.9036,medium,large,4
Maisons et Villas,3,2,200.0,800.0,Tunis,Autres villes,4.0,2.9036,medium,large,0
Appartements,1,1,65.0,400.0,Tunis,Cité El Khadra,6.15,2.6031,low,medium,3
Appartements,2,1,120.0,100.0,Tunis,L'aouina,0.83,2.0043,very_low,large,3
Locations de vacances,3,1,100.0,140.0,Tunis,Autres villes,1.4,2.1492,very_low,medium,3
"Magasins, Commerces et Locaux industriels",1,1,35.0,600.0,Tunis,Sidi Daoud,17.14,2.7789,low,small,0
Appartements,1,1,80.0,1600.0,Tunis,Carthage,20.0,3.2044,high,medium,4
Maisons et Villas,4,1,240.0,1400.0,Tunis,L'aouina,5.83,3.1464,medium,extra_large,0
Bureaux et Plateaux,2,2,55.0,900.0,Tunis,Le Kram,16.36,2.9547,medium,medium,4
Appartements,1,1,35.0,120.0,Tunis,Autres villes,3.43,2.0828,very_low,small,3
Maisons et Villas,3,1,130.0,1600.0,Tunis,Menzah,12.31,3.2044,high,large,0
Maisons et Villas,2,1,80.0,300.0,Tunis,Hraïria,3.75,2.4786,very_low,medium,0
Maisons et Villas,7,4,500.0,3200.0,Tunis,Carthage,6.4,3.5053,high,extra_large,0
Appartements,2,1,120.0,2100.0,Tunis,La Marsa,17.5,3.3224,high,large,4
Maisons et Villas,3,1,250.0,3000.0,Tunis,Carthage,12.0,3.4773,high,extra_large,0
Maisons et Villas,6,3,600.0,2000.0,Tunis,Menzah,3.33,3.3012,high,extra_large,0
Appartements,1,1,50.0,1700.0,Tunis,La Marsa,34.0,3.2307,high,small,4
Appartements,2,1,110.0,1100.0,Tunis,L'aouina,10.0,3.0418,medium,large,4
Appartements,1,1,60.0,1000.0,Tunis,L'aouina,16.67,3.0004,medium,medium,4
Appartements,2,1,42.0,600.0,Tunis,Centre Ville - Lafayette,14.29,2.7789,low,small,3
Bureaux et Plateaux,2,1,50.0,500.0,Tunis,Centre Ville - Lafayette,10.0,2.6998,low,small,3
"Magasins, Commerces et Locaux industriels",1,1,100.0,2000.0,Tunis,Autres villes,20.0,3.3012,high,medium,0
"Magasins, Commerces et Locaux industriels",1,1,180.0,3000.0,Tunis,L'aouina,16.67,3.4773,high,large,0
Bureaux et Plateaux,1,1,45.0,500.0,Tunis,Autres villes,11.11,2.6998,low,small,3
Maisons et Villas,4,1,120.0,620.0,Tunis,Autres villes,5.17,2.7931,low,large,0
Appartements,2,1,100.0,580.0,Tunis,El Ouardia,5.8,2.7642,low,medium,3
Appartements,2,1,85.0,420.0,Tunis,Autres villes,4.94,2.6243,low,medium,3
Maisons et Villas,5,2,170.0,1500.0,Tunis,La Marsa,8.82,3.1764,medium,large,0
Appartements,3,1,110.0,530.0,Tunis,Ettahrir,4.82,2.7251,low,large,3
Appartements,1,1,90.0,150.0,Tunis,Autres villes,1.67,2.179,very_low,medium,3
Maisons et Villas,3,2,450.0,3500.0,Tunis,La Marsa,7.78,3.5442,high,extra_large,0
Maisons et Villas,1,1,900.0,60.0,Tunis,Autres villes,0.07,1.7853,very_low,extra_large,0
Appartements,1,1,90.0,1400.0,Tunis,La Marsa,15.56,3.1464,medium,medium,4
Appartements,2,2,120.0,1400.0,Tunis,Menzah,11.67,3.1464,medium,large,4
Appartements,2,1,200.0,1800.0,Tunis,Menzah,9.0,3.2555,high,large,4
Appartements,3,1,125.0,1200.0,Tunis,La Marsa,9.6,3.0795,medium,large,4
Appartements,2,2,155.0,1500.0,Tunis,La Marsa,9.68,3.1764,medium,large,4
Appartements,1,1,60.0,1700.0,Tunis,La Marsa,28.33,3.2307,high,medium,4
Appartements,2,1,49.0,300.0,Tunis,Autres villes,6.12,2.4786,very_low,small,3
Maisons et Villas,3,2,250.0,3000.0,Tunis,Manar,12.0,3.4773,high,extra_large,0
Appartements,2,1,135.0,2500.0,Tunis,Autres villes,18.52,3.3981,high,large,4
Appartements,3,2,140.0,1500.0,Tunis,Tunis,10.71,3.1764,medium,large,4
Appartements,3,1,150.0,1100.0,Tunis,Menzah,7.33,3.0418,medium,large,4
"Magasins, Commerces et Locaux industriels",1,0,21.0,650.0,Tunis,La Marsa,30.95,2.8136,low,small,0
Appartements,3,1,110.0,800.0,Tunis,La Marsa,7.27,2.9036,medium,large,4
Appartements,2,2,120.0,2500.0,Tunis,La Marsa,20.83,3.3981,high,large,4
"Magasins, Commerces et Locaux industriels",1,1,90.0,4000.0,Tunis,Le Bardo,44.44,3.6022,high,medium,0
Appartements,1,1,60.0,1700.0,Tunis,Autres villes,28.33,3.2307,high,medium,4
Appartements,2,2,136.0,1400.0,Tunis,La Marsa,10.29,3.1464,medium,large,4
Appartements,1,1,90.0,1000.0,Tunis,La Marsa,11.11,3.0004,medium,medium,4
Maisons et Villas,3,2,200.0,1800.0,Tunis,Menzah,9.0,3.2555,high,large,0
Maisons et Villas,5,2,180.0,2000.0,Tunis,El Omrane supérieur,11.11,3.3012,high,large,0
Appartements,3,1,120.0,750.0,Tunis,La Marsa,6.25,2.8756,medium,large,4
Maisons et Villas,2,1,100.0,300.0,Tunis,Autres villes,3.0,2.4786,very_low,medium,0
Appartements,2,1,80.0,90.0,Tunis,L'aouina,1.12,1.959,very_low,medium,3
Appartements,1,1,100.0,120.0,Tunis,L'aouina,1.2,2.0828,very_low,medium,3
Appartements,1,1,50.0,400.0,Tunis,Manar,8.0,2.6031,low,small,3
Appartements,3,1,80.0,490.0,Tunis,Le Bardo,6.12,2.6911,low,medium,3
Appartements,2,1,90.0,800.0,Tunis,L'aouina,8.89,2.9036,medium,medium,4
Maisons et Villas,3,3,500.0,1700.0,Tunis,L'aouina,3.4,3.2307,high,extra_large,0
Appartements,2,3,120.0,2200.0,Tunis,Autres villes,18.33,3.3426,high,large,4
Maisons et Villas,6,4,400.0,2000.0,Tunis,Menzah,5.0,3.3012,high,extra_large,0
Appartements,2,1,140.0,2600.0,Tunis,L'aouina,18.57,3.4151,high,large,4
Appartements,1,1,90.0,950.0,Tunis,L'aouina,10.56,2.9782,medium,medium,4
Appartements,2,1,107.0,1000.0,Tunis,L'aouina,9.35,3.0004,medium,large,4
Appartements,2,1,80.0,110.0,Tunis,Autres villes,1.38,2.0453,very_low,medium,3
Appartements,2,2,120.0,1300.0,Tunis,Carthage,10.83,3.1143,medium,large,4
Appartements,3,1,30.0,180.0,Tunis,El Omrane supérieur,6.0,2.2577,very_low,small,3
Appartements,2,1,80.0,85.0,Tunis,L'aouina,1.06,1.9345,very_low,medium,3
Appartements,3,1,120.0,350.0,Tunis,Sidi Hassine,2.92,2.5453,low,large,3
Appartements,2,1,80.0,90.0,Tunis,L'aouina,1.12,1.959,very_low,medium,3
Appartements,1,1,80.0,150.0,Tunis,Autres villes,1.88,2.179,very_low,medium,3
Maisons et Villas,2,1,80.0,600.0,Tunis,Le Bardo,7.5,2.7789,low,medium,0
Appartements,2,1,150.0,350.0,Tunis,Autres villes,2.33,2.5453,low,large,3
Maisons et Villas,3,1,100.0,300.0,Tunis,Autres villes,3.0,2.4786,very_low,medium,0
"Magasins, Commerces et Locaux industriels",1,1,50.0,2500.0,Tunis,Menzah,50.0,3.3981,high,small,0
Appartements,4,2,150.0,2200.0,Tunis,La Marsa,14.67,3.3426,high,large,4
Maisons et Villas,2,1,200.0,1800.0,Tunis,Menzah,9.0,3.2555,high,large,0
Colocations,2,1,80.0,250.0,Tunis,Menzah,3.12,2.3997,very_low,medium,3
Appartements,1,1,50.0,700.0,Tunis,Mutuelleville,14.0,2.8457,low,small,3
Appartements,1,1,70.0,1800.0,Tunis,La Marsa,25.71,3.2555,high,medium,4
Appartements,2,1,60.0,650.0,Tunis,Tunis,10.83,2.8136,low,medium,3
Colocations,1,1,162.0,200.0,Tunis,Autres villes,1.23,2.3032,very_low,large,3
Appartements,2,1,120.0,700.0,Tunis,Autres villes,5.83,2.8457,low,large,3
"Magasins, Commerces et Locaux industriels",1,1,40.0,900.0,Tunis,Autres villes,22.5,2.9547,medium,small,0
Appartements,3,1,75.0,650.0,Tunis,Autres villes,8.67,2.8136,low,medium,3
Appartements,1,1,55.0,1600.0,Tunis,La Marsa,29.09,3.2044,high,medium,4
Appartements,2,1,100.0,300.0,Tunis,Ezzouhour,3.0,2.4786,very_low,medium,3
Appartements,2,1,70.0,380.0,Tunis,Cité El Khadra,5.43,2.5809,low,medium,3
Appartements,2,1,100.0,950.0,Tunis,L'aouina,9.5,2.9782,medium,medium,4
Appartements,3,1,90.0,750.0,Tunis,Manar,8.33,2.8756,medium,medium,4
Locations de vacances,2,1,120.0,70.0,Tunis,La Marsa,0.58,1.8513,very_low,large,3
Appartements,3,2,165.0,1800.0,Tunis,Autres villes,10.91,3.2555,high,large,4
Appartements,2,2,120.0,2500.0,Tunis,Autres villes,20.83,3.3981,high,large,4
Maisons et Villas,3,3,300.0,3500.0,Tunis,Menzah,11.67,3.5442,high,extra_large,0
Bureaux et Plateaux,2,2,80.0,300.0,Tunis,Carthage,3.75,2.4786,very_low,medium,3
Appartements,3,1,130.0,1350.0,Tunis,Menzah,10.38,3.1307,medium,large,4
Appartements,2,1,110.0,1300.0,Tunis,Autres villes,11.82,3.1143,medium,large,4
Colocations,3,1,100.0,110.0,Tunis,El Omrane supérieur,1.1,2.0453,very_low,medium,3
Appartements,1,1,53.0,1500.0,Tunis,L'aouina,28.3,3.1764,medium,medium,4
Maisons et Villas,3,1,150.0,450.0,Tunis,Sidi El Béchir,3.0,2.6542,low,large,0
Appartements,1,1,90.0,1100.0,Tunis,Le Kram,12.22,3.0418,medium,medium,4
Appartements,3,2,200.0,4000.0,Tunis,La Marsa,20.0,3.6022,high,large,4
Appartements,2,1,107.0,1000.0,Tunis,La Marsa,9.35,3.0004,medium,large,4
Appartements,3,2,120.0,900.0,Tunis,L'aouina,7.5,2.9547,medium,large,4
Appartements,1,1,100.0,950.0,Tunis,L'aouina,9.5,2.9782,medium,medium,4
Appartements,1,1,90.0,950.0,Tunis,L'aouina,10.56,2.9782,medium,medium,4
Appartements,3,2,122.0,1025.0,Tunis,Menzah,8.4,3.0111,medium,large,4
Maisons et Villas,4,3,190.0,2100.0,Tunis,La Marsa,11.05,3.3224,high,large,0
Maisons et Villas,4,2,220.0,1400.0,Tunis,L'aouina,6.36,3.1464,medium,extra_large,0
Appartements,1,1,75.0,1300.0,Tunis,La Marsa,17.33,3.1143,medium,medium,4
Appartements,2,2,145.0,1500.0,Tunis,La Marsa,10.34,3.1764,medium,large,4
Appartements,4,2,150.0,1500.0,Tunis,La Marsa,10.0,3.1764,medium,large,4
"Magasins, Commerces et Locaux industriels",2,2,120.0,3200.0,Tunis,Sidi Daoud,26.67,3.5053,high,large,0
Maisons et Villas,4,1,140.0,750.0,Tunis,Le Bardo,5.36,2.8756,medium,large,0
Bureaux et Plateaux,1,1,70.0,1300.0,Tunis,Menzah,18.57,3.1143,medium,medium,4
Appartements,3,1,115.0,1490.0,Tunis,Autres villes,12.96,3.1735,medium,large,4
Appartements,1,1,60.0,750.0,Tunis,Autres villes,12.5,2.8756,medium,medium,4
Appartements,2,1,70.0,1234.0,Tunis,El Omrane supérieur,17.63,3.0917,medium,medium,4
Maisons et Villas,4,1,130.0,850.0,Tunis,Autres villes,6.54,2.9299,medium,large,0
Appartements,3,1,100.0,70.0,Tunis,La Marsa,0.7,1.8513,very_low,medium,3
Maisons et Villas,4,1,113.0,650.0,Tunis,El Omrane supérieur,5.75,2.8136,low,large,0
Bureaux et Plateaux,1,2,400.0,4000.0,Tunis,Le Kram,10.0,3.6022,high,extra_large,4
Appartements,1,1,89.0,120.0,Tunis,Autres villes,1.35,2.0828,very_low,medium,3
Locations de vacances,1,1,70.0,80.0,Tunis,Menzah,1.14,1.9085,very_low,medium,3
Appartements,3,1,120.0,1370.0,Tunis,La Marsa,11.42,3.137,medium,large,4
Bureaux et Plateaux,9,3,800.0,3900.0,Tunis,Manar,4.88,3.5912,high,extra_large,4
Appartements,3,1,150.0,800.0,Tunis,La Marsa,5.33,2.9036,medium,large,4
Maisons et Villas,2,1,80.0,600.0,Tunis,Menzah,7.5,2.7789,low,medium,0
Appartements,3,1,96.0,1050.0,Tunis,La Marsa,10.94,3.0216,medium,medium,4
Maisons et Villas,4,2,150.0,1600.0,Tunis,Menzah,10.67,3.2044,high,large,0
Appartements,2,1,150.0,1200.0,Tunis,La Marsa,8.0,3.0795,medium,large,4
Maisons et Villas,4,1,150.0,1600.0,Tunis,Menzah,10.67,3.2044,high,large,0
Maisons et Villas,4,2,250.0,620.0,Tunis,Autres villes,2.48,2.7931,low,extra_large,0
Maisons et Villas,4,2,150.0,1000.0,Tunis,Menzah,6.67,3.0004,medium,large,0
Appartements,2,1,100.0,900.0,Tunis,Tunis,9.0,2.9547,medium,medium,4
Appartements,2,1,65.0,600.0,Tunis,Menzah,9.23,2.7789,low,medium,3
Appartements,2,1,100.0,700.0,Tunis,Le Bardo,7.0,2.8457,low,medium,3
Appartements,3,2,150.0,1500.0,Tunis,La Marsa,10.0,3.1764,medium,large,4
Appartements,3,2,180.0,2200.0,Tunis,La Marsa,12.22,3.3426,high,large,4
Appartements,2,1,50.0,500.0,Tunis,Menzah,10.0,2.6998,low,small,3
Appartements,2,1,45.0,420.0,Tunis,El Ouardia,9.33,2.6243,low,small,3
Appartements,3,1,110.0,530.0,Tunis,El Ouardia,4.82,2.7251,low,large,3
Appartements,2,2,120.0,1500.0,Tunis,L'aouina,12.5,3.1764,medium,large,4
Appartements,1,1,320.0,2500.0,Tunis,La Marsa,7.81,3.3981,high,extra_large,4
Appartements,2,1,55.0,350.0,Tunis,El Omrane,6.36,2.5453,low,medium,3
"Magasins, Commerces et Locaux industriels",1,0,200.0,600.0,Tunis,Autres villes,3.0,2.7789,low,large,0
Appartements,4,2,160.0,1050.0,Tunis,L'aouina,6.56,3.0216,medium,large,4
Appartements,3,1,80.0,400.0,Tunis,El Ouardia,5.0,2.6031,low,medium,3
Maisons et Villas,3,1,150.0,950.0,Tunis,Le Bardo,6.33,2.9782,medium,large,0
Appartements,2,2,180.0,1200.0,Tunis,La Marsa,6.67,3.0795,medium,large,4
Maisons et Villas,3,1,160.0,1000.0,Tunis,Le Bardo,6.25,3.0004,medium,large,0
Appartements,2,1,150.0,2500.0,Tunis,La Marsa,16.67,3.3981,high,large,4
Appartements,2,1,70.0,140.0,Tunis,L'aouina,2.0,2.1492,very_low,medium,3
"Magasins, Commerces et Locaux industriels",1,1,300.0,1800.0,Tunis,La Marsa,6.0,3.2555,high,extra_large,0
Appartements,1,1,60.0,90.0,Tunis,L'aouina,1.5,1.959,very_low,medium,3
Appartements,1,1,100.0,600.0,Tunis,Autres villes,6.0,2.7789,low,medium,3
Maisons et Villas,2,1,70.0,500.0,Tunis,Sidi Bou Said,7.14,2.6998,low,medium,0
